,event_id,name,date,time,multi_day_event,legal_age_enforced,category_segment,category_genre,category_sub_genre,all_inclusive_pricing,venue_id,venue_name,address,postcode,city,longitude,latitude,markets,markets_id,url
0,17u8v0G6Cr7i1p0,Philadelphia Eagles v Jacksonville Jaguars,2026-10-11,14:30:00,False,False,Sports,Football,NFL,False,KovZ9177OxV,Tottenham Hotspur Stadium,782 High Rd,N17 0BX,London,-0.06787000,51.60081900,All of United Kingdom,201,https://www.eticketing.co.uk/nfl-tottenham?utm_source=Ticketmaster&utm_medium=Shell-Event&utm_campaign=cl:NFL-chl:Shell-Event-v.eagles-jaguars
1,17FYv0G65mKlspy,NFL London 2026: Houston Texans v Jacksonville Jaguars,2026-10-18,14:30:00,False,False,Sports,Football,NFL,False,KovZ9177ML0,Wembley Stadium,Wembley,HA9 0WS,London,-0.27958100,51.55780700,All of United Kingdom,201,https://www.eticketing.co.uk/jaguars/EDP/Event/Index/39?utm_source=Ticketmaster&utm_medium=Shell-Event&utm_campaign=cl:JAGS-chl:Shell-Event-v.Texans
2,17u8v0G6CksBAD4,JAY-Z - 30,2026-09-04,17:00:00,False,False,Music,Hip-Hop/Rap,Trap,False,KovZ9177OxV,Tottenham Hotspur Stadium,782 High Rd,N17 0BX,London,-0.06787000,51.60081900,All of United Kingdom,201,https://www.ticketmaster.co.uk/jayz-30-london-04-09-2026/event/350064E1B1E85ED5
3,17u8v0G6Cr7i1px,Indianapolis Colts v Washington Commanders,2026-10-04,14:30:00,False,False,Sports,Football,NFL,False,KovZ9177OxV,Tottenham Hotspur Stadium,782 High Rd,N17 0BX,London,-0.06787000,51.60081900,All of United Kingdom,201,https://www.eticketing.co.uk/nfl-tottenham?utm_source=Ticketmaster&utm_medium=Shell-Event&utm_campaign=cl:NFL-chl:Shell-Event-v.colts-commanders
4,1AdjZbsGkiuENAI,Harry Potter and the Cursed Child - Parts 1 & 2 Fri 14:00 & 19:00,2026-07-10,14:00:00,False,False,Arts & Theatre,Theatre,Drama,False,KovZ9177gU0,Palace Theatre,"Cambridge Circus, Shaftesbury Avenue",W1D 8AY,London,-0.12970730,51.51316680,All of United Kingdom,201,https://theatre.ticketmaster.co.uk/book/17YYA-harry-potter-and-the-cursed-child/#perf=17YYA-792&date=2026-07-10&time=2.00PM
5,1AdjZbsGkiuENkJ,Harry Potter and the Cursed Child - Parts 1 & 2 Sat 14:00 & 19:00,2026-07-11,14:00:00,False,False,Arts & Theatre,Theatre,Drama,False,KovZ9177gU0,Palace Theatre,"Cambridge Circus, Shaftesbury Avenue",W1D 8AY,London,-0.12970730,51.51316680,All of United Kingdom,201,https://theatre.ticketmaster.co.uk/book/17YYA-harry-potter-and-the-cursed-child/#perf=17YYA-794&date=2026-07-11&time=2.00PM
6,1AdjZbsGkiuEN6j,Harry Potter and the Cursed Child - Parts 1 & 2 Sun 13:00 & 18:00,2026-07-12,13:00:00,False,False,Arts & Theatre,Theatre,Drama,False,KovZ9177gU0,Palace Theatre,"Cambridge Circus, Shaftesbury Avenue",W1D 8AY,London,-0.12970730,51.51316680,All of United Kingdom,201,https://theatre.ticketmaster.co.uk/book/17YYA-harry-potter-and-the-cursed-child/#perf=17YYA-796&date=2026-07-12&time=1.00PM
7,1AdjZbsGkiuEN60,Harry Potter and the Cursed Child - Parts 1 & 2 Wed 14:00 & 19:00,2026-07-15,14:00:00,False,False,Arts & Theatre,Theatre,Drama,False,KovZ9177gU0,Palace Theatre,"Cambridge Circus, Shaftesbury Avenue",W1D 8AY,London,-0.12970730,51.51316680,All of United Kingdom,201,https://theatre.ticketmaster.co.uk/book/17YYA-harry-potter-and-the-cursed-child/#perf=17YYA-798&date=2026-07-15&time=2.00PM
8,1AdjZbsGkiuEN6w,Harry Potter and the Cursed Child - Parts 1 & 2 Fri 14:00 & 19:00,2026-07-17,14:00:00,False,False,Arts & Theatre,Theatre,Drama,False,KovZ9177gU0,Palace Theatre,"Cambridge Circus, Shaftesbury Avenue",W1D 8AY,London,-0.12970730,51.51316680,All of United Kingdom,201,https://theatre.ticketmaster.co.uk/book/17YYA-harry-potter-and-the-cursed-child/#perf=17YYA-79A&date=2026-07-17&time=2.00PM
9,1AdjZbsGkiuEN6z,Harry Potter and the Cursed Child - Parts 1 & 2 Sat 14:00 & 19:00,2026-07-18,14:00:00,False,False,Arts & Theatre,Theatre,Drama,False,KovZ9177gU0,Palace Theatre,"Cambridge Circus, Shaftesbury Avenue",W1D 8AY,London,-0.12970730,51.51316680,All of United Kingdom,201,https://theatre.ticketmaster.co.uk/book/17YYA-harry-potter-and-the-cursed-child/#perf=17YYA-79C&date=2026-07-18&time=2.00PM
10,1AdjZbsGkiuEN6T,Harry Potter and the Cursed Child - Parts 1 & 2 Sun 13:00 & 18:00,2026-07-19,13:00:00,False,False,Arts & Theatre,Theatre,Drama,False,KovZ9177gU0,Palace Theatre,"Cambridge Circus, Shaftesbury Avenue",W1D 8AY,London,-0.12970730,51.51316680,All of United Kingdom,201,https://theatre.ticketmaster.co.uk/book/17YYA-harry-potter-and-the-cursed-child/#perf=17YYA-79E&date=2026-07-19&time=1.00PM
11,1AdjZbsGkiuESFd,Harry Potter and the Cursed Child - Parts 1 & 2 Wed 14:00 & 19:00,2026-07-22,14:00:00,False,False,Arts & Theatre,Theatre,Drama,False,KovZ9177gU0,Palace Theatre,"Cambridge Circus, Shaftesbury Avenue",W1D 8AY,London,-0.12970730,51.51316680,All of United Kingdom,201,https://theatre.ticketmaster.co.uk/book/17YYA-harry-potter-and-the-cursed-child/#perf=17YYA-79G&date=2026-07-22&time=2.00PM
12,1AdjZbsGkiuESFu,Harry Potter and the Cursed Child - Parts 1 & 2 Fri 14:00 & 19:00,2026-07-24,14:00:00,False,False,Arts & Theatre,Theatre,Drama,False,KovZ9177gU0,Palace Theatre,"Cambridge Circus, Shaftesbury Avenue",W1D 8AY,London,-0.12970730,51.51316680,All of United Kingdom,201,https://theatre.ticketmaster.co.uk/book/17YYA-harry-potter-and-the-cursed-child/#perf=17YYA-79I&date=2026-07-24&time=2.00PM
13,1AdjZbsGkiuESF9,Harry Potter and the Cursed Child - Parts 1 & 2 Sat 14:00 & 19:00,2026-07-25,14:00:00,False,False,Arts & Theatre,Theatre,Drama,False,KovZ9177gU0,Palace Theatre,"Cambridge Circus, Shaftesbury Avenue",W1D 8AY,London,-0.12970730,51.51316680,All of United Kingdom,201,https://theatre.ticketmaster.co.uk/book/17YYA-harry-potter-and-the-cursed-child/#perf=17YYA-79K&date=2026-07-25&time=2.00PM
14,1AdjZbsGkiuESFL,Harry Potter and the Cursed Child - Parts 1 & 2 Sun 13:00 & 18:00,2026-07-26,13:00:00,False,False,Arts & Theatre,Theatre,Drama,False,KovZ9177gU0,Palace Theatre,"Cambridge Circus, Shaftesbury Avenue",W1D 8AY,London,-0.12970730,51.51316680,All of United Kingdom,201,https://theatre.ticketmaster.co.uk/book/17YYA-harry-potter-and-the-cursed-child/#perf=17YYA-79M&date=2026-07-26&time=1.00PM
15,1AdjZ_dGkzW6Ifq,Harry Potter and the Cursed Child - Parts 1 & 2 Sat 14:00 & 19:00,2026-08-01,14:00:00,False,False,Arts & Theatre,Theatre,Drama,False,KovZ9177gU0,Palace Theatre,"Cambridge Circus, Shaftesbury Avenue",W1D 8AY,London,-0.12970730,51.51316680,All of United Kingdom,201,https://theatre.ticketmaster.co.uk/book/17YYA-harry-potter-and-the-cursed-child/#perf=17YYA-79U&date=2026-08-01&time=2.00PM
16,1AdjZ_dGkzW4bfc,Harry Potter and the Cursed Child - Parts 1 & 2 Sun 13:00 & 18:00,2026-08-02,13:00:00,False,False,Arts & Theatre,Theatre,Drama,False,KovZ9177gU0,Palace Theatre,"Cambridge Circus, Shaftesbury Avenue",W1D 8AY,London,-0.12970730,51.51316680,All of United Kingdom,201,https://theatre.ticketmaster.co.uk/book/17YYA-harry-potter-and-the-cursed-child/#perf=17YYA-79W&date=2026-08-02&time=1.00PM
17,1AdjZ_dGkzWNF4k,Harry Potter and the Cursed Child - Parts 1 & 2 Wed 14:00 & 19:00,2026-08-05,14:00:00,False,False,Arts & Theatre,Theatre,Drama,False,KovZ9177gU0,Palace Theatre,"Cambridge Circus, Shaftesbury Avenue",W1D 8AY,London,-0.12970730,51.51316680,All of United Kingdom,201,https://theatre.ticketmaster.co.uk/book/17YYA-harry-potter-and-the-cursed-child/#perf=17YYA-79Y&date=2026-08-05&time=2.00PM
18,1AdjZ_dGkzWYz4K,Harry Potter and the Cursed Child - Parts 1 & 2 Fri 14:00 & 19:00,2026-08-07,14:00:00,False,False,Arts & Theatre,Theatre,Drama,False,KovZ9177gU0,Palace Theatre,"Cambridge Circus, Shaftesbury Avenue",W1D 8AY,London,-0.12970730,51.51316680,All of United Kingdom,201,https://theatre.ticketmaster.co.uk/book/17YYA-harry-potter-and-the-cursed-child/#perf=17YYA-800&date=2026-08-07&time=2.00PM
19,1AdjZ_dGkzWXI4q,Harry Potter and the Cursed Child - Parts 1 & 2 Sat 14:00 & 19:00,2026-08-08,14:00:00,False,False,Arts & Theatre,Theatre,Drama,False,KovZ9177gU0,Palace Theatre,"Cambridge Circus, Shaftesbury Avenue",W1D 8AY,London,-0.12970730,51.51316680,All of United Kingdom,201,https://theatre.ticketmaster.co.uk/book/17YYA-harry-potter-and-the-cursed-child/#perf=17YYA-802&date=2026-08-08&time=2.00PM
20,1AdjZ_dGkzXGb4M,Harry Potter and the Cursed Child - Parts 1 & 2 Sun 13:00 & 18:00,2026-08-09,13:00:00,False,False,Arts & Theatre,Theatre,Drama,False,KovZ9177gU0,Palace Theatre,"Cambridge Circus, Shaftesbury Avenue",W1D 8AY,London,-0.12970730,51.51316680,All of United Kingdom,201,https://theatre.ticketmaster.co.uk/book/17YYA-harry-potter-and-the-cursed-child/#perf=17YYA-804&date=2026-08-09&time=1.00PM
21,1AdjZ_dGkzX_zpv,Harry Potter and the Cursed Child - Parts 1 & 2 Wed 14:00 & 19:00,2026-08-12,14:00:00,False,False,Arts & Theatre,Theatre,Drama,False,KovZ9177gU0,Palace Theatre,"Cambridge Circus, Shaftesbury Avenue",W1D 8AY,London,-0.12970730,51.51316680,All of United Kingdom,201,https://theatre.ticketmaster.co.uk/book/17YYA-harry-potter-and-the-cursed-child/#perf=17YYA-806&date=2026-08-12&time=2.00PM
22,1AdjZ_dGkzXEIp8,Harry Potter and the Cursed Child - Parts 1 & 2 Fri 14:00 & 19:00,2026-08-14,14:00:00,False,False,Arts & Theatre,Theatre,Drama,False,KovZ9177gU0,Palace Theatre,"Cambridge Circus, Shaftesbury Avenue",W1D 8AY,London,-0.12970730,51.51316680,All of United Kingdom,201,https://theatre.ticketmaster.co.uk/book/17YYA-harry-potter-and-the-cursed-child/#perf=17YYA-808&date=2026-08-14&time=2.00PM
23,1AdjZ_dGkzXgIpp,Harry Potter and the Cursed Child - Parts 1 & 2 Sat 14:00 & 19:00,2026-08-15,14:00:00,False,False,Arts & Theatre,Theatre,Drama,False,KovZ9177gU0,Palace Theatre,"Cambridge Circus, Shaftesbury Avenue",W1D 8AY,London,-0.12970730,51.51316680,All of United Kingdom,201,https://theatre.ticketmaster.co.uk/book/17YYA-harry-potter-and-the-cursed-child/#perf=17YYA-80A&date=2026-08-15&time=2.00PM
24,1AdjZ_dGkzTdF9a,Harry Potter and the Cursed Child - Parts 1 & 2 Sun 13:00 & 18:00,2026-08-16,13:00:00,False,False,Arts & Theatre,Theatre,Drama,False,KovZ9177gU0,Palace Theatre,"Cambridge Circus, Shaftesbury Avenue",W1D 8AY,London,-0.12970730,51.51316680,All of United Kingdom,201,https://theatre.ticketmaster.co.uk/book/17YYA-harry-potter-and-the-cursed-child/#perf=17YYA-80C&date=2026-08-16&time=1.00PM
25,1AdjZ_dGkzT8z9f,Harry Potter and the Cursed Child - Parts 1 & 2 Wed 14:00 & 19:00,2026-08-19,14:00:00,False,False,Arts & Theatre,Theatre,Drama,False,KovZ9177gU0,Palace Theatre,"Cambridge Circus, Shaftesbury Avenue",W1D 8AY,London,-0.12970730,51.51316680,All of United Kingdom,201,https://theatre.ticketmaster.co.uk/book/17YYA-harry-potter-and-the-cursed-child/#perf=17YYA-80E&date=2026-08-19&time=2.00PM
26,1AdjZ_dGkzTrI9r,Harry Potter and the Cursed Child - Parts 1 & 2 Fri 14:00 & 19:00,2026-08-21,14:00:00,False,False,Arts & Theatre,Theatre,Drama,False,KovZ9177gU0,Palace Theatre,"Cambridge Circus, Shaftesbury Avenue",W1D 8AY,London,-0.12970730,51.51316680,All of United Kingdom,201,https://theatre.ticketmaster.co.uk/book/17YYA-harry-potter-and-the-cursed-child/#perf=17YYA-80G&date=2026-08-21&time=2.00PM
27,1AdjZ_dGkzTiI90,Harry Potter and the Cursed Child - Parts 1 & 2 Sat 14:00 & 19:00,2026-08-22,14:00:00,False,False,Arts & Theatre,Theatre,Drama,False,KovZ9177gU0,Palace Theatre,"Cambridge Circus, Shaftesbury Avenue",W1D 8AY,London,-0.12970730,51.51316680,All of United Kingdom,201,https://theatre.ticketmaster.co.uk/book/17YYA-harry-potter-and-the-cursed-child/#perf=17YYA-80I&date=2026-08-22&time=2.00PM
28,1AdjZ_dGkzTBbbF,Harry Potter and the Cursed Child - Parts 1 & 2 Sun 13:00 & 18:00,2026-08-23,13:00:00,False,False,Arts & Theatre,Theatre,Drama,False,KovZ9177gU0,Palace Theatre,"Cambridge Circus, Shaftesbury Avenue",W1D 8AY,London,-0.12970730,51.51316680,All of United Kingdom,201,https://theatre.ticketmaster.co.uk/book/17YYA-harry-potter-and-the-cursed-child/#perf=17YYA-80K&date=2026-08-23&time=1.00PM
29,1AdjZ_dGkyZFF_N,Harry Potter and the Cursed Child - Parts 1 & 2 Wed 14:00 & 19:00,2026-08-26,14:00:00,False,False,Arts & Theatre,Theatre,Drama,False,KovZ9177gU0,Palace Theatre,"Cambridge Circus, Shaftesbury Avenue",W1D 8AY,London,-0.12970730,51.51316680,All of United Kingdom,201,https://theatre.ticketmaster.co.uk/book/17YYA-harry-potter-and-the-cursed-child/#perf=17YYA-80M&date=2026-08-26&time=2.00PM
30,1AdjZ_dGkyZ4zQ7,Harry Potter and the Cursed Child - Parts 1 & 2 Fri 14:00 & 19:00,2026-08-28,14:00:00,False,False,Arts & Theatre,Theatre,Drama,False,KovZ9177gU0,Palace Theatre,"Cambridge Circus, Shaftesbury Avenue",W1D 8AY,London,-0.12970730,51.51316680,All of United Kingdom,201,https://theatre.ticketmaster.co.uk/book/17YYA-harry-potter-and-the-cursed-child/#perf=17YYA-80O&date=2026-08-28&time=2.00PM
31,1AdjZ_dGkyZNbQO,Harry Potter and the Cursed Child - Parts 1 & 2 Sat 14:00 & 19:00,2026-08-29,14:00:00,False,False,Arts & Theatre,Theatre,Drama,False,KovZ9177gU0,Palace Theatre,"Cambridge Circus, Shaftesbury Avenue",W1D 8AY,London,-0.12970730,51.51316680,All of United Kingdom,201,https://theatre.ticketmaster.co.uk/book/17YYA-harry-potter-and-the-cursed-child/#perf=17YYA-80Q&date=2026-08-29&time=2.00PM
32,1AdjZ_dGkyZsFQV,Harry Potter and the Cursed Child - Parts 1 & 2 Sun 13:00 & 18:00,2026-08-30,13:00:00,False,False,Arts & Theatre,Theatre,Drama,False,KovZ9177gU0,Palace Theatre,"Cambridge Circus, Shaftesbury Avenue",W1D 8AY,London,-0.12970730,51.51316680,All of United Kingdom,201,https://theatre.ticketmaster.co.uk/book/17YYA-harry-potter-and-the-cursed-child/#perf=17YYA-80S&date=2026-08-30&time=1.00PM
33,1AdjZ_dGkyZXIhb,Harry Potter and the Cursed Child - Parts 1 & 2 Wed 14:00 & 19:00,2026-09-02,14:00:00,False,False,Arts & Theatre,Theatre,Drama,False,KovZ9177gU0,Palace Theatre,"Cambridge Circus, Shaftesbury Avenue",W1D 8AY,London,-0.12970730,51.51316680,All of United Kingdom,201,https://theatre.ticketmaster.co.uk/book/17YYA-harry-potter-and-the-cursed-child/#perf=17YYA-80U&date=2026-09-02&time=2.00PM
34,1AdjZ_dGkyvGbj-,Harry Potter and the Cursed Child - Parts 1 & 2 Fri 14:00 & 19:00,2026-09-04,14:00:00,False,False,Arts & Theatre,Theatre,Drama,False,KovZ9177gU0,Palace Theatre,"Cambridge Circus, Shaftesbury Avenue",W1D 8AY,London,-0.12970730,51.51316680,All of United Kingdom,201,https://theatre.ticketmaster.co.uk/book/17YYA-harry-potter-and-the-cursed-child/#perf=17YYA-80W&date=2026-09-04&time=2.00PM
35,1AdjZ_dGkyvQbjY,Harry Potter and the Cursed Child - Parts 1 & 2 Sat 14:00 & 19:00,2026-09-05,14:00:00,False,False,Arts & Theatre,Theatre,Drama,False,KovZ9177gU0,Palace Theatre,"Cambridge Circus, Shaftesbury Avenue",W1D 8AY,London,-0.12970730,51.51316680,All of United Kingdom,201,https://theatre.ticketmaster.co.uk/book/17YYA-harry-potter-and-the-cursed-child/#perf=17YYA-80Y&date=2026-09-05&time=2.00PM
36,1AdjZ_dGkyvIFjB,Harry Potter and the Cursed Child - Parts 1 & 2 Sun 13:00 & 18:00,2026-09-06,13:00:00,False,False,Arts & Theatre,Theatre,Drama,False,KovZ9177gU0,Palace Theatre,"Cambridge Circus, Shaftesbury Avenue",W1D 8AY,London,-0.12970730,51.51316680,All of United Kingdom,201,https://theatre.ticketmaster.co.uk/book/17YYA-harry-potter-and-the-cursed-child/#perf=17YYA-810&date=2026-09-06&time=1.00PM
37,1AdjZ_dGkyvgIq3,Harry Potter and the Cursed Child - Parts 1 & 2 Wed 14:00 & 19:00,2026-09-09,14:00:00,False,False,Arts & Theatre,Theatre,Drama,False,KovZ9177gU0,Palace Theatre,"Cambridge Circus, Shaftesbury Avenue",W1D 8AY,London,-0.12970730,51.51316680,All of United Kingdom,201,https://theatre.ticketmaster.co.uk/book/17YYA-harry-potter-and-the-cursed-child/#perf=17YYA-812&date=2026-09-09&time=2.00PM
38,1AdjZ_dGkyedbqL,Harry Potter and the Cursed Child - Parts 1 & 2 Fri 14:00 & 19:00,2026-09-11,14:00:00,False,False,Arts & Theatre,Theatre,Drama,False,KovZ9177gU0,Palace Theatre,"Cambridge Circus, Shaftesbury Avenue",W1D 8AY,London,-0.12970730,51.51316680,All of United Kingdom,201,https://theatre.ticketmaster.co.uk/book/17YYA-harry-potter-and-the-cursed-child/#perf=17YYA-814&date=2026-09-11&time=2.00PM
39,1AdjZ_dGkyeoFqn,Harry Potter and the Cursed Child - Parts 1 & 2 Sat 14:00 & 19:00,2026-09-12,14:00:00,False,False,Arts & Theatre,Theatre,Drama,False,KovZ9177gU0,Palace Theatre,"Cambridge Circus, Shaftesbury Avenue",W1D 8AY,London,-0.12970730,51.51316680,All of United Kingdom,201,https://theatre.ticketmaster.co.uk/book/17YYA-harry-potter-and-the-cursed-child/#perf=17YYA-816&date=2026-09-12&time=2.00PM
40,1AdjZ_dGkyerzrd,Harry Potter and the Cursed Child - Parts 1 & 2 Sun 13:00 & 18:00,2026-09-13,13:00:00,False,False,Arts & Theatre,Theatre,Drama,False,KovZ9177gU0,Palace Theatre,"Cambridge Circus, Shaftesbury Avenue",W1D 8AY,London,-0.12970730,51.51316680,All of United Kingdom,201,https://theatre.ticketmaster.co.uk/book/17YYA-harry-potter-and-the-cursed-child/#perf=17YYA-818&date=2026-09-13&time=1.00PM
41,1AdjZ_dGkyeiIr2,Harry Potter and the Cursed Child - Parts 1 & 2 Wed 14:00 & 19:00,2026-09-16,14:00:00,False,False,Arts & Theatre,Theatre,Drama,False,KovZ9177gU0,Palace Theatre,"Cambridge Circus, Shaftesbury Avenue",W1D 8AY,London,-0.12970730,51.51316680,All of United Kingdom,201,https://theatre.ticketmaster.co.uk/book/17YYA-harry-potter-and-the-cursed-child/#perf=17YYA-81A&date=2026-09-16&time=2.00PM
42,1AdjZ_dGkyeBIr-,Harry Potter and the Cursed Child - Parts 1 & 2 Fri 14:00 & 19:00,2026-09-18,14:00:00,False,False,Arts & Theatre,Theatre,Drama,False,KovZ9177gU0,Palace Theatre,"Cambridge Circus, Shaftesbury Avenue",W1D 8AY,London,-0.12970730,51.51316680,All of United Kingdom,201,https://theatre.ticketmaster.co.uk/book/17YYA-harry-potter-and-the-cursed-child/#perf=17YYA-81C&date=2026-09-18&time=2.00PM
43,1AdjZ_dGkydFFrg,Harry Potter and the Cursed Child - Parts 1 & 2 Sat 14:00 & 19:00,2026-09-19,14:00:00,False,False,Arts & Theatre,Theatre,Drama,False,KovZ9177gU0,Palace Theatre,"Cambridge Circus, Shaftesbury Avenue",W1D 8AY,London,-0.12970730,51.51316680,All of United Kingdom,201,https://theatre.ticketmaster.co.uk/book/17YYA-harry-potter-and-the-cursed-child/#perf=17YYA-81E&date=2026-09-19&time=2.00PM
44,1AdjZ_dGkyd4zL7,Harry Potter and the Cursed Child - Parts 1 & 2 Sun 13:00 & 18:00,2026-09-20,13:00:00,False,False,Arts & Theatre,Theatre,Drama,False,KovZ9177gU0,Palace Theatre,"Cambridge Circus, Shaftesbury Avenue",W1D 8AY,London,-0.12970730,51.51316680,All of United Kingdom,201,https://theatre.ticketmaster.co.uk/book/17YYA-harry-potter-and-the-cursed-child/#perf=17YYA-81G&date=2026-09-20&time=1.00PM
45,17uYv0G6GCY7pwr,Harry Potter and the Cursed Child - One Part Show,2026-10-09,19:00:00,False,False,Arts & Theatre,Theatre,Drama,False,KovZ9177gU0,Palace Theatre,"Cambridge Circus, Shaftesbury Avenue",W1D 8AY,London,-0.12970730,51.51316680,All of United Kingdom,201,https://theatre.ticketmaster.co.uk/book/1J44R-harry-potter-and-the-cursed-child-one-part/#perf=1J44R-2&date=2026-10-09&time=7.00PM
46,17uYv0G6GCYoJSQ,Harry Potter and the Cursed Child - One Part Show,2026-10-10,19:00:00,False,False,Arts & Theatre,Theatre,Drama,False,KovZ9177gU0,Palace Theatre,"Cambridge Circus, Shaftesbury Avenue",W1D 8AY,London,-0.12970730,51.51316680,All of United Kingdom,201,https://theatre.ticketmaster.co.uk/book/1J44R-harry-potter-and-the-cursed-child-one-part/#perf=1J44R-3&date=2026-10-10&time=7.00PM
47,17uYv0G6GCYrkVd,Harry Potter and the Cursed Child - One Part Show,2026-10-11,14:30:00,False,False,Arts & Theatre,Theatre,Drama,False,KovZ9177gU0,Palace Theatre,"Cambridge Circus, Shaftesbury Avenue",W1D 8AY,London,-0.12970730,51.51316680,All of United Kingdom,201,https://theatre.ticketmaster.co.uk/book/1J44R-harry-potter-and-the-cursed-child-one-part/#perf=1J44R-4&date=2026-10-11&time=2.30PM
48,17uYv0G6GCYlkgA,Harry Potter and the Cursed Child - One Part Show,2026-10-13,19:00:00,False,False,Arts & Theatre,Theatre,Drama,False,KovZ9177gU0,Palace Theatre,"Cambridge Circus, Shaftesbury Avenue",W1D 8AY,London,-0.12970730,51.51316680,All of United Kingdom,201,https://theatre.ticketmaster.co.uk/book/1J44R-harry-potter-and-the-cursed-child-one-part/#perf=1J44R-5&date=2026-10-13&time=7.00PM
49,17uYv0G6GCYzkgO,Harry Potter and the Cursed Child - One Part Show,2026-10-14,13:00:00,False,False,Arts & Theatre,Theatre,Drama,False,KovZ9177gU0,Palace Theatre,"Cambridge Circus, Shaftesbury Avenue",W1D 8AY,London,-0.12970730,51.51316680,All of United Kingdom,201,https://theatre.ticketmaster.co.uk/book/1J44R-harry-potter-and-the-cursed-child-one-part/#perf=1J44R-6&date=2026-10-14&time=1.00PM
50,17uYv0G6GCs7UUd,Harry Potter and the Cursed Child - One Part Show,2026-10-14,19:00:00,False,False,Arts & Theatre,Theatre,Drama,False,KovZ9177gU0,Palace Theatre,"Cambridge Circus, Shaftesbury Avenue",W1D 8AY,London,-0.12970730,51.51316680,All of United Kingdom,201,https://theatre.ticketmaster.co.uk/book/1J44R-harry-potter-and-the-cursed-child-one-part/#perf=1J44R-7&date=2026-10-14&time=7.00PM
51,17uYv0G6GCsoUM6,Harry Potter and the Cursed Child - One Part Show,2026-10-15,19:00:00,False,False,Arts & Theatre,Theatre,Drama,False,KovZ9177gU0,Palace Theatre,"Cambridge Circus, Shaftesbury Avenue",W1D 8AY,London,-0.12970730,51.51316680,All of United Kingdom,201,https://theatre.ticketmaster.co.uk/book/1J44R-harry-potter-and-the-cursed-child-one-part/#perf=1J44R-8&date=2026-10-15&time=7.00PM
52,17uYv0G6GCsrJzu,Harry Potter and the Cursed Child - One Part Show,2026-10-16,19:00:00,False,False,Arts & Theatre,Theatre,Drama,False,KovZ9177gU0,Palace Theatre,"Cambridge Circus, Shaftesbury Avenue",W1D 8AY,London,-0.12970730,51.51316680,All of United Kingdom,201,https://theatre.ticketmaster.co.uk/book/1J44R-harry-potter-and-the-cursed-child-one-part/#perf=1J44R-9&date=2026-10-16&time=7.00PM
53,17uYv0G6GCslpyK,Harry Potter and the Cursed Child - One Part Show,2026-10-17,13:00:00,False,False,Arts & Theatre,Theatre,Drama,False,KovZ9177gU0,Palace Theatre,"Cambridge Circus, Shaftesbury Avenue",W1D 8AY,London,-0.12970730,51.51316680,All of United Kingdom,201,https://theatre.ticketmaster.co.uk/book/1J44R-harry-potter-and-the-cursed-child-one-part/#perf=1J44R-A&date=2026-10-17&time=1.00PM
54,17uYv0G6GCszpBO,Harry Potter and the Cursed Child - One Part Show,2026-10-17,19:00:00,False,False,Arts & Theatre,Theatre,Drama,False,KovZ9177gU0,Palace Theatre,"Cambridge Circus, Shaftesbury Avenue",W1D 8AY,London,-0.12970730,51.51316680,All of United Kingdom,201,https://theatre.ticketmaster.co.uk/book/1J44R-harry-potter-and-the-cursed-child-one-part/#perf=1J44R-B&date=2026-10-17&time=7.00PM
55,17uYv0G6GCwAkDR,Harry Potter and the Cursed Child - One Part Show,2026-10-18,14:30:00,False,False,Arts & Theatre,Theatre,Drama,False,KovZ9177gU0,Palace Theatre,"Cambridge Circus, Shaftesbury Avenue",W1D 8AY,London,-0.12970730,51.51316680,All of United Kingdom,201,https://theatre.ticketmaster.co.uk/book/1J44R-harry-potter-and-the-cursed-child-one-part/#perf=1J44R-C&date=2026-10-18&time=2.30PM
56,17uYv0G6GCw3kH-,Harry Potter and the Cursed Child - One Part Show,2026-10-20,19:00:00,False,False,Arts & Theatre,Theatre,Drama,False,KovZ9177gU0,Palace Theatre,"Cambridge Circus, Shaftesbury Avenue",W1D 8AY,London,-0.12970730,51.51316680,All of United Kingdom,201,https://theatre.ticketmaster.co.uk/book/1J44R-harry-potter-and-the-cursed-child-one-part/#perf=1J44R-D&date=2026-10-20&time=7.00PM
57,17uYv0G6GCwlUTR,Harry Potter and the Cursed Child - One Part Show,2026-10-21,19:00:00,False,False,Arts & Theatre,Theatre,Drama,False,KovZ9177gU0,Palace Theatre,"Cambridge Circus, Shaftesbury Avenue",W1D 8AY,London,-0.12970730,51.51316680,All of United Kingdom,201,https://theatre.ticketmaster.co.uk/book/1J44R-harry-potter-and-the-cursed-child-one-part/#perf=1J44R-F&date=2026-10-21&time=7.00PM
58,17uYv0G6GCwrUW0,Harry Potter and the Cursed Child - One Part Show,2026-10-21,13:00:00,False,False,Arts & Theatre,Theatre,Drama,False,KovZ9177gU0,Palace Theatre,"Cambridge Circus, Shaftesbury Avenue",W1D 8AY,London,-0.12970730,51.51316680,All of United Kingdom,201,https://theatre.ticketmaster.co.uk/book/1J44R-harry-potter-and-the-cursed-child-one-part/#perf=1J44R-E&date=2026-10-21&time=1.00PM
59,17uYv0G6GCwzMed,Harry Potter and the Cursed Child - One Part Show,2026-10-22,19:00:00,False,False,Arts & Theatre,Theatre,Drama,False,KovZ9177gU0,Palace Theatre,"Cambridge Circus, Shaftesbury Avenue",W1D 8AY,London,-0.12970730,51.51316680,All of United Kingdom,201,https://theatre.ticketmaster.co.uk/book/1J44R-harry-potter-and-the-cursed-child-one-part/#perf=1J44R-G&date=2026-10-22&time=7.00PM
60,17uYv0G6GCSAEdQ,Harry Potter and the Cursed Child - One Part Show,2026-10-23,19:00:00,False,False,Arts & Theatre,Theatre,Drama,False,KovZ9177gU0,Palace Theatre,"Cambridge Circus, Shaftesbury Avenue",W1D 8AY,London,-0.12970730,51.51316680,All of United Kingdom,201,https://theatre.ticketmaster.co.uk/book/1J44R-harry-potter-and-the-cursed-child-one-part/#perf=1J44R-H&date=2026-10-23&time=7.00PM
61,17uYv0G6GCS3EkO,Harry Potter and the Cursed Child - One Part Show,2026-10-24,13:00:00,False,False,Arts & Theatre,Theatre,Drama,False,KovZ9177gU0,Palace Theatre,"Cambridge Circus, Shaftesbury Avenue",W1D 8AY,London,-0.12970730,51.51316680,All of United Kingdom,201,https://theatre.ticketmaster.co.uk/book/1J44R-harry-potter-and-the-cursed-child-one-part/#perf=1J44R-I&date=2026-10-24&time=1.00PM
62,17uYv0G6GCSLE6g,Harry Potter and the Cursed Child - One Part Show,2026-10-24,19:00:00,False,False,Arts & Theatre,Theatre,Drama,False,KovZ9177gU0,Palace Theatre,"Cambridge Circus, Shaftesbury Avenue",W1D 8AY,London,-0.12970730,51.51316680,All of United Kingdom,201,https://theatre.ticketmaster.co.uk/book/1J44R-harry-potter-and-the-cursed-child-one-part/#perf=1J44R-J&date=2026-10-24&time=7.00PM
63,17uYv0G6GCSi9ab,Harry Potter and the Cursed Child - One Part Show,2026-10-25,13:30:00,False,False,Arts & Theatre,Theatre,Drama,False,KovZ9177gU0,Palace Theatre,"Cambridge Circus, Shaftesbury Avenue",W1D 8AY,London,-0.12970730,51.51316680,All of United Kingdom,201,https://theatre.ticketmaster.co.uk/book/1J44R-harry-potter-and-the-cursed-child-one-part/#perf=1J44R-K&date=2026-10-25&time=2.30PM
64,17uYv0G6GCSy9uf,Harry Potter and the Cursed Child - One Part Show,2026-10-27,19:00:00,False,False,Arts & Theatre,Theatre,Drama,False,KovZ9177gU0,Palace Theatre,"Cambridge Circus, Shaftesbury Avenue",W1D 8AY,London,-0.12970730,51.51316680,All of United Kingdom,201,https://theatre.ticketmaster.co.uk/book/1J44R-harry-potter-and-the-cursed-child-one-part/#perf=1J44R-L&date=2026-10-27&time=7.00PM
65,17uYv0G6GCVKEKb,Harry Potter and the Cursed Child - One Part Show,2026-10-28,19:00:00,False,False,Arts & Theatre,Theatre,Drama,False,KovZ9177gU0,Palace Theatre,"Cambridge Circus, Shaftesbury Avenue",W1D 8AY,London,-0.12970730,51.51316680,All of United Kingdom,201,https://theatre.ticketmaster.co.uk/book/1J44R-harry-potter-and-the-cursed-child-one-part/#perf=1J44R-N&date=2026-10-28&time=7.00PM
66,17uYv0G6GCVkE2D,Harry Potter and the Cursed Child - One Part Show,2026-10-28,13:00:00,False,False,Arts & Theatre,Theatre,Drama,False,KovZ9177gU0,Palace Theatre,"Cambridge Circus, Shaftesbury Avenue",W1D 8AY,London,-0.12970730,51.51316680,All of United Kingdom,201,https://theatre.ticketmaster.co.uk/book/1J44R-harry-potter-and-the-cursed-child-one-part/#perf=1J44R-M&date=2026-10-28&time=1.00PM
67,17uYv0G6GCVO9fc,Harry Potter and the Cursed Child - One Part Show,2026-10-29,19:00:00,False,False,Arts & Theatre,Theatre,Drama,False,KovZ9177gU0,Palace Theatre,"Cambridge Circus, Shaftesbury Avenue",W1D 8AY,London,-0.12970730,51.51316680,All of United Kingdom,201,https://theatre.ticketmaster.co.uk/book/1J44R-harry-potter-and-the-cursed-child-one-part/#perf=1J44R-O&date=2026-10-29&time=7.00PM
68,17uYv0G6GCVc64B,Harry Potter and the Cursed Child - One Part Show,2026-10-30,19:00:00,False,False,Arts & Theatre,Theatre,Drama,False,KovZ9177gU0,Palace Theatre,"Cambridge Circus, Shaftesbury Avenue",W1D 8AY,London,-0.12970730,51.51316680,All of United Kingdom,201,https://theatre.ticketmaster.co.uk/book/1J44R-harry-potter-and-the-cursed-child-one-part/#perf=1J44R-P&date=2026-10-30&time=7.00PM
69,17uYv0G6GCVB697,Harry Potter and the Cursed Child - One Part Show,2026-10-31,13:00:00,False,False,Arts & Theatre,Theatre,Drama,False,KovZ9177gU0,Palace Theatre,"Cambridge Circus, Shaftesbury Avenue",W1D 8AY,London,-0.12970730,51.51316680,All of United Kingdom,201,https://theatre.ticketmaster.co.uk/book/1J44R-harry-potter-and-the-cursed-child-one-part/#perf=1J44R-Q&date=2026-10-31&time=1.00PM
70,17uYv0G6GCgK9_Y,Harry Potter and the Cursed Child - One Part Show,2026-11-01,14:30:00,False,False,Arts & Theatre,Theatre,Drama,False,KovZ9177gU0,Palace Theatre,"Cambridge Circus, Shaftesbury Avenue",W1D 8AY,London,-0.12970730,51.51316680,All of United Kingdom,201,https://theatre.ticketmaster.co.uk/book/1J44R-harry-potter-and-the-cursed-child-one-part/#perf=1J44R-S&date=2026-11-01&time=2.30PM
71,17uYv0G6GCgO6QB,Harry Potter and the Cursed Child - One Part Show,2026-11-03,19:00:00,False,False,Arts & Theatre,Theatre,Drama,False,KovZ9177gU0,Palace Theatre,"Cambridge Circus, Shaftesbury Avenue",W1D 8AY,London,-0.12970730,51.51316680,All of United Kingdom,201,https://theatre.ticketmaster.co.uk/book/1J44R-harry-potter-and-the-cursed-child-one-part/#perf=1J44R-T&date=2026-11-03&time=7.00PM
72,17uYv0G6GCgB6qe,Harry Potter and the Cursed Child - One Part Show,2026-11-04,19:00:00,False,False,Arts & Theatre,Theatre,Drama,False,KovZ9177gU0,Palace Theatre,"Cambridge Circus, Shaftesbury Avenue",W1D 8AY,London,-0.12970730,51.51316680,All of United Kingdom,201,https://theatre.ticketmaster.co.uk/book/1J44R-harry-potter-and-the-cursed-child-one-part/#perf=1J44R-V&date=2026-11-04&time=7.00PM
73,17uYv0G6GCgc6hH,Harry Potter and the Cursed Child - One Part Show,2026-11-04,13:00:00,False,False,Arts & Theatre,Theatre,Drama,False,KovZ9177gU0,Palace Theatre,"Cambridge Circus, Shaftesbury Avenue",W1D 8AY,London,-0.12970730,51.51316680,All of United Kingdom,201,https://theatre.ticketmaster.co.uk/book/1J44R-harry-potter-and-the-cursed-child-one-part/#perf=1J44R-U&date=2026-11-04&time=1.00PM
74,17uYv0G6GCUkMrm,Harry Potter and the Cursed Child - One Part Show,2026-11-05,19:00:00,False,False,Arts & Theatre,Theatre,Drama,False,KovZ9177gU0,Palace Theatre,"Cambridge Circus, Shaftesbury Avenue",W1D 8AY,London,-0.12970730,51.51316680,All of United Kingdom,201,https://theatre.ticketmaster.co.uk/book/1J44R-harry-potter-and-the-cursed-child-one-part/#perf=1J44R-W&date=2026-11-05&time=7.00PM
75,17uYv0G6GCUKEL4,Harry Potter and the Cursed Child - One Part Show,2026-11-06,19:00:00,False,False,Arts & Theatre,Theatre,Drama,False,KovZ9177gU0,Palace Theatre,"Cambridge Circus, Shaftesbury Avenue",W1D 8AY,London,-0.12970730,51.51316680,All of United Kingdom,201,https://theatre.ticketmaster.co.uk/book/1J44R-harry-potter-and-the-cursed-child-one-part/#perf=1J44R-X&date=2026-11-06&time=7.00PM
76,17uYv0G6GCUO9Lc,Harry Potter and the Cursed Child - One Part Show,2026-11-07,13:00:00,False,False,Arts & Theatre,Theatre,Drama,False,KovZ9177gU0,Palace Theatre,"Cambridge Circus, Shaftesbury Avenue",W1D 8AY,London,-0.12970730,51.51316680,All of United Kingdom,201,https://theatre.ticketmaster.co.uk/book/1J44R-harry-potter-and-the-cursed-child-one-part/#perf=1J44R-Y&date=2026-11-07&time=1.00PM
77,17uYv0G6GCUc9ON,Harry Potter and the Cursed Child - One Part Show,2026-11-07,19:00:00,False,False,Arts & Theatre,Theatre,Drama,False,KovZ9177gU0,Palace Theatre,"Cambridge Circus, Shaftesbury Avenue",W1D 8AY,London,-0.12970730,51.51316680,All of United Kingdom,201,https://theatre.ticketmaster.co.uk/book/1J44R-harry-potter-and-the-cursed-child-one-part/#perf=1J44R-Z&date=2026-11-07&time=7.00PM
78,17uYv0G6GCUB6-3,Harry Potter and the Cursed Child - One Part Show,2026-11-08,14:30:00,False,False,Arts & Theatre,Theatre,Drama,False,KovZ9177gU0,Palace Theatre,"Cambridge Circus, Shaftesbury Avenue",W1D 8AY,London,-0.12970730,51.51316680,All of United Kingdom,201,https://theatre.ticketmaster.co.uk/book/1J44R-harry-potter-and-the-cursed-child-one-part/#perf=1J44R-10&date=2026-11-08&time=2.30PM
79,17uYv0G6GCMkM-y,Harry Potter and the Cursed Child - One Part Show,2026-11-10,19:00:00,False,False,Arts & Theatre,Theatre,Drama,False,KovZ9177gU0,Palace Theatre,"Cambridge Circus, Shaftesbury Avenue",W1D 8AY,London,-0.12970730,51.51316680,All of United Kingdom,201,https://theatre.ticketmaster.co.uk/book/1J44R-harry-potter-and-the-cursed-child-one-part/#perf=1J44R-11&date=2026-11-10&time=7.00PM
80,17uYv0G6GCMKExb,Harry Potter and the Cursed Child - One Part Show,2026-11-11,13:00:00,False,False,Arts & Theatre,Theatre,Drama,False,KovZ9177gU0,Palace Theatre,"Cambridge Circus, Shaftesbury Avenue",W1D 8AY,London,-0.12970730,51.51316680,All of United Kingdom,201,https://theatre.ticketmaster.co.uk/book/1J44R-harry-potter-and-the-cursed-child-one-part/#perf=1J44R-12&date=2026-11-11&time=1.00PM
81,17uYv0G6GCMO9xw,Harry Potter and the Cursed Child - One Part Show,2026-11-11,19:00:00,False,False,Arts & Theatre,Theatre,Drama,False,KovZ9177gU0,Palace Theatre,"Cambridge Circus, Shaftesbury Avenue",W1D 8AY,London,-0.12970730,51.51316680,All of United Kingdom,201,https://theatre.ticketmaster.co.uk/book/1J44R-harry-potter-and-the-cursed-child-one-part/#perf=1J44R-13&date=2026-11-11&time=7.00PM
82,17uYv0G6GCMc9Nq,Harry Potter and the Cursed Child - One Part Show,2026-11-12,19:00:00,False,False,Arts & Theatre,Theatre,Drama,False,KovZ9177gU0,Palace Theatre,"Cambridge Circus, Shaftesbury Avenue",W1D 8AY,London,-0.12970730,51.51316680,All of United Kingdom,201,https://theatre.ticketmaster.co.uk/book/1J44R-harry-potter-and-the-cursed-child-one-part/#perf=1J44R-14&date=2026-11-12&time=7.00PM
83,17uYv0G6GCMB6Nl,Harry Potter and the Cursed Child - One Part Show,2026-11-13,19:00:00,False,False,Arts & Theatre,Theatre,Drama,False,KovZ9177gU0,Palace Theatre,"Cambridge Circus, Shaftesbury Avenue",W1D 8AY,London,-0.12970730,51.51316680,All of United Kingdom,201,https://theatre.ticketmaster.co.uk/book/1J44R-harry-potter-and-the-cursed-child-one-part/#perf=1J44R-15&date=2026-11-13&time=7.00PM
84,17uYv0G6GCz660b,Harry Potter and the Cursed Child - One Part Show,2026-11-14,13:00:00,False,False,Arts & Theatre,Theatre,Drama,False,KovZ9177gU0,Palace Theatre,"Cambridge Circus, Shaftesbury Avenue",W1D 8AY,London,-0.12970730,51.51316680,All of United Kingdom,201,https://theatre.ticketmaster.co.uk/book/1J44R-harry-potter-and-the-cursed-child-one-part/#perf=1J44R-16&date=2026-11-14&time=1.00PM
85,17uYv0G6GCzKM0P,Harry Potter and the Cursed Child - One Part Show,2026-11-14,19:00:00,False,False,Arts & Theatre,Theatre,Drama,False,KovZ9177gU0,Palace Theatre,"Cambridge Circus, Shaftesbury Avenue",W1D 8AY,London,-0.12970730,51.51316680,All of United Kingdom,201,https://theatre.ticketmaster.co.uk/book/1J44R-harry-potter-and-the-cursed-child-one-part/#perf=1J44R-17&date=2026-11-14&time=7.00PM
86,17uYv0G6GCzOEPE,Harry Potter and the Cursed Child - One Part Show,2026-11-15,14:30:00,False,False,Arts & Theatre,Theatre,Drama,False,KovZ9177gU0,Palace Theatre,"Cambridge Circus, Shaftesbury Avenue",W1D 8AY,London,-0.12970730,51.51316680,All of United Kingdom,201,https://theatre.ticketmaster.co.uk/book/1J44R-harry-potter-and-the-cursed-child-one-part/#perf=1J44R-18&date=2026-11-15&time=2.30PM
87,17uYv0G6GCzcEJE,Harry Potter and the Cursed Child - One Part Show,2026-11-17,19:00:00,False,False,Arts & Theatre,Theatre,Drama,False,KovZ9177gU0,Palace Theatre,"Cambridge Circus, Shaftesbury Avenue",W1D 8AY,London,-0.12970730,51.51316680,All of United Kingdom,201,https://theatre.ticketmaster.co.uk/book/1J44R-harry-potter-and-the-cursed-child-one-part/#perf=1J44R-19&date=2026-11-17&time=7.00PM
88,17uYv0G6GCy69ET,Harry Potter and the Cursed Child - One Part Show,2026-11-18,19:00:00,False,False,Arts & Theatre,Theatre,Drama,False,KovZ9177gU0,Palace Theatre,"Cambridge Circus, Shaftesbury Avenue",W1D 8AY,London,-0.12970730,51.51316680,All of United Kingdom,201,https://theatre.ticketmaster.co.uk/book/1J44R-harry-potter-and-the-cursed-child-one-part/#perf=1J44R-1B&date=2026-11-18&time=7.00PM
89,17uYv0G6GCzB9Eq,Harry Potter and the Cursed Child - One Part Show,2026-11-18,13:00:00,False,False,Arts & Theatre,Theatre,Drama,False,KovZ9177gU0,Palace Theatre,"Cambridge Circus, Shaftesbury Avenue",W1D 8AY,London,-0.12970730,51.51316680,All of United Kingdom,201,https://theatre.ticketmaster.co.uk/book/1J44R-harry-potter-and-the-cursed-child-one-part/#perf=1J44R-1A&date=2026-11-18&time=1.00PM
90,17uYv0G6GCyf9tZ,Harry Potter and the Cursed Child - One Part Show,2026-11-19,19:00:00,False,False,Arts & Theatre,Theatre,Drama,False,KovZ9177gU0,Palace Theatre,"Cambridge Circus, Shaftesbury Avenue",W1D 8AY,London,-0.12970730,51.51316680,All of United Kingdom,201,https://theatre.ticketmaster.co.uk/book/1J44R-harry-potter-and-the-cursed-child-one-part/#perf=1J44R-1C&date=2026-11-19&time=7.00PM
91,17uYv0G6GCy-6nG,Harry Potter and the Cursed Child - One Part Show,2026-11-20,19:00:00,False,False,Arts & Theatre,Theatre,Drama,False,KovZ9177gU0,Palace Theatre,"Cambridge Circus, Shaftesbury Avenue",W1D 8AY,London,-0.12970730,51.51316680,All of United Kingdom,201,https://theatre.ticketmaster.co.uk/book/1J44R-harry-potter-and-the-cursed-child-one-part/#perf=1J44R-1D&date=2026-11-20&time=7.00PM
92,17uYv0G6GCyBEif,Harry Potter and the Cursed Child - One Part Show,2026-11-21,19:00:00,False,False,Arts & Theatre,Theatre,Drama,False,KovZ9177gU0,Palace Theatre,"Cambridge Circus, Shaftesbury Avenue",W1D 8AY,London,-0.12970730,51.51316680,All of United Kingdom,201,https://theatre.ticketmaster.co.uk/book/1J44R-harry-potter-and-the-cursed-child-one-part/#perf=1J44R-1F&date=2026-11-21&time=7.00PM
93,17uYv0G6GCycMla,Harry Potter and the Cursed Child - One Part Show,2026-11-21,13:00:00,False,False,Arts & Theatre,Theatre,Drama,False,KovZ9177gU0,Palace Theatre,"Cambridge Circus, Shaftesbury Avenue",W1D 8AY,London,-0.12970730,51.51316680,All of United Kingdom,201,https://theatre.ticketmaster.co.uk/book/1J44R-harry-potter-and-the-cursed-child-one-part/#perf=1J44R-1E&date=2026-11-21&time=1.00PM
94,17uYv0G6GCB6EcU,Harry Potter and the Cursed Child - One Part Show,2026-11-22,14:30:00,False,False,Arts & Theatre,Theatre,Drama,False,KovZ9177gU0,Palace Theatre,"Cambridge Circus, Shaftesbury Avenue",W1D 8AY,London,-0.12970730,51.51316680,All of United Kingdom,201,https://theatre.ticketmaster.co.uk/book/1J44R-harry-potter-and-the-cursed-child-one-part/#perf=1J44R-1G&date=2026-11-22&time=2.30PM
95,17uYv0G6GCBf9Rk,Harry Potter and the Cursed Child - One Part Show,2026-11-24,19:00:00,False,False,Arts & Theatre,Theatre,Drama,False,KovZ9177gU0,Palace Theatre,"Cambridge Circus, Shaftesbury Avenue",W1D 8AY,London,-0.12970730,51.51316680,All of United Kingdom,201,https://theatre.ticketmaster.co.uk/book/1J44R-harry-potter-and-the-cursed-child-one-part/#perf=1J44R-1H&date=2026-11-24&time=7.00PM
96,17uYv0G6GCB-6RB,Harry Potter and the Cursed Child - One Part Show,2026-11-25,13:00:00,False,False,Arts & Theatre,Theatre,Drama,False,KovZ9177gU0,Palace Theatre,"Cambridge Circus, Shaftesbury Avenue",W1D 8AY,London,-0.12970730,51.51316680,All of United Kingdom,201,https://theatre.ticketmaster.co.uk/book/1J44R-harry-potter-and-the-cursed-child-one-part/#perf=1J44R-1I&date=2026-11-25&time=1.00PM
97,17uYv0G6GCBm6Y8,Harry Potter and the Cursed Child - One Part Show,2026-11-25,19:00:00,False,False,Arts & Theatre,Theatre,Drama,False,KovZ9177gU0,Palace Theatre,"Cambridge Circus, Shaftesbury Avenue",W1D 8AY,London,-0.12970730,51.51316680,All of United Kingdom,201,https://theatre.ticketmaster.co.uk/book/1J44R-harry-potter-and-the-cursed-child-one-part/#perf=1J44R-1J&date=2026-11-25&time=7.00PM
98,17uYv0G6GCBBMYD,Harry Potter and the Cursed Child - One Part Show,2026-11-26,19:00:00,False,False,Arts & Theatre,Theatre,Drama,False,KovZ9177gU0,Palace Theatre,"Cambridge Circus, Shaftesbury Avenue",W1D 8AY,London,-0.12970730,51.51316680,All of United Kingdom,201,https://theatre.ticketmaster.co.uk/book/1J44R-harry-potter-and-the-cursed-child-one-part/#perf=1J44R-1K&date=2026-11-26&time=7.00PM
99,17uYv0G6GCD6EsP,Harry Potter and the Cursed Child - One Part Show,2026-11-27,19:00:00,False,False,Arts & Theatre,Theatre,Drama,False,KovZ9177gU0,Palace Theatre,"Cambridge Circus, Shaftesbury Avenue",W1D 8AY,London,-0.12970730,51.51316680,All of United Kingdom,201,https://theatre.ticketmaster.co.uk/book/1J44R-harry-potter-and-the-cursed-child-one-part/#perf=1J44R-1L&date=2026-11-27&time=7.00PM
100,17uYv0G6GCD-9wy,Harry Potter and the Cursed Child - One Part Show,2026-11-28,19:00:00,False,False,Arts & Theatre,Theatre,Drama,False,KovZ9177gU0,Palace Theatre,"Cambridge Circus, Shaftesbury Avenue",W1D 8AY,London,-0.12970730,51.51316680,All of United Kingdom,201,https://theatre.ticketmaster.co.uk/book/1J44R-harry-potter-and-the-cursed-child-one-part/#perf=1J44R-1N&date=2026-11-28&time=7.00PM
101,17uYv0G6GCDfEw8,Harry Potter and the Cursed Child - One Part Show,2026-11-28,13:00:00,False,False,Arts & Theatre,Theatre,Drama,False,KovZ9177gU0,Palace Theatre,"Cambridge Circus, Shaftesbury Avenue",W1D 8AY,London,-0.12970730,51.51316680,All of United Kingdom,201,https://theatre.ticketmaster.co.uk/book/1J44R-harry-potter-and-the-cursed-child-one-part/#perf=1J44R-1M&date=2026-11-28&time=1.00PM
102,17uYv0G6GCDm9Sa,Harry Potter and the Cursed Child - One Part Show,2026-11-29,14:30:00,False,False,Arts & Theatre,Theatre,Drama,False,KovZ9177gU0,Palace Theatre,"Cambridge Circus, Shaftesbury Avenue",W1D 8AY,London,-0.12970730,51.51316680,All of United Kingdom,201,https://theatre.ticketmaster.co.uk/book/1J44R-harry-potter-and-the-cursed-child-one-part/#perf=1J44R-1O&date=2026-11-29&time=2.30PM
103,17uYv0G6GCDD6Si,Harry Potter and the Cursed Child - One Part Show,2026-12-01,19:00:00,False,False,Arts & Theatre,Theatre,Drama,False,KovZ9177gU0,Palace Theatre,"Cambridge Circus, Shaftesbury Avenue",W1D 8AY,London,-0.12970730,51.51316680,All of United Kingdom,201,https://theatre.ticketmaster.co.uk/book/1J44R-harry-potter-and-the-cursed-child-one-part/#perf=1J44R-1P&date=2026-12-01&time=7.00PM
104,17uYv0G6GCH6MgG,Harry Potter and the Cursed Child - One Part Show,2026-12-02,13:00:00,False,False,Arts & Theatre,Theatre,Drama,False,KovZ9177gU0,Palace Theatre,"Cambridge Circus, Shaftesbury Avenue",W1D 8AY,London,-0.12970730,51.51316680,All of United Kingdom,201,https://theatre.ticketmaster.co.uk/book/1J44R-harry-potter-and-the-cursed-child-one-part/#perf=1J44R-1Q&date=2026-12-02&time=1.00PM
105,17uYv0G6GCHfEU6,Harry Potter and the Cursed Child - One Part Show,2026-12-02,19:00:00,False,False,Arts & Theatre,Theatre,Drama,False,KovZ9177gU0,Palace Theatre,"Cambridge Circus, Shaftesbury Avenue",W1D 8AY,London,-0.12970730,51.51316680,All of United Kingdom,201,https://theatre.ticketmaster.co.uk/book/1J44R-harry-potter-and-the-cursed-child-one-part/#perf=1J44R-1R&date=2026-12-02&time=7.00PM
106,17uYv0G6GCH-EzY,Harry Potter and the Cursed Child - One Part Show,2026-12-03,19:00:00,False,False,Arts & Theatre,Theatre,Drama,False,KovZ9177gU0,Palace Theatre,"Cambridge Circus, Shaftesbury Avenue",W1D 8AY,London,-0.12970730,51.51316680,All of United Kingdom,201,https://theatre.ticketmaster.co.uk/book/1J44R-harry-potter-and-the-cursed-child-one-part/#perf=1J44R-1S&date=2026-12-03&time=7.00PM
107,17uYv0G6GCHm9BY,Harry Potter and the Cursed Child - One Part Show,2026-12-04,19:00:00,False,False,Arts & Theatre,Theatre,Drama,False,KovZ9177gU0,Palace Theatre,"Cambridge Circus, Shaftesbury Avenue",W1D 8AY,London,-0.12970730,51.51316680,All of United Kingdom,201,https://theatre.ticketmaster.co.uk/book/1J44R-harry-potter-and-the-cursed-child-one-part/#perf=1J44R-1T&date=2026-12-04&time=7.00PM
108,17uYv0G6GCHD9Dy,Harry Potter and the Cursed Child - One Part Show,2026-12-05,13:00:00,False,False,Arts & Theatre,Theatre,Drama,False,KovZ9177gU0,Palace Theatre,"Cambridge Circus, Shaftesbury Avenue",W1D 8AY,London,-0.12970730,51.51316680,All of United Kingdom,201,https://theatre.ticketmaster.co.uk/book/1J44R-harry-potter-and-the-cursed-child-one-part/#perf=1J44R-1U&date=2026-12-05&time=1.00PM
109,17uYv0G6GCWF6WC,Harry Potter and the Cursed Child - One Part Show,2026-12-05,19:00:00,False,False,Arts & Theatre,Theatre,Drama,False,KovZ9177gU0,Palace Theatre,"Cambridge Circus, Shaftesbury Avenue",W1D 8AY,London,-0.12970730,51.51316680,All of United Kingdom,201,https://theatre.ticketmaster.co.uk/book/1J44R-harry-potter-and-the-cursed-child-one-part/#perf=1J44R-1V&date=2026-12-05&time=7.00PM
110,17uYv0G6GCWfMXe,Harry Potter and the Cursed Child - One Part Show,2026-12-06,14:30:00,False,False,Arts & Theatre,Theatre,Drama,False,KovZ9177gU0,Palace Theatre,"Cambridge Circus, Shaftesbury Avenue",W1D 8AY,London,-0.12970730,51.51316680,All of United Kingdom,201,https://theatre.ticketmaster.co.uk/book/1J44R-harry-potter-and-the-cursed-child-one-part/#perf=1J44R-1W&date=2026-12-06&time=2.30PM
111,17uYv0G6GCW-EX4,Harry Potter and the Cursed Child - One Part Show,2026-12-08,19:00:00,False,False,Arts & Theatre,Theatre,Drama,False,KovZ9177gU0,Palace Theatre,"Cambridge Circus, Shaftesbury Avenue",W1D 8AY,London,-0.12970730,51.51316680,All of United Kingdom,201,https://theatre.ticketmaster.co.uk/book/1J44R-harry-potter-and-the-cursed-child-one-part/#perf=1J44R-1X&date=2026-12-08&time=7.00PM
112,17uYv0G6GCWDbvp,Harry Potter and the Cursed Child - One Part Show,2026-12-09,19:00:00,False,False,Arts & Theatre,Theatre,Drama,False,KovZ9177gU0,Palace Theatre,"Cambridge Circus, Shaftesbury Avenue",W1D 8AY,London,-0.12970730,51.51316680,All of United Kingdom,201,https://theatre.ticketmaster.co.uk/book/1J44R-harry-potter-and-the-cursed-child-one-part/#perf=1J44R-1Z&date=2026-12-09&time=7.00PM
113,17uYv0G6GCWmETg,Harry Potter and the Cursed Child - One Part Show,2026-12-09,13:00:00,False,False,Arts & Theatre,Theatre,Drama,False,KovZ9177gU0,Palace Theatre,"Cambridge Circus, Shaftesbury Avenue",W1D 8AY,London,-0.12970730,51.51316680,All of United Kingdom,201,https://theatre.ticketmaster.co.uk/book/1J44R-harry-potter-and-the-cursed-child-one-part/#perf=1J44R-1Y&date=2026-12-09&time=1.00PM
114,17uYv0G6GCXFFe6,Harry Potter and the Cursed Child - One Part Show,2026-12-10,19:00:00,False,False,Arts & Theatre,Theatre,Drama,False,KovZ9177gU0,Palace Theatre,"Cambridge Circus, Shaftesbury Avenue",W1D 8AY,London,-0.12970730,51.51316680,All of United Kingdom,201,https://theatre.ticketmaster.co.uk/book/1J44R-harry-potter-and-the-cursed-child-one-part/#perf=1J44R-20&date=2026-12-10&time=7.00PM
115,17uYv0G6GCXfzeV,Harry Potter and the Cursed Child - One Part Show,2026-12-11,19:00:00,False,False,Arts & Theatre,Theatre,Drama,False,KovZ9177gU0,Palace Theatre,"Cambridge Circus, Shaftesbury Avenue",W1D 8AY,London,-0.12970730,51.51316680,All of United Kingdom,201,https://theatre.ticketmaster.co.uk/book/1J44R-harry-potter-and-the-cursed-child-one-part/#perf=1J44R-21&date=2026-12-11&time=7.00PM
116,17uYv0G6GCX-zdl,Harry Potter and the Cursed Child - One Part Show,2026-12-12,13:00:00,False,False,Arts & Theatre,Theatre,Drama,False,KovZ9177gU0,Palace Theatre,"Cambridge Circus, Shaftesbury Avenue",W1D 8AY,London,-0.12970730,51.51316680,All of United Kingdom,201,https://theatre.ticketmaster.co.uk/book/1J44R-harry-potter-and-the-cursed-child-one-part/#perf=1J44R-22&date=2026-12-12&time=1.00PM
117,17uYv0G6GCXmIAj,Harry Potter and the Cursed Child - One Part Show,2026-12-12,19:00:00,False,False,Arts & Theatre,Theatre,Drama,False,KovZ9177gU0,Palace Theatre,"Cambridge Circus, Shaftesbury Avenue",W1D 8AY,London,-0.12970730,51.51316680,All of United Kingdom,201,https://theatre.ticketmaster.co.uk/book/1J44R-harry-potter-and-the-cursed-child-one-part/#perf=1J44R-23&date=2026-12-12&time=7.00PM
118,17uYv0G6GCXDbkH,Harry Potter and the Cursed Child - One Part Show,2026-12-13,14:30:00,False,False,Arts & Theatre,Theatre,Drama,False,KovZ9177gU0,Palace Theatre,"Cambridge Circus, Shaftesbury Avenue",W1D 8AY,London,-0.12970730,51.51316680,All of United Kingdom,201,https://theatre.ticketmaster.co.uk/book/1J44R-harry-potter-and-the-cursed-child-one-part/#perf=1J44R-24&date=2026-12-13&time=2.30PM
119,17uYv0G6GCTFbFc,Harry Potter and the Cursed Child - One Part Show,2026-12-15,19:00:00,False,False,Arts & Theatre,Theatre,Drama,False,KovZ9177gU0,Palace Theatre,"Cambridge Circus, Shaftesbury Avenue",W1D 8AY,London,-0.12970730,51.51316680,All of United Kingdom,201,https://theatre.ticketmaster.co.uk/book/1J44R-harry-potter-and-the-cursed-child-one-part/#perf=1J44R-25&date=2026-12-15&time=7.00PM
120,17uYv0G6GCT-z5i,Harry Potter and the Cursed Child - One Part Show,2026-12-16,19:00:00,False,False,Arts & Theatre,Theatre,Drama,False,KovZ9177gU0,Palace Theatre,"Cambridge Circus, Shaftesbury Avenue",W1D 8AY,London,-0.12970730,51.51316680,All of United Kingdom,201,https://theatre.ticketmaster.co.uk/book/1J44R-harry-potter-and-the-cursed-child-one-part/#perf=1J44R-27&date=2026-12-16&time=7.00PM
121,17uYv0G6GCT4F1e,Harry Potter and the Cursed Child - One Part Show,2026-12-16,13:00:00,False,False,Arts & Theatre,Theatre,Drama,False,KovZ9177gU0,Palace Theatre,"Cambridge Circus, Shaftesbury Avenue",W1D 8AY,London,-0.12970730,51.51316680,All of United Kingdom,201,https://theatre.ticketmaster.co.uk/book/1J44R-harry-potter-and-the-cursed-child-one-part/#perf=1J44R-26&date=2026-12-16&time=1.00PM
122,17uYv0G6GCTmzuS,Harry Potter and the Cursed Child - One Part Show,2026-12-17,19:00:00,False,False,Arts & Theatre,Theatre,Drama,False,KovZ9177gU0,Palace Theatre,"Cambridge Circus, Shaftesbury Avenue",W1D 8AY,London,-0.12970730,51.51316680,All of United Kingdom,201,https://theatre.ticketmaster.co.uk/book/1J44R-harry-potter-and-the-cursed-child-one-part/#perf=1J44R-28&date=2026-12-17&time=7.00PM
123,17uYv0G6GCTDz2K,Harry Potter and the Cursed Child - One Part Show,2026-12-18,19:00:00,False,False,Arts & Theatre,Theatre,Drama,False,KovZ9177gU0,Palace Theatre,"Cambridge Circus, Shaftesbury Avenue",W1D 8AY,London,-0.12970730,51.51316680,All of United Kingdom,201,https://theatre.ticketmaster.co.uk/book/1J44R-harry-potter-and-the-cursed-child-one-part/#perf=1J44R-29&date=2026-12-18&time=7.00PM
124,17uYv0G6G2Z4Ioy,Harry Potter and the Cursed Child - One Part Show,2026-12-19,19:00:00,False,False,Arts & Theatre,Theatre,Drama,False,KovZ9177gU0,Palace Theatre,"Cambridge Circus, Shaftesbury Avenue",W1D 8AY,London,-0.12970730,51.51316680,All of United Kingdom,201,https://theatre.ticketmaster.co.uk/book/1J44R-harry-potter-and-the-cursed-child-one-part/#perf=1J44R-2B&date=2026-12-19&time=7.00PM
125,17uYv0G6G2ZFz8p,Harry Potter and the Cursed Child - One Part Show,2026-12-19,13:00:00,False,False,Arts & Theatre,Theatre,Drama,False,KovZ9177gU0,Palace Theatre,"Cambridge Circus, Shaftesbury Avenue",W1D 8AY,London,-0.12970730,51.51316680,All of United Kingdom,201,https://theatre.ticketmaster.co.uk/book/1J44R-harry-potter-and-the-cursed-child-one-part/#perf=1J44R-2A&date=2026-12-19&time=1.00PM
126,17uYv0G6G2ZxbKv,Harry Potter and the Cursed Child - One Part Show,2026-12-20,14:30:00,False,False,Arts & Theatre,Theatre,Drama,False,KovZ9177gU0,Palace Theatre,"Cambridge Circus, Shaftesbury Avenue",W1D 8AY,London,-0.12970730,51.51316680,All of United Kingdom,201,https://theatre.ticketmaster.co.uk/book/1J44R-harry-potter-and-the-cursed-child-one-part/#perf=1J44R-2C&date=2026-12-20&time=2.30PM
127,17uYv0G6G2ZHF4_,Harry Potter and the Cursed Child - One Part Show,2026-12-22,19:00:00,False,False,Arts & Theatre,Theatre,Drama,False,KovZ9177gU0,Palace Theatre,"Cambridge Circus, Shaftesbury Avenue",W1D 8AY,London,-0.12970730,51.51316680,All of United Kingdom,201,https://theatre.ticketmaster.co.uk/book/1J44R-harry-potter-and-the-cursed-child-one-part/#perf=1J44R-2E&date=2026-12-22&time=7.00PM
128,17uYv0G6G2ZRbfC,Harry Potter and the Cursed Child - One Part Show,2026-12-22,13:00:00,False,False,Arts & Theatre,Theatre,Drama,False,KovZ9177gU0,Palace Theatre,"Cambridge Circus, Shaftesbury Avenue",W1D 8AY,London,-0.12970730,51.51316680,All of United Kingdom,201,https://theatre.ticketmaster.co.uk/book/1J44R-harry-potter-and-the-cursed-child-one-part/#perf=1J44R-2D&date=2026-12-22&time=1.00PM
129,17uYv0G6G2v4z9H,Harry Potter and the Cursed Child - One Part Show,2026-12-23,19:00:00,False,False,Arts & Theatre,Theatre,Drama,False,KovZ9177gU0,Palace Theatre,"Cambridge Circus, Shaftesbury Avenue",W1D 8AY,London,-0.12970730,51.51316680,All of United Kingdom,201,https://theatre.ticketmaster.co.uk/book/1J44R-harry-potter-and-the-cursed-child-one-part/#perf=1J44R-2G&date=2026-12-23&time=7.00PM
130,17uYv0G6G2vaFpU,Harry Potter and the Cursed Child - One Part Show,2026-12-23,13:00:00,False,False,Arts & Theatre,Theatre,Drama,False,KovZ9177gU0,Palace Theatre,"Cambridge Circus, Shaftesbury Avenue",W1D 8AY,London,-0.12970730,51.51316680,All of United Kingdom,201,https://theatre.ticketmaster.co.uk/book/1J44R-harry-potter-and-the-cursed-child-one-part/#perf=1J44R-2F&date=2026-12-23&time=1.00PM
131,17uYv0G6G2vxzbB,Harry Potter and the Cursed Child - One Part Show,2026-12-24,13:00:00,False,False,Arts & Theatre,Theatre,Drama,False,KovZ9177gU0,Palace Theatre,"Cambridge Circus, Shaftesbury Avenue",W1D 8AY,London,-0.12970730,51.51316680,All of United Kingdom,201,https://theatre.ticketmaster.co.uk/book/1J44R-harry-potter-and-the-cursed-child-one-part/#perf=1J44R-2H&date=2026-12-24&time=1.00PM
132,17uYv0G6G2vHIh8,Harry Potter and the Cursed Child - One Part Show,2026-12-27,19:00:00,False,False,Arts & Theatre,Theatre,Drama,False,KovZ9177gU0,Palace Theatre,"Cambridge Circus, Shaftesbury Avenue",W1D 8AY,London,-0.12970730,51.51316680,All of United Kingdom,201,https://theatre.ticketmaster.co.uk/book/1J44R-harry-potter-and-the-cursed-child-one-part/#perf=1J44R-2J&date=2026-12-27&time=7.00PM
133,17uYv0G6G2vRzQZ,Harry Potter and the Cursed Child - One Part Show,2026-12-27,13:00:00,False,False,Arts & Theatre,Theatre,Drama,False,KovZ9177gU0,Palace Theatre,"Cambridge Circus, Shaftesbury Avenue",W1D 8AY,London,-0.12970730,51.51316680,All of United Kingdom,201,https://theatre.ticketmaster.co.uk/book/1J44R-harry-potter-and-the-cursed-child-one-part/#perf=1J44R-2I&date=2026-12-27&time=1.00PM
134,17uYv0G6G2eaIjq,Harry Potter and the Cursed Child - One Part Show,2026-12-29,13:00:00,False,False,Arts & Theatre,Theatre,Drama,False,KovZ9177gU0,Palace Theatre,"Cambridge Circus, Shaftesbury Avenue",W1D 8AY,London,-0.12970730,51.51316680,All of United Kingdom,201,https://theatre.ticketmaster.co.uk/book/1J44R-harry-potter-and-the-cursed-child-one-part/#perf=1J44R-2K&date=2026-12-29&time=1.00PM
135,17uYv0G6G2epbqz,Harry Potter and the Cursed Child - One Part Show,2026-12-29,19:00:00,False,False,Arts & Theatre,Theatre,Drama,False,KovZ9177gU0,Palace Theatre,"Cambridge Circus, Shaftesbury Avenue",W1D 8AY,London,-0.12970730,51.51316680,All of United Kingdom,201,https://theatre.ticketmaster.co.uk/book/1J44R-harry-potter-and-the-cursed-child-one-part/#perf=1J44R-2L&date=2026-12-29&time=7.00PM
136,17uYv0G6G2eNFL3,Harry Potter and the Cursed Child - One Part Show,2026-12-30,13:00:00,False,False,Arts & Theatre,Theatre,Drama,False,KovZ9177gU0,Palace Theatre,"Cambridge Circus, Shaftesbury Avenue",W1D 8AY,London,-0.12970730,51.51316680,All of United Kingdom,201,https://theatre.ticketmaster.co.uk/book/1J44R-harry-potter-and-the-cursed-child-one-part/#perf=1J44R-2M&date=2026-12-30&time=1.00PM
137,17uYv0G6G2eRzOx,Harry Potter and the Cursed Child - One Part Show,2026-12-30,19:00:00,False,False,Arts & Theatre,Theatre,Drama,False,KovZ9177gU0,Palace Theatre,"Cambridge Circus, Shaftesbury Avenue",W1D 8AY,London,-0.12970730,51.51316680,All of United Kingdom,201,https://theatre.ticketmaster.co.uk/book/1J44R-harry-potter-and-the-cursed-child-one-part/#perf=1J44R-2N&date=2026-12-30&time=7.00PM
138,17uYv0G6G2eHz-V,Harry Potter and the Cursed Child - One Part Show,2026-12-31,13:00:00,False,False,Arts & Theatre,Theatre,Drama,False,KovZ9177gU0,Palace Theatre,"Cambridge Circus, Shaftesbury Avenue",W1D 8AY,London,-0.12970730,51.51316680,All of United Kingdom,201,https://theatre.ticketmaster.co.uk/book/1J44R-harry-potter-and-the-cursed-child-one-part/#perf=1J44R-2O&date=2026-12-31&time=1.00PM
139,17uYv0G6G2daIxU,Harry Potter and the Cursed Child - One Part Show,2027-01-01,17:00:00,False,False,Arts & Theatre,Theatre,Drama,False,KovZ9177gU0,Palace Theatre,"Cambridge Circus, Shaftesbury Avenue",W1D 8AY,London,-0.12970730,51.51316680,All of United Kingdom,201,https://theatre.ticketmaster.co.uk/book/1J44R-harry-potter-and-the-cursed-child-one-part/#perf=1J44R-2P&date=2027-01-01&time=5.00PM
140,17uYv0G6G2dNb0r,Harry Potter and the Cursed Child - One Part Show,2027-01-02,19:00:00,False,False,Arts & Theatre,Theatre,Drama,False,KovZ9177gU0,Palace Theatre,"Cambridge Circus, Shaftesbury Avenue",W1D 8AY,London,-0.12970730,51.51316680,All of United Kingdom,201,https://theatre.ticketmaster.co.uk/book/1J44R-harry-potter-and-the-cursed-child-one-part/#perf=1J44R-2R&date=2027-01-02&time=7.00PM
141,17uYv0G6G2dpINV,Harry Potter and the Cursed Child - One Part Show,2027-01-02,13:00:00,False,False,Arts & Theatre,Theatre,Drama,False,KovZ9177gU0,Palace Theatre,"Cambridge Circus, Shaftesbury Avenue",W1D 8AY,London,-0.12970730,51.51316680,All of United Kingdom,201,https://theatre.ticketmaster.co.uk/book/1J44R-harry-potter-and-the-cursed-child-one-part/#perf=1J44R-2Q&date=2027-01-02&time=1.00PM
142,17uYv0G6G2dYbPh,Harry Potter and the Cursed Child - One Part Show,2027-01-03,14:30:00,False,False,Arts & Theatre,Theatre,Drama,False,KovZ9177gU0,Palace Theatre,"Cambridge Circus, Shaftesbury Avenue",W1D 8AY,London,-0.12970730,51.51316680,All of United Kingdom,201,https://theatre.ticketmaster.co.uk/book/1J44R-harry-potter-and-the-cursed-child-one-part/#perf=1J44R-2S&date=2027-01-03&time=2.30PM
143,17uYv0G6G2dWFJ4,Harry Potter and the Cursed Child - One Part Show,2027-01-05,19:00:00,False,False,Arts & Theatre,Theatre,Drama,False,KovZ9177gU0,Palace Theatre,"Cambridge Circus, Shaftesbury Avenue",W1D 8AY,London,-0.12970730,51.51316680,All of United Kingdom,201,https://theatre.ticketmaster.co.uk/book/1J44R-harry-potter-and-the-cursed-child-one-part/#perf=1J44R-2T&date=2027-01-05&time=7.00PM
144,17uYv0G6G271FEF,Harry Potter and the Cursed Child - One Part Show,2027-01-06,13:00:00,False,False,Arts & Theatre,Theatre,Drama,False,KovZ9177gU0,Palace Theatre,"Cambridge Circus, Shaftesbury Avenue",W1D 8AY,London,-0.12970730,51.51316680,All of United Kingdom,201,https://theatre.ticketmaster.co.uk/book/1J44R-harry-potter-and-the-cursed-child-one-part/#perf=1J44R-2U&date=2027-01-06&time=1.00PM
145,17uYv0G6G279FIF,Harry Potter and the Cursed Child - One Part Show,2027-01-06,19:00:00,False,False,Arts & Theatre,Theatre,Drama,False,KovZ9177gU0,Palace Theatre,"Cambridge Circus, Shaftesbury Avenue",W1D 8AY,London,-0.12970730,51.51316680,All of United Kingdom,201,https://theatre.ticketmaster.co.uk/book/1J44R-harry-potter-and-the-cursed-child-one-part/#perf=1J44R-2V&date=2027-01-06&time=7.00PM
146,17uYv0G6G27Nzt5,Harry Potter and the Cursed Child - One Part Show,2027-01-07,19:00:00,False,False,Arts & Theatre,Theatre,Drama,False,KovZ9177gU0,Palace Theatre,"Cambridge Circus, Shaftesbury Avenue",W1D 8AY,London,-0.12970730,51.51316680,All of United Kingdom,201,https://theatre.ticketmaster.co.uk/book/1J44R-harry-potter-and-the-cursed-child-one-part/#perf=1J44R-2W&date=2027-01-07&time=7.00PM
147,17uYv0G6G27YIn2,Harry Potter and the Cursed Child - One Part Show,2027-01-08,19:00:00,False,False,Arts & Theatre,Theatre,Drama,False,KovZ9177gU0,Palace Theatre,"Cambridge Circus, Shaftesbury Avenue",W1D 8AY,London,-0.12970730,51.51316680,All of United Kingdom,201,https://theatre.ticketmaster.co.uk/book/1J44R-harry-potter-and-the-cursed-child-one-part/#perf=1J44R-2X&date=2027-01-08&time=7.00PM
148,17uYv0G6G27WIny,Harry Potter and the Cursed Child - One Part Show,2027-01-09,13:00:00,False,False,Arts & Theatre,Theatre,Drama,False,KovZ9177gU0,Palace Theatre,"Cambridge Circus, Shaftesbury Avenue",W1D 8AY,London,-0.12970730,51.51316680,All of United Kingdom,201,https://theatre.ticketmaster.co.uk/book/1J44R-harry-potter-and-the-cursed-child-one-part/#perf=1J44R-2Y&date=2027-01-09&time=1.00PM
149,17uYv0G6G2A1bia,Harry Potter and the Cursed Child - One Part Show,2027-01-09,19:00:00,False,False,Arts & Theatre,Theatre,Drama,False,KovZ9177gU0,Palace Theatre,"Cambridge Circus, Shaftesbury Avenue",W1D 8AY,London,-0.12970730,51.51316680,All of United Kingdom,201,https://theatre.ticketmaster.co.uk/book/1J44R-harry-potter-and-the-cursed-child-one-part/#perf=1J44R-2Z&date=2027-01-09&time=7.00PM
150,17uYv0G6G2A9biR,Harry Potter and the Cursed Child - One Part Show,2027-01-10,14:30:00,False,False,Arts & Theatre,Theatre,Drama,False,KovZ9177gU0,Palace Theatre,"Cambridge Circus, Shaftesbury Avenue",W1D 8AY,London,-0.12970730,51.51316680,All of United Kingdom,201,https://theatre.ticketmaster.co.uk/book/1J44R-harry-potter-and-the-cursed-child-one-part/#perf=1J44R-30&date=2027-01-10&time=2.30PM
151,17uYv0G6G2A0Fcl,Harry Potter and the Cursed Child - One Part Show,2027-01-12,19:00:00,False,False,Arts & Theatre,Theatre,Drama,False,KovZ9177gU0,Palace Theatre,"Cambridge Circus, Shaftesbury Avenue",W1D 8AY,London,-0.12970730,51.51316680,All of United Kingdom,201,https://theatre.ticketmaster.co.uk/book/1J44R-harry-potter-and-the-cursed-child-one-part/#perf=1J44R-31&date=2027-01-12&time=7.00PM
152,17uYv0G6G2AWIYk,Harry Potter and the Cursed Child - One Part Show,2027-01-13,19:00:00,False,False,Arts & Theatre,Theatre,Drama,False,KovZ9177gU0,Palace Theatre,"Cambridge Circus, Shaftesbury Avenue",W1D 8AY,London,-0.12970730,51.51316680,All of United Kingdom,201,https://theatre.ticketmaster.co.uk/book/1J44R-harry-potter-and-the-cursed-child-one-part/#perf=1J44R-33&date=2027-01-13&time=7.00PM
153,17uYv0G6G2AYzmB,Harry Potter and the Cursed Child - One Part Show,2027-01-13,13:00:00,False,False,Arts & Theatre,Theatre,Drama,False,KovZ9177gU0,Palace Theatre,"Cambridge Circus, Shaftesbury Avenue",W1D 8AY,London,-0.12970730,51.51316680,All of United Kingdom,201,https://theatre.ticketmaster.co.uk/book/1J44R-harry-potter-and-the-cursed-child-one-part/#perf=1J44R-32&date=2027-01-13&time=1.00PM
154,17uYv0G6G2k1IUD,Harry Potter and the Cursed Child - One Part Show,2027-01-14,19:00:00,False,False,Arts & Theatre,Theatre,Drama,False,KovZ9177gU0,Palace Theatre,"Cambridge Circus, Shaftesbury Avenue",W1D 8AY,London,-0.12970730,51.51316680,All of United Kingdom,201,https://theatre.ticketmaster.co.uk/book/1J44R-harry-potter-and-the-cursed-child-one-part/#perf=1J44R-34&date=2027-01-14&time=7.00PM
155,17uYv0G6G2k9bMz,Harry Potter and the Cursed Child - One Part Show,2027-01-15,19:00:00,False,False,Arts & Theatre,Theatre,Drama,False,KovZ9177gU0,Palace Theatre,"Cambridge Circus, Shaftesbury Avenue",W1D 8AY,London,-0.12970730,51.51316680,All of United Kingdom,201,https://theatre.ticketmaster.co.uk/book/1J44R-harry-potter-and-the-cursed-child-one-part/#perf=1J44R-35&date=2027-01-15&time=7.00PM
156,17uYv0G6G2k0Fzs,Harry Potter and the Cursed Child - One Part Show,2027-01-16,13:00:00,False,False,Arts & Theatre,Theatre,Drama,False,KovZ9177gU0,Palace Theatre,"Cambridge Circus, Shaftesbury Avenue",W1D 8AY,London,-0.12970730,51.51316680,All of United Kingdom,201,https://theatre.ticketmaster.co.uk/book/1J44R-harry-potter-and-the-cursed-child-one-part/#perf=1J44R-36&date=2027-01-16&time=1.00PM
157,17uYv0G6G2ksFBD,Harry Potter and the Cursed Child - One Part Show,2027-01-16,19:00:00,False,False,Arts & Theatre,Theatre,Drama,False,KovZ9177gU0,Palace Theatre,"Cambridge Circus, Shaftesbury Avenue",W1D 8AY,London,-0.12970730,51.51316680,All of United Kingdom,201,https://theatre.ticketmaster.co.uk/book/1J44R-harry-potter-and-the-cursed-child-one-part/#perf=1J44R-37&date=2027-01-16&time=7.00PM
158,17uYv0G6G2kWzHk,Harry Potter and the Cursed Child - One Part Show,2027-01-17,14:30:00,False,False,Arts & Theatre,Theatre,Drama,False,KovZ9177gU0,Palace Theatre,"Cambridge Circus, Shaftesbury Avenue",W1D 8AY,London,-0.12970730,51.51316680,All of United Kingdom,201,https://theatre.ticketmaster.co.uk/book/1J44R-harry-potter-and-the-cursed-child-one-part/#perf=1J44R-38&date=2027-01-17&time=2.30PM
159,17uYv0G6G261IWJ,Harry Potter and the Cursed Child - One Part Show,2027-01-19,19:00:00,False,False,Arts & Theatre,Theatre,Drama,False,KovZ9177gU0,Palace Theatre,"Cambridge Circus, Shaftesbury Avenue",W1D 8AY,London,-0.12970730,51.51316680,All of United Kingdom,201,https://theatre.ticketmaster.co.uk/book/1J44R-harry-potter-and-the-cursed-child-one-part/#perf=1J44R-39&date=2027-01-19&time=7.00PM
160,17uYv0G6G260_ZN,Harry Potter and the Cursed Child - One Part Show,2027-01-20,19:00:00,False,False,Arts & Theatre,Theatre,Drama,False,KovZ9177gU0,Palace Theatre,"Cambridge Circus, Shaftesbury Avenue",W1D 8AY,London,-0.12970730,51.51316680,All of United Kingdom,201,https://theatre.ticketmaster.co.uk/book/1J44R-harry-potter-and-the-cursed-child-one-part/#perf=1J44R-3B&date=2027-01-20&time=7.00PM
161,17uYv0G6G269ITL,Harry Potter and the Cursed Child - One Part Show,2027-01-20,13:00:00,False,False,Arts & Theatre,Theatre,Drama,False,KovZ9177gU0,Palace Theatre,"Cambridge Circus, Shaftesbury Avenue",W1D 8AY,London,-0.12970730,51.51316680,All of United Kingdom,201,https://theatre.ticketmaster.co.uk/book/1J44R-harry-potter-and-the-cursed-child-one-part/#perf=1J44R-3A&date=2027-01-20&time=1.00PM
162,17uYv0G6G26savB,Harry Potter and the Cursed Child - One Part Show,2027-01-21,19:00:00,False,False,Arts & Theatre,Theatre,Drama,False,KovZ9177gU0,Palace Theatre,"Cambridge Circus, Shaftesbury Avenue",W1D 8AY,London,-0.12970730,51.51316680,All of United Kingdom,201,https://theatre.ticketmaster.co.uk/book/1J44R-harry-potter-and-the-cursed-child-one-part/#perf=1J44R-3C&date=2027-01-21&time=7.00PM
163,17uYv0G6G26Wyd3,Harry Potter and the Cursed Child - One Part Show,2027-01-22,19:00:00,False,False,Arts & Theatre,Theatre,Drama,False,KovZ9177gU0,Palace Theatre,"Cambridge Circus, Shaftesbury Avenue",W1D 8AY,London,-0.12970730,51.51316680,All of United Kingdom,201,https://theatre.ticketmaster.co.uk/book/1J44R-harry-potter-and-the-cursed-child-one-part/#perf=1J44R-3D&date=2027-01-22&time=7.00PM
164,17uYv0G6G2F1t7S,Harry Potter and the Cursed Child - One Part Show,2027-01-23,13:00:00,False,False,Arts & Theatre,Theatre,Drama,False,KovZ9177gU0,Palace Theatre,"Cambridge Circus, Shaftesbury Avenue",W1D 8AY,London,-0.12970730,51.51316680,All of United Kingdom,201,https://theatre.ticketmaster.co.uk/book/1J44R-harry-potter-and-the-cursed-child-one-part/#perf=1J44R-3E&date=2027-01-23&time=1.00PM
165,17uYv0G6G2F9yAK,Harry Potter and the Cursed Child - One Part Show,2027-01-23,19:00:00,False,False,Arts & Theatre,Theatre,Drama,False,KovZ9177gU0,Palace Theatre,"Cambridge Circus, Shaftesbury Avenue",W1D 8AY,London,-0.12970730,51.51316680,All of United Kingdom,201,https://theatre.ticketmaster.co.uk/book/1J44R-harry-potter-and-the-cursed-child-one-part/#perf=1J44R-3F&date=2027-01-23&time=7.00PM
166,17uYv0G6G2F0tkL,Harry Potter and the Cursed Child - One Part Show,2027-01-24,14:30:00,False,False,Arts & Theatre,Theatre,Drama,False,KovZ9177gU0,Palace Theatre,"Cambridge Circus, Shaftesbury Avenue",W1D 8AY,London,-0.12970730,51.51316680,All of United Kingdom,201,https://theatre.ticketmaster.co.uk/book/1J44R-harry-potter-and-the-cursed-child-one-part/#perf=1J44R-3G&date=2027-01-24&time=2.30PM
167,17uYv0G6G2Fs_6g,Harry Potter and the Cursed Child - One Part Show,2027-01-26,19:00:00,False,False,Arts & Theatre,Theatre,Drama,False,KovZ9177gU0,Palace Theatre,"Cambridge Circus, Shaftesbury Avenue",W1D 8AY,London,-0.12970730,51.51316680,All of United Kingdom,201,https://theatre.ticketmaster.co.uk/book/1J44R-harry-potter-and-the-cursed-child-one-part/#perf=1J44R-3H&date=2027-01-26&time=7.00PM
168,17uYv0G6G2FX_a2,Harry Potter and the Cursed Child - One Part Show,2027-01-27,13:00:00,False,False,Arts & Theatre,Theatre,Drama,False,KovZ9177gU0,Palace Theatre,"Cambridge Circus, Shaftesbury Avenue",W1D 8AY,London,-0.12970730,51.51316680,All of United Kingdom,201,https://theatre.ticketmaster.co.uk/book/1J44R-harry-potter-and-the-cursed-child-one-part/#perf=1J44R-3I&date=2027-01-27&time=1.00PM
169,17uYv0G6G2a5a1L,Harry Potter and the Cursed Child - One Part Show,2027-01-27,19:00:00,False,False,Arts & Theatre,Theatre,Drama,False,KovZ9177gU0,Palace Theatre,"Cambridge Circus, Shaftesbury Avenue",W1D 8AY,London,-0.12970730,51.51316680,All of United Kingdom,201,https://theatre.ticketmaster.co.uk/book/1J44R-harry-potter-and-the-cursed-child-one-part/#perf=1J44R-3J&date=2027-01-27&time=7.00PM
170,17uYv0G6G2aba5P,Harry Potter and the Cursed Child - One Part Show,2027-01-28,19:00:00,False,False,Arts & Theatre,Theatre,Drama,False,KovZ9177gU0,Palace Theatre,"Cambridge Circus, Shaftesbury Avenue",W1D 8AY,London,-0.12970730,51.51316680,All of United Kingdom,201,https://theatre.ticketmaster.co.uk/book/1J44R-harry-potter-and-the-cursed-child-one-part/#perf=1J44R-3K&date=2027-01-28&time=7.00PM
171,17uYv0G6G2a0yGo,Harry Potter and the Cursed Child - One Part Show,2027-01-29,19:00:00,False,False,Arts & Theatre,Theatre,Drama,False,KovZ9177gU0,Palace Theatre,"Cambridge Circus, Shaftesbury Avenue",W1D 8AY,London,-0.12970730,51.51316680,All of United Kingdom,201,https://theatre.ticketmaster.co.uk/book/1J44R-harry-potter-and-the-cursed-child-one-part/#perf=1J44R-3L&date=2027-01-29&time=7.00PM
172,17uYv0G6G2aXtCu,Harry Potter and the Cursed Child - One Part Show,2027-01-30,19:00:00,False,False,Arts & Theatre,Theatre,Drama,False,KovZ9177gU0,Palace Theatre,"Cambridge Circus, Shaftesbury Avenue",W1D 8AY,London,-0.12970730,51.51316680,All of United Kingdom,201,https://theatre.ticketmaster.co.uk/book/1J44R-harry-potter-and-the-cursed-child-one-part/#perf=1J44R-3N&date=2027-01-30&time=7.00PM
173,17uYv0G6G2astu9,Harry Potter and the Cursed Child - One Part Show,2027-01-30,13:00:00,False,False,Arts & Theatre,Theatre,Drama,False,KovZ9177gU0,Palace Theatre,"Cambridge Circus, Shaftesbury Avenue",W1D 8AY,London,-0.12970730,51.51316680,All of United Kingdom,201,https://theatre.ticketmaster.co.uk/book/1J44R-harry-potter-and-the-cursed-child-one-part/#perf=1J44R-3M&date=2027-01-30&time=1.00PM
174,17uYv0G6G215_20,Harry Potter and the Cursed Child - One Part Show,2027-01-31,14:30:00,False,False,Arts & Theatre,Theatre,Drama,False,KovZ9177gU0,Palace Theatre,"Cambridge Circus, Shaftesbury Avenue",W1D 8AY,London,-0.12970730,51.51316680,All of United Kingdom,201,https://theatre.ticketmaster.co.uk/book/1J44R-harry-potter-and-the-cursed-child-one-part/#perf=1J44R-3O&date=2027-01-31&time=2.30PM
175,17uYv0G6G21ba8t,Harry Potter and the Cursed Child - One Part Show,2027-02-02,19:00:00,False,False,Arts & Theatre,Theatre,Drama,False,KovZ9177gU0,Palace Theatre,"Cambridge Circus, Shaftesbury Avenue",W1D 8AY,London,-0.12970730,51.51316680,All of United Kingdom,201,https://theatre.ticketmaster.co.uk/book/1J44R-harry-potter-and-the-cursed-child-one-part/#perf=1J44R-3P&date=2027-02-02&time=7.00PM
176,17uYv0G6G210yo-,Harry Potter and the Cursed Child - One Part Show,2027-02-03,13:00:00,False,False,Arts & Theatre,Theatre,Drama,False,KovZ9177gU0,Palace Theatre,"Cambridge Circus, Shaftesbury Avenue",W1D 8AY,London,-0.12970730,51.51316680,All of United Kingdom,201,https://theatre.ticketmaster.co.uk/book/1J44R-harry-potter-and-the-cursed-child-one-part/#perf=1J44R-3Q&date=2027-02-03&time=1.00PM
177,17uYv0G6G21sy3f,Harry Potter and the Cursed Child - One Part Show,2027-02-03,19:00:00,False,False,Arts & Theatre,Theatre,Drama,False,KovZ9177gU0,Palace Theatre,"Cambridge Circus, Shaftesbury Avenue",W1D 8AY,London,-0.12970730,51.51316680,All of United Kingdom,201,https://theatre.ticketmaster.co.uk/book/1J44R-harry-potter-and-the-cursed-child-one-part/#perf=1J44R-3R&date=2027-02-03&time=7.00PM
178,17uYv0G6G21Xt3w,Harry Potter and the Cursed Child - One Part Show,2027-02-04,19:00:00,False,False,Arts & Theatre,Theatre,Drama,False,KovZ9177gU0,Palace Theatre,"Cambridge Circus, Shaftesbury Avenue",W1D 8AY,London,-0.12970730,51.51316680,All of United Kingdom,201,https://theatre.ticketmaster.co.uk/book/1J44R-harry-potter-and-the-cursed-child-one-part/#perf=1J44R-3S&date=2027-02-04&time=7.00PM
179,17uYv0G6G255_KU,Harry Potter and the Cursed Child - One Part Show,2027-02-05,19:00:00,False,False,Arts & Theatre,Theatre,Drama,False,KovZ9177gU0,Palace Theatre,"Cambridge Circus, Shaftesbury Avenue",W1D 8AY,London,-0.12970730,51.51316680,All of United Kingdom,201,https://theatre.ticketmaster.co.uk/book/1J44R-harry-potter-and-the-cursed-child-one-part/#perf=1J44R-3T&date=2027-02-05&time=7.00PM
180,17uYv0G6G250ypX,Harry Potter and the Cursed Child - One Part Show,2027-02-06,19:00:00,False,False,Arts & Theatre,Theatre,Drama,False,KovZ9177gU0,Palace Theatre,"Cambridge Circus, Shaftesbury Avenue",W1D 8AY,London,-0.12970730,51.51316680,All of United Kingdom,201,https://theatre.ticketmaster.co.uk/book/1J44R-harry-potter-and-the-cursed-child-one-part/#perf=1J44R-3V&date=2027-02-06&time=7.00PM
181,17uYv0G6G25bafX,Harry Potter and the Cursed Child - One Part Show,2027-02-06,13:00:00,False,False,Arts & Theatre,Theatre,Drama,False,KovZ9177gU0,Palace Theatre,"Cambridge Circus, Shaftesbury Avenue",W1D 8AY,London,-0.12970730,51.51316680,All of United Kingdom,201,https://theatre.ticketmaster.co.uk/book/1J44R-harry-potter-and-the-cursed-child-one-part/#perf=1J44R-3U&date=2027-02-06&time=1.00PM
182,17uYv0G6G25sy9I,Harry Potter and the Cursed Child - One Part Show,2027-02-07,14:30:00,False,False,Arts & Theatre,Theatre,Drama,False,KovZ9177gU0,Palace Theatre,"Cambridge Circus, Shaftesbury Avenue",W1D 8AY,London,-0.12970730,51.51316680,All of United Kingdom,201,https://theatre.ticketmaster.co.uk/book/1J44R-harry-potter-and-the-cursed-child-one-part/#perf=1J44R-3W&date=2027-02-07&time=2.30PM
183,17uYv0G6G25Xtbr,Harry Potter and the Cursed Child - One Part Show,2027-02-09,19:00:00,False,False,Arts & Theatre,Theatre,Drama,False,KovZ9177gU0,Palace Theatre,"Cambridge Circus, Shaftesbury Avenue",W1D 8AY,London,-0.12970730,51.51316680,All of United Kingdom,201,https://theatre.ticketmaster.co.uk/book/1J44R-harry-potter-and-the-cursed-child-one-part/#perf=1J44R-3X&date=2027-02-09&time=7.00PM
184,17uYv0G6G2G5t_C,Harry Potter and the Cursed Child - One Part Show,2027-02-10,13:00:00,False,False,Arts & Theatre,Theatre,Drama,False,KovZ9177gU0,Palace Theatre,"Cambridge Circus, Shaftesbury Avenue",W1D 8AY,London,-0.12970730,51.51316680,All of United Kingdom,201,https://theatre.ticketmaster.co.uk/book/1J44R-harry-potter-and-the-cursed-child-one-part/#perf=1J44R-3Y&date=2027-02-10&time=1.00PM
185,17uYv0G6G2Gb_Qj,Harry Potter and the Cursed Child - One Part Show,2027-02-10,19:00:00,False,False,Arts & Theatre,Theatre,Drama,False,KovZ9177gU0,Palace Theatre,"Cambridge Circus, Shaftesbury Avenue",W1D 8AY,London,-0.12970730,51.51316680,All of United Kingdom,201,https://theatre.ticketmaster.co.uk/book/1J44R-harry-potter-and-the-cursed-child-one-part/#perf=1J44R-3Z&date=2027-02-10&time=7.00PM
186,17uYv0G6G2GPah9,Harry Potter and the Cursed Child - One Part Show,2027-02-11,19:00:00,False,False,Arts & Theatre,Theatre,Drama,False,KovZ9177gU0,Palace Theatre,"Cambridge Circus, Shaftesbury Avenue",W1D 8AY,London,-0.12970730,51.51316680,All of United Kingdom,201,https://theatre.ticketmaster.co.uk/book/1J44R-harry-potter-and-the-cursed-child-one-part/#perf=1J44R-40&date=2027-02-11&time=7.00PM
187,17uYv0G6G2Gsyjo,Harry Potter and the Cursed Child - One Part Show,2027-02-12,19:00:00,False,False,Arts & Theatre,Theatre,Drama,False,KovZ9177gU0,Palace Theatre,"Cambridge Circus, Shaftesbury Avenue",W1D 8AY,London,-0.12970730,51.51316680,All of United Kingdom,201,https://theatre.ticketmaster.co.uk/book/1J44R-harry-potter-and-the-cursed-child-one-part/#perf=1J44R-41&date=2027-02-12&time=7.00PM
188,17uYv0G6G2GXtqF,Harry Potter and the Cursed Child - One Part Show,2027-02-13,13:00:00,False,False,Arts & Theatre,Theatre,Drama,False,KovZ9177gU0,Palace Theatre,"Cambridge Circus, Shaftesbury Avenue",W1D 8AY,London,-0.12970730,51.51316680,All of United Kingdom,201,https://theatre.ticketmaster.co.uk/book/1J44R-harry-potter-and-the-cursed-child-one-part/#perf=1J44R-42&date=2027-02-13&time=1.00PM
189,17uYv0G6G2u5_rA,Harry Potter and the Cursed Child - One Part Show,2027-02-13,19:00:00,False,False,Arts & Theatre,Theatre,Drama,False,KovZ9177gU0,Palace Theatre,"Cambridge Circus, Shaftesbury Avenue",W1D 8AY,London,-0.12970730,51.51316680,All of United Kingdom,201,https://theatre.ticketmaster.co.uk/book/1J44R-harry-potter-and-the-cursed-child-one-part/#perf=1J44R-43&date=2027-02-13&time=7.00PM
190,17uYv0G6G2ub_rU,Harry Potter and the Cursed Child - One Part Show,2027-02-14,14:30:00,False,False,Arts & Theatre,Theatre,Drama,False,KovZ9177gU0,Palace Theatre,"Cambridge Circus, Shaftesbury Avenue",W1D 8AY,London,-0.12970730,51.51316680,All of United Kingdom,201,https://theatre.ticketmaster.co.uk/book/1J44R-harry-potter-and-the-cursed-child-one-part/#perf=1J44R-44&date=2027-02-14&time=2.30PM
191,17uYv0G6G2uPaLx,Harry Potter and the Cursed Child - One Part Show,2027-02-16,19:00:00,False,False,Arts & Theatre,Theatre,Drama,False,KovZ9177gU0,Palace Theatre,"Cambridge Circus, Shaftesbury Avenue",W1D 8AY,London,-0.12970730,51.51316680,All of United Kingdom,201,https://theatre.ticketmaster.co.uk/book/1J44R-harry-potter-and-the-cursed-child-one-part/#perf=1J44R-45&date=2027-02-16&time=7.00PM
192,17uYv0G6G2uTaOM,Harry Potter and the Cursed Child - One Part Show,2027-02-17,19:00:00,False,False,Arts & Theatre,Theatre,Drama,False,KovZ9177gU0,Palace Theatre,"Cambridge Circus, Shaftesbury Avenue",W1D 8AY,London,-0.12970730,51.51316680,All of United Kingdom,201,https://theatre.ticketmaster.co.uk/book/1J44R-harry-potter-and-the-cursed-child-one-part/#perf=1J44R-47&date=2027-02-17&time=7.00PM
193,17uYv0G6G2uw_Oa,Harry Potter and the Cursed Child - One Part Show,2027-02-17,13:00:00,False,False,Arts & Theatre,Theatre,Drama,False,KovZ9177gU0,Palace Theatre,"Cambridge Circus, Shaftesbury Avenue",W1D 8AY,London,-0.12970730,51.51316680,All of United Kingdom,201,https://theatre.ticketmaster.co.uk/book/1J44R-harry-potter-and-the-cursed-child-one-part/#perf=1J44R-46&date=2027-02-17&time=1.00PM
194,17uYv0G6G2CGa-w,Harry Potter and the Cursed Child - One Part Show,2027-02-18,19:00:00,False,False,Arts & Theatre,Theatre,Drama,False,KovZ9177gU0,Palace Theatre,"Cambridge Circus, Shaftesbury Avenue",W1D 8AY,London,-0.12970730,51.51316680,All of United Kingdom,201,https://theatre.ticketmaster.co.uk/book/1J44R-harry-potter-and-the-cursed-child-one-part/#perf=1J44R-48&date=2027-02-18&time=7.00PM
195,17uYv0G6G2CPtNI,Harry Potter and the Cursed Child - One Part Show,2027-02-19,19:00:00,False,False,Arts & Theatre,Theatre,Drama,False,KovZ9177gU0,Palace Theatre,"Cambridge Circus, Shaftesbury Avenue",W1D 8AY,London,-0.12970730,51.51316680,All of United Kingdom,201,https://theatre.ticketmaster.co.uk/book/1J44R-harry-potter-and-the-cursed-child-one-part/#perf=1J44R-4A&date=2027-02-19&time=7.00PM
196,17uYv0G6G2CbyxU,Harry Potter and the Cursed Child - One Part Show,2027-02-19,13:00:00,False,False,Arts & Theatre,Theatre,Drama,False,KovZ9177gU0,Palace Theatre,"Cambridge Circus, Shaftesbury Avenue",W1D 8AY,London,-0.12970730,51.51316680,All of United Kingdom,201,https://theatre.ticketmaster.co.uk/book/1J44R-harry-potter-and-the-cursed-child-one-part/#perf=1J44R-49&date=2027-02-19&time=1.00PM
197,17uYv0G6G2CT_0T,Harry Potter and the Cursed Child - One Part Show,2027-02-20,19:00:00,False,False,Arts & Theatre,Theatre,Drama,False,KovZ9177gU0,Palace Theatre,"Cambridge Circus, Shaftesbury Avenue",W1D 8AY,London,-0.12970730,51.51316680,All of United Kingdom,201,https://theatre.ticketmaster.co.uk/book/1J44R-harry-potter-and-the-cursed-child-one-part/#perf=1J44R-4C&date=2027-02-20&time=7.00PM
198,17uYv0G6G2Cwt0v,Harry Potter and the Cursed Child - One Part Show,2027-02-20,13:00:00,False,False,Arts & Theatre,Theatre,Drama,False,KovZ9177gU0,Palace Theatre,"Cambridge Circus, Shaftesbury Avenue",W1D 8AY,London,-0.12970730,51.51316680,All of United Kingdom,201,https://theatre.ticketmaster.co.uk/book/1J44R-harry-potter-and-the-cursed-child-one-part/#perf=1J44R-4B&date=2027-02-20&time=1.00PM
199,17uYv0G6G22GaPl,Harry Potter and the Cursed Child - One Part Show,2027-02-21,14:30:00,False,False,Arts & Theatre,Theatre,Drama,False,KovZ9177gU0,Palace Theatre,"Cambridge Circus, Shaftesbury Avenue",W1D 8AY,London,-0.12970730,51.51316680,All of United Kingdom,201,https://theatre.ticketmaster.co.uk/book/1J44R-harry-potter-and-the-cursed-child-one-part/#perf=1J44R-4D&date=2027-02-21&time=2.30PM
200,17uYv0G6G22__JF,Harry Potter and the Cursed Child - One Part Show,2027-02-23,19:00:00,False,False,Arts & Theatre,Theatre,Drama,False,KovZ9177gU0,Palace Theatre,"Cambridge Circus, Shaftesbury Avenue",W1D 8AY,London,-0.12970730,51.51316680,All of United Kingdom,201,https://theatre.ticketmaster.co.uk/book/1J44R-harry-potter-and-the-cursed-child-one-part/#perf=1J44R-4E&date=2027-02-23&time=7.00PM
201,17uYv0G6G22JaJU,Harry Potter and the Cursed Child - One Part Show,2027-02-24,19:00:00,False,False,Arts & Theatre,Theatre,Drama,False,KovZ9177gU0,Palace Theatre,"Cambridge Circus, Shaftesbury Avenue",W1D 8AY,London,-0.12970730,51.51316680,All of United Kingdom,201,https://theatre.ticketmaster.co.uk/book/1J44R-harry-potter-and-the-cursed-child-one-part/#perf=1J44R-4F&date=2027-02-24&time=7.00PM
202,17uYv0G6G22SaEi,Harry Potter and the Cursed Child - One Part Show,2027-02-25,19:00:00,False,False,Arts & Theatre,Theatre,Drama,False,KovZ9177gU0,Palace Theatre,"Cambridge Circus, Shaftesbury Avenue",W1D 8AY,London,-0.12970730,51.51316680,All of United Kingdom,201,https://theatre.ticketmaster.co.uk/book/1J44R-harry-potter-and-the-cursed-child-one-part/#perf=1J44R-4G&date=2027-02-25&time=7.00PM
203,17uYv0G6G22TyIC,Harry Potter and the Cursed Child - One Part Show,2027-02-26,19:00:00,False,False,Arts & Theatre,Theatre,Drama,False,KovZ9177gU0,Palace Theatre,"Cambridge Circus, Shaftesbury Avenue",W1D 8AY,London,-0.12970730,51.51316680,All of United Kingdom,201,https://theatre.ticketmaster.co.uk/book/1J44R-harry-potter-and-the-cursed-child-one-part/#perf=1J44R-4H&date=2027-02-26&time=7.00PM
204,17uYv0G6G28GttJ,Harry Potter and the Cursed Child - One Part Show,2027-02-27,13:00:00,False,False,Arts & Theatre,Theatre,Drama,False,KovZ9177gU0,Palace Theatre,"Cambridge Circus, Shaftesbury Avenue",W1D 8AY,London,-0.12970730,51.51316680,All of United Kingdom,201,https://theatre.ticketmaster.co.uk/book/1J44R-harry-potter-and-the-cursed-child-one-part/#perf=1J44R-4I&date=2027-02-27&time=1.00PM
205,17uYv0G6G28_tnK,Harry Potter and the Cursed Child - One Part Show,2027-02-27,19:00:00,False,False,Arts & Theatre,Theatre,Drama,False,KovZ9177gU0,Palace Theatre,"Cambridge Circus, Shaftesbury Avenue",W1D 8AY,London,-0.12970730,51.51316680,All of United Kingdom,201,https://theatre.ticketmaster.co.uk/book/1J44R-harry-potter-and-the-cursed-child-one-part/#perf=1J44R-4J&date=2027-02-27&time=7.00PM
206,17uYv0G6G28J_nX,Harry Potter and the Cursed Child - One Part Show,2027-02-28,14:30:00,False,False,Arts & Theatre,Theatre,Drama,False,KovZ9177gU0,Palace Theatre,"Cambridge Circus, Shaftesbury Avenue",W1D 8AY,London,-0.12970730,51.51316680,All of United Kingdom,201,https://theatre.ticketmaster.co.uk/book/1J44R-harry-potter-and-the-cursed-child-one-part/#perf=1J44R-4K&date=2027-02-28&time=2.30PM
207,17uYv0G6G28S_R6,Harry Potter and the Cursed Child - One Part Show,2027-03-02,19:00:00,False,False,Arts & Theatre,Theatre,Drama,False,KovZ9177gU0,Palace Theatre,"Cambridge Circus, Shaftesbury Avenue",W1D 8AY,London,-0.12970730,51.51316680,All of United Kingdom,201,https://theatre.ticketmaster.co.uk/book/1J44R-harry-potter-and-the-cursed-child-one-part/#perf=1J44R-4L&date=2027-03-02&time=7.00PM
208,17uYv0G6G2oZaRE,Harry Potter and the Cursed Child - One Part Show,2027-03-03,13:00:00,False,False,Arts & Theatre,Theatre,Drama,False,KovZ9177gU0,Palace Theatre,"Cambridge Circus, Shaftesbury Avenue",W1D 8AY,London,-0.12970730,51.51316680,All of United Kingdom,201,https://theatre.ticketmaster.co.uk/book/1J44R-harry-potter-and-the-cursed-child-one-part/#perf=1J44R-4M&date=2027-03-03&time=1.00PM
209,17uYv0G6G2ouaYJ,Harry Potter and the Cursed Child - One Part Show,2027-03-03,19:00:00,False,False,Arts & Theatre,Theatre,Drama,False,KovZ9177gU0,Palace Theatre,"Cambridge Circus, Shaftesbury Avenue",W1D 8AY,London,-0.12970730,51.51316680,All of United Kingdom,201,https://theatre.ticketmaster.co.uk/book/1J44R-harry-potter-and-the-cursed-child-one-part/#perf=1J44R-4N&date=2027-03-03&time=7.00PM
210,17uYv0G6G2o_ysh,Harry Potter and the Cursed Child - One Part Show,2027-03-04,19:00:00,False,False,Arts & Theatre,Theatre,Drama,False,KovZ9177gU0,Palace Theatre,"Cambridge Circus, Shaftesbury Avenue",W1D 8AY,London,-0.12970730,51.51316680,All of United Kingdom,201,https://theatre.ticketmaster.co.uk/book/1J44R-harry-potter-and-the-cursed-child-one-part/#perf=1J44R-4O&date=2027-03-04&time=7.00PM
211,17uYv0G6G2oJtw7,Harry Potter and the Cursed Child - One Part Show,2027-03-05,19:00:00,False,False,Arts & Theatre,Theatre,Drama,False,KovZ9177gU0,Palace Theatre,"Cambridge Circus, Shaftesbury Avenue",W1D 8AY,London,-0.12970730,51.51316680,All of United Kingdom,201,https://theatre.ticketmaster.co.uk/book/1J44R-harry-potter-and-the-cursed-child-one-part/#perf=1J44R-4P&date=2027-03-05&time=7.00PM
212,17uYv0G6G23Z_wH,Harry Potter and the Cursed Child - One Part Show,2027-03-06,19:00:00,False,False,Arts & Theatre,Theatre,Drama,False,KovZ9177gU0,Palace Theatre,"Cambridge Circus, Shaftesbury Avenue",W1D 8AY,London,-0.12970730,51.51316680,All of United Kingdom,201,https://theatre.ticketmaster.co.uk/book/1J44R-harry-potter-and-the-cursed-child-one-part/#perf=1J44R-4R&date=2027-03-06&time=7.00PM
213,17uYv0G6G2oS_wq,Harry Potter and the Cursed Child - One Part Show,2027-03-06,13:00:00,False,False,Arts & Theatre,Theatre,Drama,False,KovZ9177gU0,Palace Theatre,"Cambridge Circus, Shaftesbury Avenue",W1D 8AY,London,-0.12970730,51.51316680,All of United Kingdom,201,https://theatre.ticketmaster.co.uk/book/1J44R-harry-potter-and-the-cursed-child-one-part/#perf=1J44R-4Q&date=2027-03-06&time=1.00PM
214,17uYv0G6G23uaVF,Harry Potter and the Cursed Child - One Part Show,2027-03-07,14:30:00,False,False,Arts & Theatre,Theatre,Drama,False,KovZ9177gU0,Palace Theatre,"Cambridge Circus, Shaftesbury Avenue",W1D 8AY,London,-0.12970730,51.51316680,All of United Kingdom,201,https://theatre.ticketmaster.co.uk/book/1J44R-harry-potter-and-the-cursed-child-one-part/#perf=1J44R-4S&date=2027-03-07&time=2.30PM
215,17uYv0G6G23_yge,Harry Potter and the Cursed Child - One Part Show,2027-03-09,19:00:00,False,False,Arts & Theatre,Theatre,Drama,False,KovZ9177gU0,Palace Theatre,"Cambridge Circus, Shaftesbury Avenue",W1D 8AY,London,-0.12970730,51.51316680,All of United Kingdom,201,https://theatre.ticketmaster.co.uk/book/1J44R-harry-potter-and-the-cursed-child-one-part/#perf=1J44R-4T&date=2027-03-09&time=7.00PM
216,17uYv0G6G23JyUe,Harry Potter and the Cursed Child - One Part Show,2027-03-10,13:00:00,False,False,Arts & Theatre,Theatre,Drama,False,KovZ9177gU0,Palace Theatre,"Cambridge Circus, Shaftesbury Avenue",W1D 8AY,London,-0.12970730,51.51316680,All of United Kingdom,201,https://theatre.ticketmaster.co.uk/book/1J44R-harry-potter-and-the-cursed-child-one-part/#perf=1J44R-4U&date=2027-03-10&time=1.00PM
217,17uYv0G6G23StUD,Harry Potter and the Cursed Child - One Part Show,2027-03-10,19:00:00,False,False,Arts & Theatre,Theatre,Drama,False,KovZ9177gU0,Palace Theatre,"Cambridge Circus, Shaftesbury Avenue",W1D 8AY,London,-0.12970730,51.51316680,All of United Kingdom,201,https://theatre.ticketmaster.co.uk/book/1J44R-harry-potter-and-the-cursed-child-one-part/#perf=1J44R-4V&date=2027-03-10&time=7.00PM
218,17uYv0G6G2KG_yZ,Harry Potter and the Cursed Child - One Part Show,2027-03-12,19:00:00,False,False,Arts & Theatre,Theatre,Drama,False,KovZ9177gU0,Palace Theatre,"Cambridge Circus, Shaftesbury Avenue",W1D 8AY,London,-0.12970730,51.51316680,All of United Kingdom,201,https://theatre.ticketmaster.co.uk/book/1J44R-harry-potter-and-the-cursed-child-one-part/#perf=1J44R-4X&date=2027-03-12&time=7.00PM
219,17uYv0G6G2KJaBT,Harry Potter and the Cursed Child - One Part Show,2027-03-13,19:00:00,False,False,Arts & Theatre,Theatre,Drama,False,KovZ9177gU0,Palace Theatre,"Cambridge Circus, Shaftesbury Avenue",W1D 8AY,London,-0.12970730,51.51316680,All of United Kingdom,201,https://theatre.ticketmaster.co.uk/book/1J44R-harry-potter-and-the-cursed-child-one-part/#perf=1J44R-4Z&date=2027-03-13&time=7.00PM
220,17uYv0G6G2K_ayB,Harry Potter and the Cursed Child - One Part Show,2027-03-13,13:00:00,False,False,Arts & Theatre,Theatre,Drama,False,KovZ9177gU0,Palace Theatre,"Cambridge Circus, Shaftesbury Avenue",W1D 8AY,London,-0.12970730,51.51316680,All of United Kingdom,201,https://theatre.ticketmaster.co.uk/book/1J44R-harry-potter-and-the-cursed-child-one-part/#perf=1J44R-4Y&date=2027-03-13&time=1.00PM
221,17uYv0G6G2KwyDW,Harry Potter and the Cursed Child - One Part Show,2027-03-14,14:30:00,False,False,Arts & Theatre,Theatre,Drama,False,KovZ9177gU0,Palace Theatre,"Cambridge Circus, Shaftesbury Avenue",W1D 8AY,London,-0.12970730,51.51316680,All of United Kingdom,201,https://theatre.ticketmaster.co.uk/book/1J44R-harry-potter-and-the-cursed-child-one-part/#perf=1J44R-50&date=2027-03-14&time=2.30PM
222,17uYv0G6G2KTtHX,Harry Potter and the Cursed Child - One Part Show,2027-03-16,19:00:00,False,False,Arts & Theatre,Theatre,Drama,False,KovZ9177gU0,Palace Theatre,"Cambridge Circus, Shaftesbury Avenue",W1D 8AY,London,-0.12970730,51.51316680,All of United Kingdom,201,https://theatre.ticketmaster.co.uk/book/1J44R-harry-potter-and-the-cursed-child-one-part/#perf=1J44R-51&date=2027-03-16&time=7.00PM
223,17uYv0G6G2fG_X1,Harry Potter and the Cursed Child - One Part Show,2027-03-17,13:00:00,False,False,Arts & Theatre,Theatre,Drama,False,KovZ9177gU0,Palace Theatre,"Cambridge Circus, Shaftesbury Avenue",W1D 8AY,London,-0.12970730,51.51316680,All of United Kingdom,201,https://theatre.ticketmaster.co.uk/book/1J44R-harry-potter-and-the-cursed-child-one-part/#perf=1J44R-52&date=2027-03-17&time=1.00PM
224,17uYv0G6G2f_1Z0,Harry Potter and the Cursed Child - One Part Show,2027-03-17,19:00:00,False,False,Arts & Theatre,Theatre,Drama,False,KovZ9177gU0,Palace Theatre,"Cambridge Circus, Shaftesbury Avenue",W1D 8AY,London,-0.12970730,51.51316680,All of United Kingdom,201,https://theatre.ticketmaster.co.uk/book/1J44R-harry-potter-and-the-cursed-child-one-part/#perf=1J44R-53&date=2027-03-17&time=7.00PM
225,17uYv0G6G2fJ1vw,Harry Potter and the Cursed Child - One Part Show,2027-03-18,19:00:00,False,False,Arts & Theatre,Theatre,Drama,False,KovZ9177gU0,Palace Theatre,"Cambridge Circus, Shaftesbury Avenue",W1D 8AY,London,-0.12970730,51.51316680,All of United Kingdom,201,https://theatre.ticketmaster.co.uk/book/1J44R-harry-potter-and-the-cursed-child-one-part/#perf=1J44R-54&date=2027-03-18&time=7.00PM
226,17uYv0G6G2fwBeK,Harry Potter and the Cursed Child - One Part Show,2027-03-19,19:00:00,False,False,Arts & Theatre,Theatre,Drama,False,KovZ9177gU0,Palace Theatre,"Cambridge Circus, Shaftesbury Avenue",W1D 8AY,London,-0.12970730,51.51316680,All of United Kingdom,201,https://theatre.ticketmaster.co.uk/book/1J44R-harry-potter-and-the-cursed-child-one-part/#perf=1J44R-55&date=2027-03-19&time=7.00PM
227,17uYv0G6G24GQ72,Harry Potter and the Cursed Child - One Part Show,2027-03-20,19:00:00,False,False,Arts & Theatre,Theatre,Drama,False,KovZ9177gU0,Palace Theatre,"Cambridge Circus, Shaftesbury Avenue",W1D 8AY,London,-0.12970730,51.51316680,All of United Kingdom,201,https://theatre.ticketmaster.co.uk/book/1J44R-harry-potter-and-the-cursed-child-one-part/#perf=1J44R-57&date=2027-03-20&time=7.00PM
228,17uYv0G6G2fTndp,Harry Potter and the Cursed Child - One Part Show,2027-03-20,13:00:00,False,False,Arts & Theatre,Theatre,Drama,False,KovZ9177gU0,Palace Theatre,"Cambridge Circus, Shaftesbury Avenue",W1D 8AY,London,-0.12970730,51.51316680,All of United Kingdom,201,https://theatre.ticketmaster.co.uk/book/1J44R-harry-potter-and-the-cursed-child-one-part/#perf=1J44R-56&date=2027-03-20&time=1.00PM
229,17uYv0G6G24_QAZ,Harry Potter and the Cursed Child - One Part Show,2027-03-21,14:30:00,False,False,Arts & Theatre,Theatre,Drama,False,KovZ9177gU0,Palace Theatre,"Cambridge Circus, Shaftesbury Avenue",W1D 8AY,London,-0.12970730,51.51316680,All of United Kingdom,201,https://theatre.ticketmaster.co.uk/book/1J44R-harry-potter-and-the-cursed-child-one-part/#perf=1J44R-58&date=2027-03-21&time=2.30PM
230,17uYv0G6G24JQkb,Harry Potter and the Cursed Child - One Part Show,2027-03-23,19:00:00,False,False,Arts & Theatre,Theatre,Drama,False,KovZ9177gU0,Palace Theatre,"Cambridge Circus, Shaftesbury Avenue",W1D 8AY,London,-0.12970730,51.51316680,All of United Kingdom,201,https://theatre.ticketmaster.co.uk/book/1J44R-harry-potter-and-the-cursed-child-one-part/#perf=1J44R-59&date=2027-03-23&time=7.00PM
231,17uYv0G6G24TQ6l,Harry Potter and the Cursed Child - One Part Show,2027-03-24,19:00:00,False,False,Arts & Theatre,Theatre,Drama,False,KovZ9177gU0,Palace Theatre,"Cambridge Circus, Shaftesbury Avenue",W1D 8AY,London,-0.12970730,51.51316680,All of United Kingdom,201,https://theatre.ticketmaster.co.uk/book/1J44R-harry-potter-and-the-cursed-child-one-part/#perf=1J44R-5B&date=2027-03-24&time=7.00PM
232,17uYv0G6G2pG1FR,Harry Potter and the Cursed Child - One Part Show,2027-03-25,19:00:00,False,False,Arts & Theatre,Theatre,Drama,False,KovZ9177gU0,Palace Theatre,"Cambridge Circus, Shaftesbury Avenue",W1D 8AY,London,-0.12970730,51.51316680,All of United Kingdom,201,https://theatre.ticketmaster.co.uk/book/1J44R-harry-potter-and-the-cursed-child-one-part/#perf=1J44R-5C&date=2027-03-25&time=7.00PM
233,17uYv0G6G2p_1ag,Harry Potter and the Cursed Child - One Part Show,2027-03-26,19:00:00,False,False,Arts & Theatre,Theatre,Drama,False,KovZ9177gU0,Palace Theatre,"Cambridge Circus, Shaftesbury Avenue",W1D 8AY,London,-0.12970730,51.51316680,All of United Kingdom,201,https://theatre.ticketmaster.co.uk/book/1J44R-harry-potter-and-the-cursed-child-one-part/#perf=1J44R-5D&date=2027-03-26&time=7.00PM
234,17uYv0G6G2pPB1E,Harry Potter and the Cursed Child - One Part Show,2027-03-27,13:00:00,False,False,Arts & Theatre,Theatre,Drama,False,KovZ9177gU0,Palace Theatre,"Cambridge Circus, Shaftesbury Avenue",W1D 8AY,London,-0.12970730,51.51316680,All of United Kingdom,201,https://theatre.ticketmaster.co.uk/book/1J44R-harry-potter-and-the-cursed-child-one-part/#perf=1J44R-5E&date=2027-03-27&time=1.00PM
235,17uYv0G6G2pwn5_,Harry Potter and the Cursed Child - One Part Show,2027-03-27,19:00:00,False,False,Arts & Theatre,Theatre,Drama,False,KovZ9177gU0,Palace Theatre,"Cambridge Circus, Shaftesbury Avenue",W1D 8AY,London,-0.12970730,51.51316680,All of United Kingdom,201,https://theatre.ticketmaster.co.uk/book/1J44R-harry-potter-and-the-cursed-child-one-part/#perf=1J44R-5F&date=2027-03-27&time=7.00PM
236,17uYv0G6G2pTQGF,Harry Potter and the Cursed Child - One Part Show,2027-03-28,15:30:00,False,False,Arts & Theatre,Theatre,Drama,False,KovZ9177gU0,Palace Theatre,"Cambridge Circus, Shaftesbury Avenue",W1D 8AY,London,-0.12970730,51.51316680,All of United Kingdom,201,https://theatre.ticketmaster.co.uk/book/1J44R-harry-potter-and-the-cursed-child-one-part/#perf=1J44R-5G&date=2027-03-28&time=2.30PM
237,17uYv0G6G29GQG-,Harry Potter and the Cursed Child - One Part Show,2027-03-30,19:00:00,False,False,Arts & Theatre,Theatre,Drama,False,KovZ9177gU0,Palace Theatre,"Cambridge Circus, Shaftesbury Avenue",W1D 8AY,London,-0.12970730,51.51316680,All of United Kingdom,201,https://theatre.ticketmaster.co.uk/book/1J44R-harry-potter-and-the-cursed-child-one-part/#perf=1J44R-5H&date=2027-03-30&time=7.00PM
238,17uYv0G6G29J1ul,Harry Potter and the Cursed Child - One Part Show,2027-03-31,19:00:00,False,False,Arts & Theatre,Theatre,Drama,False,KovZ9177gU0,Palace Theatre,"Cambridge Circus, Shaftesbury Avenue",W1D 8AY,London,-0.12970730,51.51316680,All of United Kingdom,201,https://theatre.ticketmaster.co.uk/book/1J44R-harry-potter-and-the-cursed-child-one-part/#perf=1J44R-5J&date=2027-03-31&time=7.00PM
239,17uYv0G6G29_1uv,Harry Potter and the Cursed Child - One Part Show,2027-03-31,13:00:00,False,False,Arts & Theatre,Theatre,Drama,False,KovZ9177gU0,Palace Theatre,"Cambridge Circus, Shaftesbury Avenue",W1D 8AY,London,-0.12970730,51.51316680,All of United Kingdom,201,https://theatre.ticketmaster.co.uk/book/1J44R-harry-potter-and-the-cursed-child-one-part/#perf=1J44R-5I&date=2027-03-31&time=1.00PM
240,17uYv0G6G29wBCl,Harry Potter and the Cursed Child - One Part Show,2027-04-01,19:00:00,False,False,Arts & Theatre,Theatre,Drama,False,KovZ9177gU0,Palace Theatre,"Cambridge Circus, Shaftesbury Avenue",W1D 8AY,London,-0.12970730,51.51316680,All of United Kingdom,201,https://theatre.ticketmaster.co.uk/book/1J44R-harry-potter-and-the-cursed-child-one-part/#perf=1J44R-5K&date=2027-04-01&time=7.00PM
241,17uYv0G6G29TB2q,Harry Potter and the Cursed Child - One Part Show,2027-04-02,19:00:00,False,False,Arts & Theatre,Theatre,Drama,False,KovZ9177gU0,Palace Theatre,"Cambridge Circus, Shaftesbury Avenue",W1D 8AY,London,-0.12970730,51.51316680,All of United Kingdom,201,https://theatre.ticketmaster.co.uk/book/1J44R-harry-potter-and-the-cursed-child-one-part/#perf=1J44R-5L&date=2027-04-02&time=7.00PM
242,17uYv0G6G2bGn85,Harry Potter and the Cursed Child - One Part Show,2027-04-03,13:00:00,False,False,Arts & Theatre,Theatre,Drama,False,KovZ9177gU0,Palace Theatre,"Cambridge Circus, Shaftesbury Avenue",W1D 8AY,London,-0.12970730,51.51316680,All of United Kingdom,201,https://theatre.ticketmaster.co.uk/book/1J44R-harry-potter-and-the-cursed-child-one-part/#perf=1J44R-5M&date=2027-04-03&time=1.00PM
243,17uYv0G6G2b_QoQ,Harry Potter and the Cursed Child - One Part Show,2027-04-03,19:00:00,False,False,Arts & Theatre,Theatre,Drama,False,KovZ9177gU0,Palace Theatre,"Cambridge Circus, Shaftesbury Avenue",W1D 8AY,London,-0.12970730,51.51316680,All of United Kingdom,201,https://theatre.ticketmaster.co.uk/book/1J44R-harry-potter-and-the-cursed-child-one-part/#perf=1J44R-5N&date=2027-04-03&time=7.00PM
244,17uYv0G6G2bJQ3p,Harry Potter and the Cursed Child - One Part Show,2027-04-04,14:30:00,False,False,Arts & Theatre,Theatre,Drama,False,KovZ9177gU0,Palace Theatre,"Cambridge Circus, Shaftesbury Avenue",W1D 8AY,London,-0.12970730,51.51316680,All of United Kingdom,201,https://theatre.ticketmaster.co.uk/book/1J44R-harry-potter-and-the-cursed-child-one-part/#perf=1J44R-5O&date=2027-04-04&time=2.30PM
245,17uYv0G6G2bS13X,Harry Potter and the Cursed Child - One Part Show,2027-04-06,19:00:00,False,False,Arts & Theatre,Theatre,Drama,False,KovZ9177gU0,Palace Theatre,"Cambridge Circus, Shaftesbury Avenue",W1D 8AY,London,-0.12970730,51.51316680,All of United Kingdom,201,https://theatre.ticketmaster.co.uk/book/1J44R-harry-potter-and-the-cursed-child-one-part/#perf=1J44R-5P&date=2027-04-06&time=7.00PM
246,17uYv0G6G2_GB4e,Harry Potter and the Cursed Child - One Part Show,2027-04-07,19:00:00,False,False,Arts & Theatre,Theatre,Drama,False,KovZ9177gU0,Palace Theatre,"Cambridge Circus, Shaftesbury Avenue",W1D 8AY,London,-0.12970730,51.51316680,All of United Kingdom,201,https://theatre.ticketmaster.co.uk/book/1J44R-harry-potter-and-the-cursed-child-one-part/#perf=1J44R-5R&date=2027-04-07&time=7.00PM
247,17uYv0G6G2_Z1KO,Harry Potter and the Cursed Child - One Part Show,2027-04-07,13:00:00,False,False,Arts & Theatre,Theatre,Drama,False,KovZ9177gU0,Palace Theatre,"Cambridge Circus, Shaftesbury Avenue",W1D 8AY,London,-0.12970730,51.51316680,All of United Kingdom,201,https://theatre.ticketmaster.co.uk/book/1J44R-harry-potter-and-the-cursed-child-one-part/#perf=1J44R-5Q&date=2027-04-07&time=1.00PM
248,17uYv0G6G2__n4y,Harry Potter and the Cursed Child - One Part Show,2027-04-08,19:00:00,False,False,Arts & Theatre,Theatre,Drama,False,KovZ9177gU0,Palace Theatre,"Cambridge Circus, Shaftesbury Avenue",W1D 8AY,London,-0.12970730,51.51316680,All of United Kingdom,201,https://theatre.ticketmaster.co.uk/book/1J44R-harry-potter-and-the-cursed-child-one-part/#perf=1J44R-5S&date=2027-04-08&time=7.00PM
249,17uYv0G6G2_Jnp-,Harry Potter and the Cursed Child - One Part Show,2027-04-09,19:00:00,False,False,Arts & Theatre,Theatre,Drama,False,KovZ9177gU0,Palace Theatre,"Cambridge Circus, Shaftesbury Avenue",W1D 8AY,London,-0.12970730,51.51316680,All of United Kingdom,201,https://theatre.ticketmaster.co.uk/book/1J44R-harry-potter-and-the-cursed-child-one-part/#perf=1J44R-5T&date=2027-04-09&time=7.00PM
250,17uYv0G6G2QZ1bu,Harry Potter and the Cursed Child - One Part Show,2027-04-10,19:00:00,False,False,Arts & Theatre,Theatre,Drama,False,KovZ9177gU0,Palace Theatre,"Cambridge Circus, Shaftesbury Avenue",W1D 8AY,London,-0.12970730,51.51316680,All of United Kingdom,201,https://theatre.ticketmaster.co.uk/book/1J44R-harry-potter-and-the-cursed-child-one-part/#perf=1J44R-5V&date=2027-04-10&time=7.00PM
251,17uYv0G6G2_SQ9v,Harry Potter and the Cursed Child - One Part Show,2027-04-10,13:00:00,False,False,Arts & Theatre,Theatre,Drama,False,KovZ9177gU0,Palace Theatre,"Cambridge Circus, Shaftesbury Avenue",W1D 8AY,London,-0.12970730,51.51316680,All of United Kingdom,201,https://theatre.ticketmaster.co.uk/book/1J44R-harry-potter-and-the-cursed-child-one-part/#perf=1J44R-5U&date=2027-04-10&time=1.00PM
252,17uYv0G6G2QGBbH,Harry Potter and the Cursed Child - One Part Show,2027-04-11,14:30:00,False,False,Arts & Theatre,Theatre,Drama,False,KovZ9177gU0,Palace Theatre,"Cambridge Circus, Shaftesbury Avenue",W1D 8AY,London,-0.12970730,51.51316680,All of United Kingdom,201,https://theatre.ticketmaster.co.uk/book/1J44R-harry-potter-and-the-cursed-child-one-part/#perf=1J44R-5W&date=2027-04-11&time=2.30PM
253,17uYv0G6G2Q_B_E,Harry Potter and the Cursed Child - One Part Show,2027-04-13,19:00:00,False,False,Arts & Theatre,Theatre,Drama,False,KovZ9177gU0,Palace Theatre,"Cambridge Circus, Shaftesbury Avenue",W1D 8AY,London,-0.12970730,51.51316680,All of United Kingdom,201,https://theatre.ticketmaster.co.uk/book/1J44R-harry-potter-and-the-cursed-child-one-part/#perf=1J44R-5X&date=2027-04-13&time=7.00PM
254,17uYv0G6G2QJnQ8,Harry Potter and the Cursed Child - One Part Show,2027-04-14,13:00:00,False,False,Arts & Theatre,Theatre,Drama,False,KovZ9177gU0,Palace Theatre,"Cambridge Circus, Shaftesbury Avenue",W1D 8AY,London,-0.12970730,51.51316680,All of United Kingdom,201,https://theatre.ticketmaster.co.uk/book/1J44R-harry-potter-and-the-cursed-child-one-part/#perf=1J44R-5Y&date=2027-04-14&time=1.00PM
255,17uYv0G6G2QSQQW,Harry Potter and the Cursed Child - One Part Show,2027-04-14,19:00:00,False,False,Arts & Theatre,Theatre,Drama,False,KovZ9177gU0,Palace Theatre,"Cambridge Circus, Shaftesbury Avenue",W1D 8AY,London,-0.12970730,51.51316680,All of United Kingdom,201,https://theatre.ticketmaster.co.uk/book/1J44R-harry-potter-and-the-cursed-child-one-part/#perf=1J44R-5Z&date=2027-04-14&time=7.00PM
256,17uYv0G6G2hZQhx,Harry Potter and the Cursed Child - One Part Show,2027-04-15,19:00:00,False,False,Arts & Theatre,Theatre,Drama,False,KovZ9177gU0,Palace Theatre,"Cambridge Circus, Shaftesbury Avenue",W1D 8AY,London,-0.12970730,51.51316680,All of United Kingdom,201,https://theatre.ticketmaster.co.uk/book/1J44R-harry-potter-and-the-cursed-child-one-part/#perf=1J44R-60&date=2027-04-15&time=7.00PM
257,17uYv0G6G2huQjM,Harry Potter and the Cursed Child - One Part Show,2027-04-16,19:00:00,False,False,Arts & Theatre,Theatre,Drama,False,KovZ9177gU0,Palace Theatre,"Cambridge Circus, Shaftesbury Avenue",W1D 8AY,London,-0.12970730,51.51316680,All of United Kingdom,201,https://theatre.ticketmaster.co.uk/book/1J44R-harry-potter-and-the-cursed-child-one-part/#perf=1J44R-61&date=2027-04-16&time=7.00PM
258,17uYv0G6G2hJBro,Harry Potter and the Cursed Child - One Part Show,2027-04-17,19:00:00,False,False,Arts & Theatre,Theatre,Drama,False,KovZ9177gU0,Palace Theatre,"Cambridge Circus, Shaftesbury Avenue",W1D 8AY,London,-0.12970730,51.51316680,All of United Kingdom,201,https://theatre.ticketmaster.co.uk/book/1J44R-harry-potter-and-the-cursed-child-one-part/#perf=1J44R-63&date=2027-04-17&time=7.00PM
259,17uYv0G6G2hQ1qt,Harry Potter and the Cursed Child - One Part Show,2027-04-17,13:00:00,False,False,Arts & Theatre,Theatre,Drama,False,KovZ9177gU0,Palace Theatre,"Cambridge Circus, Shaftesbury Avenue",W1D 8AY,London,-0.12970730,51.51316680,All of United Kingdom,201,https://theatre.ticketmaster.co.uk/book/1J44R-harry-potter-and-the-cursed-child-one-part/#perf=1J44R-62&date=2027-04-17&time=1.00PM
260,17uYv0G6G2hSBLf,Harry Potter and the Cursed Child - One Part Show,2027-04-18,14:30:00,False,False,Arts & Theatre,Theatre,Drama,False,KovZ9177gU0,Palace Theatre,"Cambridge Circus, Shaftesbury Avenue",W1D 8AY,London,-0.12970730,51.51316680,All of United Kingdom,201,https://theatre.ticketmaster.co.uk/book/1J44R-harry-potter-and-the-cursed-child-one-part/#perf=1J44R-64&date=2027-04-18&time=2.30PM
261,17uYv0G6G2jZBOG,Harry Potter and the Cursed Child - One Part Show,2027-04-20,19:00:00,False,False,Arts & Theatre,Theatre,Drama,False,KovZ9177gU0,Palace Theatre,"Cambridge Circus, Shaftesbury Avenue",W1D 8AY,London,-0.12970730,51.51316680,All of United Kingdom,201,https://theatre.ticketmaster.co.uk/book/1J44R-harry-potter-and-the-cursed-child-one-part/#perf=1J44R-65&date=2027-04-20&time=7.00PM
262,17uYv0G6G2jQQxI,Harry Potter and the Cursed Child - One Part Show,2027-04-21,19:00:00,False,False,Arts & Theatre,Theatre,Drama,False,KovZ9177gU0,Palace Theatre,"Cambridge Circus, Shaftesbury Avenue",W1D 8AY,London,-0.12970730,51.51316680,All of United Kingdom,201,https://theatre.ticketmaster.co.uk/book/1J44R-harry-potter-and-the-cursed-child-one-part/#perf=1J44R-67&date=2027-04-21&time=7.00PM
263,17uYv0G6G2jun-u,Harry Potter and the Cursed Child - One Part Show,2027-04-21,13:00:00,False,False,Arts & Theatre,Theatre,Drama,False,KovZ9177gU0,Palace Theatre,"Cambridge Circus, Shaftesbury Avenue",W1D 8AY,London,-0.12970730,51.51316680,All of United Kingdom,201,https://theatre.ticketmaster.co.uk/book/1J44R-harry-potter-and-the-cursed-child-one-part/#perf=1J44R-66&date=2027-04-21&time=1.00PM
264,17uYv0G6G2jEQNO,Harry Potter and the Cursed Child - One Part Show,2027-04-22,19:00:00,False,False,Arts & Theatre,Theatre,Drama,False,KovZ9177gU0,Palace Theatre,"Cambridge Circus, Shaftesbury Avenue",W1D 8AY,London,-0.12970730,51.51316680,All of United Kingdom,201,https://theatre.ticketmaster.co.uk/book/1J44R-harry-potter-and-the-cursed-child-one-part/#perf=1J44R-68&date=2027-04-22&time=7.00PM
265,17uYv0G6G2jV1NM,Harry Potter and the Cursed Child - One Part Show,2027-04-23,19:00:00,False,False,Arts & Theatre,Theatre,Drama,False,KovZ9177gU0,Palace Theatre,"Cambridge Circus, Shaftesbury Avenue",W1D 8AY,London,-0.12970730,51.51316680,All of United Kingdom,201,https://theatre.ticketmaster.co.uk/book/1J44R-harry-potter-and-the-cursed-child-one-part/#perf=1J44R-69&date=2027-04-23&time=7.00PM
266,17uYv0G6G2qZB0C,Harry Potter and the Cursed Child - One Part Show,2027-04-24,13:00:00,False,False,Arts & Theatre,Theatre,Drama,False,KovZ9177gU0,Palace Theatre,"Cambridge Circus, Shaftesbury Avenue",W1D 8AY,London,-0.12970730,51.51316680,All of United Kingdom,201,https://theatre.ticketmaster.co.uk/book/1J44R-harry-potter-and-the-cursed-child-one-part/#perf=1J44R-6A&date=2027-04-24&time=1.00PM
267,17uYv0G6G2qun0m,Harry Potter and the Cursed Child - One Part Show,2027-04-24,19:00:00,False,False,Arts & Theatre,Theatre,Drama,False,KovZ9177gU0,Palace Theatre,"Cambridge Circus, Shaftesbury Avenue",W1D 8AY,London,-0.12970730,51.51316680,All of United Kingdom,201,https://theatre.ticketmaster.co.uk/book/1J44R-harry-potter-and-the-cursed-child-one-part/#perf=1J44R-6B&date=2027-04-24&time=7.00PM
268,17uYv0G6G2qQnPg,Harry Potter and the Cursed Child - One Part Show,2027-04-25,14:30:00,False,False,Arts & Theatre,Theatre,Drama,False,KovZ9177gU0,Palace Theatre,"Cambridge Circus, Shaftesbury Avenue",W1D 8AY,London,-0.12970730,51.51316680,All of United Kingdom,201,https://theatre.ticketmaster.co.uk/book/1J44R-harry-potter-and-the-cursed-child-one-part/#perf=1J44R-6C&date=2027-04-25&time=2.30PM
269,17uYv0G6G2qEnJi,Harry Potter and the Cursed Child - One Part Show,2027-04-27,19:00:00,False,False,Arts & Theatre,Theatre,Drama,False,KovZ9177gU0,Palace Theatre,"Cambridge Circus, Shaftesbury Avenue",W1D 8AY,London,-0.12970730,51.51316680,All of United Kingdom,201,https://theatre.ticketmaster.co.uk/book/1J44R-harry-potter-and-the-cursed-child-one-part/#perf=1J44R-6D&date=2027-04-27&time=7.00PM
270,17uYv0G6G2qV1E2,Harry Potter and the Cursed Child - One Part Show,2027-04-28,13:00:00,False,False,Arts & Theatre,Theatre,Drama,False,KovZ9177gU0,Palace Theatre,"Cambridge Circus, Shaftesbury Avenue",W1D 8AY,London,-0.12970730,51.51316680,All of United Kingdom,201,https://theatre.ticketmaster.co.uk/book/1J44R-harry-potter-and-the-cursed-child-one-part/#perf=1J44R-6E&date=2027-04-28&time=1.00PM
271,17uYv0G6G2rv1I-,Harry Potter and the Cursed Child - One Part Show,2027-04-28,19:00:00,False,False,Arts & Theatre,Theatre,Drama,False,KovZ9177gU0,Palace Theatre,"Cambridge Circus, Shaftesbury Avenue",W1D 8AY,London,-0.12970730,51.51316680,All of United Kingdom,201,https://theatre.ticketmaster.co.uk/book/1J44R-harry-potter-and-the-cursed-child-one-part/#perf=1J44R-6F&date=2027-04-28&time=7.00PM
272,17uYv0G6G2ruBti,Harry Potter and the Cursed Child - One Part Show,2027-04-29,19:00:00,False,False,Arts & Theatre,Theatre,Drama,False,KovZ9177gU0,Palace Theatre,"Cambridge Circus, Shaftesbury Avenue",W1D 8AY,London,-0.12970730,51.51316680,All of United Kingdom,201,https://theatre.ticketmaster.co.uk/book/1J44R-harry-potter-and-the-cursed-child-one-part/#perf=1J44R-6G&date=2027-04-29&time=7.00PM
273,17uYv0G6G2rQnn3,Harry Potter and the Cursed Child - One Part Show,2027-04-30,19:00:00,False,False,Arts & Theatre,Theatre,Drama,False,KovZ9177gU0,Palace Theatre,"Cambridge Circus, Shaftesbury Avenue",W1D 8AY,London,-0.12970730,51.51316680,All of United Kingdom,201,https://theatre.ticketmaster.co.uk/book/1J44R-harry-potter-and-the-cursed-child-one-part/#perf=1J44R-6H&date=2027-04-30&time=7.00PM
274,17uYv0G6G2rEQl3,Harry Potter and the Cursed Child - One Part Show,2027-05-01,13:00:00,False,False,Arts & Theatre,Theatre,Drama,False,KovZ9177gU0,Palace Theatre,"Cambridge Circus, Shaftesbury Avenue",W1D 8AY,London,-0.12970730,51.51316680,All of United Kingdom,201,https://theatre.ticketmaster.co.uk/book/1J44R-harry-potter-and-the-cursed-child-one-part/#perf=1J44R-6I&date=2027-05-01&time=1.00PM
275,17uYv0G6G2rVQi1,Harry Potter and the Cursed Child - One Part Show,2027-05-01,19:00:00,False,False,Arts & Theatre,Theatre,Drama,False,KovZ9177gU0,Palace Theatre,"Cambridge Circus, Shaftesbury Avenue",W1D 8AY,London,-0.12970730,51.51316680,All of United Kingdom,201,https://theatre.ticketmaster.co.uk/book/1J44R-harry-potter-and-the-cursed-child-one-part/#perf=1J44R-6J&date=2027-05-01&time=7.00PM
276,17uYv0G6G2Lv1ck,Harry Potter and the Cursed Child - One Part Show,2027-05-02,14:30:00,False,False,Arts & Theatre,Theatre,Drama,False,KovZ9177gU0,Palace Theatre,"Cambridge Circus, Shaftesbury Avenue",W1D 8AY,London,-0.12970730,51.51316680,All of United Kingdom,201,https://theatre.ticketmaster.co.uk/book/1J44R-harry-potter-and-the-cursed-child-one-part/#perf=1J44R-6K&date=2027-05-02&time=2.30PM
277,17uYv0G6G2LuBcH,Harry Potter and the Cursed Child - One Part Show,2027-05-04,19:00:00,False,False,Arts & Theatre,Theatre,Drama,False,KovZ9177gU0,Palace Theatre,"Cambridge Circus, Shaftesbury Avenue",W1D 8AY,London,-0.12970730,51.51316680,All of United Kingdom,201,https://theatre.ticketmaster.co.uk/book/1J44R-harry-potter-and-the-cursed-child-one-part/#perf=1J44R-6L&date=2027-05-04&time=7.00PM
278,17uYv0G6G2LEnRj,Harry Potter and the Cursed Child - One Part Show,2027-05-05,19:00:00,False,False,Arts & Theatre,Theatre,Drama,False,KovZ9177gU0,Palace Theatre,"Cambridge Circus, Shaftesbury Avenue",W1D 8AY,London,-0.12970730,51.51316680,All of United Kingdom,201,https://theatre.ticketmaster.co.uk/book/1J44R-harry-potter-and-the-cursed-child-one-part/#perf=1J44R-6N&date=2027-05-05&time=7.00PM
279,17uYv0G6G2LQnmS,Harry Potter and the Cursed Child - One Part Show,2027-05-05,13:00:00,False,False,Arts & Theatre,Theatre,Drama,False,KovZ9177gU0,Palace Theatre,"Cambridge Circus, Shaftesbury Avenue",W1D 8AY,London,-0.12970730,51.51316680,All of United Kingdom,201,https://theatre.ticketmaster.co.uk/book/1J44R-harry-potter-and-the-cursed-child-one-part/#perf=1J44R-6M&date=2027-05-05&time=1.00PM
280,17uYv0G6G2LVQYn,Harry Potter and the Cursed Child - One Part Show,2027-05-06,19:00:00,False,False,Arts & Theatre,Theatre,Drama,False,KovZ9177gU0,Palace Theatre,"Cambridge Circus, Shaftesbury Avenue",W1D 8AY,London,-0.12970730,51.51316680,All of United Kingdom,201,https://theatre.ticketmaster.co.uk/book/1J44R-harry-potter-and-the-cursed-child-one-part/#perf=1J44R-6O&date=2027-05-06&time=7.00PM
281,17uYv0G6G2Ov1sP,Harry Potter and the Cursed Child - One Part Show,2027-05-07,19:00:00,False,False,Arts & Theatre,Theatre,Drama,False,KovZ9177gU0,Palace Theatre,"Cambridge Circus, Shaftesbury Avenue",W1D 8AY,London,-0.12970730,51.51316680,All of United Kingdom,201,https://theatre.ticketmaster.co.uk/book/1J44R-harry-potter-and-the-cursed-child-one-part/#perf=1J44R-6P&date=2027-05-07&time=7.00PM
282,17uYv0G6G2OQBS_,Harry Potter and the Cursed Child - One Part Show,2027-05-08,19:00:00,False,False,Arts & Theatre,Theatre,Drama,False,KovZ9177gU0,Palace Theatre,"Cambridge Circus, Shaftesbury Avenue",W1D 8AY,London,-0.12970730,51.51316680,All of United Kingdom,201,https://theatre.ticketmaster.co.uk/book/1J44R-harry-potter-and-the-cursed-child-one-part/#perf=1J44R-6R&date=2027-05-08&time=7.00PM
283,17uYv0G6G2OuBwO,Harry Potter and the Cursed Child - One Part Show,2027-05-08,13:00:00,False,False,Arts & Theatre,Theatre,Drama,False,KovZ9177gU0,Palace Theatre,"Cambridge Circus, Shaftesbury Avenue",W1D 8AY,London,-0.12970730,51.51316680,All of United Kingdom,201,https://theatre.ticketmaster.co.uk/book/1J44R-harry-potter-and-the-cursed-child-one-part/#perf=1J44R-6Q&date=2027-05-08&time=1.00PM
284,17uYv0G6G2OEBVC,Harry Potter and the Cursed Child - One Part Show,2027-05-09,14:30:00,False,False,Arts & Theatre,Theatre,Drama,False,KovZ9177gU0,Palace Theatre,"Cambridge Circus, Shaftesbury Avenue",W1D 8AY,London,-0.12970730,51.51316680,All of United Kingdom,201,https://theatre.ticketmaster.co.uk/book/1J44R-harry-potter-and-the-cursed-child-one-part/#perf=1J44R-6S&date=2027-05-09&time=2.30PM
285,17uYv0G6G2OVngo,Harry Potter and the Cursed Child - One Part Show,2027-05-11,19:00:00,False,False,Arts & Theatre,Theatre,Drama,False,KovZ9177gU0,Palace Theatre,"Cambridge Circus, Shaftesbury Avenue",W1D 8AY,London,-0.12970730,51.51316680,All of United Kingdom,201,https://theatre.ticketmaster.co.uk/book/1J44R-harry-potter-and-the-cursed-child-one-part/#perf=1J44R-6T&date=2027-05-11&time=7.00PM
286,17uYv0G6G2-CnMR,Harry Potter and the Cursed Child - One Part Show,2027-05-12,19:00:00,False,False,Arts & Theatre,Theatre,Drama,False,KovZ9177gU0,Palace Theatre,"Cambridge Circus, Shaftesbury Avenue",W1D 8AY,London,-0.12970730,51.51316680,All of United Kingdom,201,https://theatre.ticketmaster.co.uk/book/1J44R-harry-potter-and-the-cursed-child-one-part/#perf=1J44R-6V&date=2027-05-12&time=7.00PM
287,17uYv0G6G2-vnUP,Harry Potter and the Cursed Child - One Part Show,2027-05-12,13:00:00,False,False,Arts & Theatre,Theatre,Drama,False,KovZ9177gU0,Palace Theatre,"Cambridge Circus, Shaftesbury Avenue",W1D 8AY,London,-0.12970730,51.51316680,All of United Kingdom,201,https://theatre.ticketmaster.co.uk/book/1J44R-harry-potter-and-the-cursed-child-one-part/#perf=1J44R-6U&date=2027-05-12&time=1.00PM
288,17uYv0G6G2-hQzt,Harry Potter and the Cursed Child - One Part Show,2027-05-13,19:00:00,False,False,Arts & Theatre,Theatre,Drama,False,KovZ9177gU0,Palace Theatre,"Cambridge Circus, Shaftesbury Avenue",W1D 8AY,London,-0.12970730,51.51316680,All of United Kingdom,201,https://theatre.ticketmaster.co.uk/book/1J44R-harry-potter-and-the-cursed-child-one-part/#perf=1J44R-6W&date=2027-05-13&time=7.00PM
289,17uYv0G6G2-IQB-,Harry Potter and the Cursed Child - One Part Show,2027-05-14,19:00:00,False,False,Arts & Theatre,Theatre,Drama,False,KovZ9177gU0,Palace Theatre,"Cambridge Circus, Shaftesbury Avenue",W1D 8AY,London,-0.12970730,51.51316680,All of United Kingdom,201,https://theatre.ticketmaster.co.uk/book/1J44R-harry-potter-and-the-cursed-child-one-part/#perf=1J44R-6X&date=2027-05-14&time=7.00PM
290,17uYv0G6G2-g1H1,Harry Potter and the Cursed Child - One Part Show,2027-05-15,13:00:00,False,False,Arts & Theatre,Theatre,Drama,False,KovZ9177gU0,Palace Theatre,"Cambridge Circus, Shaftesbury Avenue",W1D 8AY,London,-0.12970730,51.51316680,All of United Kingdom,201,https://theatre.ticketmaster.co.uk/book/1J44R-harry-potter-and-the-cursed-child-one-part/#perf=1J44R-6Y&date=2027-05-15&time=1.00PM
291,17uYv0G6G2xeQWP,Harry Potter and the Cursed Child - One Part Show,2027-05-15,19:00:00,False,False,Arts & Theatre,Theatre,Drama,False,KovZ9177gU0,Palace Theatre,"Cambridge Circus, Shaftesbury Avenue",W1D 8AY,London,-0.12970730,51.51316680,All of United Kingdom,201,https://theatre.ticketmaster.co.uk/book/1J44R-harry-potter-and-the-cursed-child-one-part/#perf=1J44R-6Z&date=2027-05-15&time=7.00PM
292,17uYv0G6G2x2QX0,Harry Potter and the Cursed Child - One Part Show,2027-05-16,14:30:00,False,False,Arts & Theatre,Theatre,Drama,False,KovZ9177gU0,Palace Theatre,"Cambridge Circus, Shaftesbury Avenue",W1D 8AY,London,-0.12970730,51.51316680,All of United Kingdom,201,https://theatre.ticketmaster.co.uk/book/1J44R-harry-potter-and-the-cursed-child-one-part/#perf=1J44R-70&date=2027-05-16&time=2.30PM
293,17uYv0G6G2xj1TC,Harry Potter and the Cursed Child - One Part Show,2027-05-18,19:00:00,False,False,Arts & Theatre,Theatre,Drama,False,KovZ9177gU0,Palace Theatre,"Cambridge Circus, Shaftesbury Avenue",W1D 8AY,London,-0.12970730,51.51316680,All of United Kingdom,201,https://theatre.ticketmaster.co.uk/book/1J44R-harry-potter-and-the-cursed-child-one-part/#perf=1J44R-71&date=2027-05-18&time=7.00PM
294,17uYv0G6G2xgDv2,Harry Potter and the Cursed Child - One Part Show,2027-05-19,19:00:00,False,False,Arts & Theatre,Theatre,Drama,False,KovZ9177gU0,Palace Theatre,"Cambridge Circus, Shaftesbury Avenue",W1D 8AY,London,-0.12970730,51.51316680,All of United Kingdom,201,https://theatre.ticketmaster.co.uk/book/1J44R-harry-potter-and-the-cursed-child-one-part/#perf=1J44R-73&date=2027-05-19&time=7.00PM
295,17uYv0G6G2xt5Ze,Harry Potter and the Cursed Child - One Part Show,2027-05-19,13:00:00,False,False,Arts & Theatre,Theatre,Drama,False,KovZ9177gU0,Palace Theatre,"Cambridge Circus, Shaftesbury Avenue",W1D 8AY,London,-0.12970730,51.51316680,All of United Kingdom,201,https://theatre.ticketmaster.co.uk/book/1J44R-harry-potter-and-the-cursed-child-one-part/#perf=1J44R-72&date=2027-05-19&time=1.00PM
296,17uYv0G6G2NeDex,Harry Potter and the Cursed Child - One Part Show,2027-05-20,19:00:00,False,False,Arts & Theatre,Theatre,Drama,False,KovZ9177gU0,Palace Theatre,"Cambridge Circus, Shaftesbury Avenue",W1D 8AY,London,-0.12970730,51.51316680,All of United Kingdom,201,https://theatre.ticketmaster.co.uk/book/1J44R-harry-potter-and-the-cursed-child-one-part/#perf=1J44R-74&date=2027-05-20&time=7.00PM
297,17uYv0G6G2N2lAo,Harry Potter and the Cursed Child - One Part Show,2027-05-21,19:00:00,False,False,Arts & Theatre,Theatre,Drama,False,KovZ9177gU0,Palace Theatre,"Cambridge Circus, Shaftesbury Avenue",W1D 8AY,London,-0.12970730,51.51316680,All of United Kingdom,201,https://theatre.ticketmaster.co.uk/book/1J44R-harry-potter-and-the-cursed-child-one-part/#perf=1J44R-75&date=2027-05-21&time=7.00PM
298,17uYv0G6G2Njhkk,Harry Potter and the Cursed Child - One Part Show,2027-05-22,13:00:00,False,False,Arts & Theatre,Theatre,Drama,False,KovZ9177gU0,Palace Theatre,"Cambridge Circus, Shaftesbury Avenue",W1D 8AY,London,-0.12970730,51.51316680,All of United Kingdom,201,https://theatre.ticketmaster.co.uk/book/1J44R-harry-potter-and-the-cursed-child-one-part/#perf=1J44R-76&date=2027-05-22&time=1.00PM
299,17uYv0G6G2NthkD,Harry Potter and the Cursed Child - One Part Show,2027-05-22,19:00:00,False,False,Arts & Theatre,Theatre,Drama,False,KovZ9177gU0,Palace Theatre,"Cambridge Circus, Shaftesbury Avenue",W1D 8AY,London,-0.12970730,51.51316680,All of United Kingdom,201,https://theatre.ticketmaster.co.uk/book/1J44R-harry-potter-and-the-cursed-child-one-part/#perf=1J44R-77&date=2027-05-22&time=7.00PM
300,17uYv0G6G2NU56n,Harry Potter and the Cursed Child - One Part Show,2027-05-23,14:30:00,False,False,Arts & Theatre,Theatre,Drama,False,KovZ9177gU0,Palace Theatre,"Cambridge Circus, Shaftesbury Avenue",W1D 8AY,London,-0.12970730,51.51316680,All of United Kingdom,201,https://theatre.ticketmaster.co.uk/book/1J44R-harry-potter-and-the-cursed-child-one-part/#perf=1J44R-78&date=2027-05-23&time=2.30PM
301,17uYv0G6G20d5FT,Harry Potter and the Cursed Child - One Part Show,2027-05-25,19:00:00,False,False,Arts & Theatre,Theatre,Drama,False,KovZ9177gU0,Palace Theatre,"Cambridge Circus, Shaftesbury Avenue",W1D 8AY,London,-0.12970730,51.51316680,All of United Kingdom,201,https://theatre.ticketmaster.co.uk/book/1J44R-harry-potter-and-the-cursed-child-one-part/#perf=1J44R-79&date=2027-05-25&time=7.00PM
302,17uYv0G6G208514,Harry Potter and the Cursed Child - One Part Show,2027-05-26,13:00:00,False,False,Arts & Theatre,Theatre,Drama,False,KovZ9177gU0,Palace Theatre,"Cambridge Circus, Shaftesbury Avenue",W1D 8AY,London,-0.12970730,51.51316680,All of United Kingdom,201,https://theatre.ticketmaster.co.uk/book/1J44R-harry-potter-and-the-cursed-child-one-part/#perf=1J44R-7A&date=2027-05-26&time=1.00PM
303,17uYv0G6G20jD5k,Harry Potter and the Cursed Child - One Part Show,2027-05-26,19:00:00,False,False,Arts & Theatre,Theatre,Drama,False,KovZ9177gU0,Palace Theatre,"Cambridge Circus, Shaftesbury Avenue",W1D 8AY,London,-0.12970730,51.51316680,All of United Kingdom,201,https://theatre.ticketmaster.co.uk/book/1J44R-harry-potter-and-the-cursed-child-one-part/#perf=1J44R-7B&date=2027-05-26&time=7.00PM
304,17uYv0G6G20tlGv,Harry Potter and the Cursed Child - One Part Show,2027-05-27,19:00:00,False,False,Arts & Theatre,Theatre,Drama,False,KovZ9177gU0,Palace Theatre,"Cambridge Circus, Shaftesbury Avenue",W1D 8AY,London,-0.12970730,51.51316680,All of United Kingdom,201,https://theatre.ticketmaster.co.uk/book/1J44R-harry-potter-and-the-cursed-child-one-part/#perf=1J44R-7C&date=2027-05-27&time=7.00PM
305,17uYv0G6G20UhGN,Harry Potter and the Cursed Child - One Part Show,2027-05-28,19:00:00,False,False,Arts & Theatre,Theatre,Drama,False,KovZ9177gU0,Palace Theatre,"Cambridge Circus, Shaftesbury Avenue",W1D 8AY,London,-0.12970730,51.51316680,All of United Kingdom,201,https://theatre.ticketmaster.co.uk/book/1J44R-harry-potter-and-the-cursed-child-one-part/#perf=1J44R-7D&date=2027-05-28&time=7.00PM
306,17uYv0G6G2P858q,Harry Potter and the Cursed Child - One Part Show,2027-05-29,19:00:00,False,False,Arts & Theatre,Theatre,Drama,False,KovZ9177gU0,Palace Theatre,"Cambridge Circus, Shaftesbury Avenue",W1D 8AY,London,-0.12970730,51.51316680,All of United Kingdom,201,https://theatre.ticketmaster.co.uk/book/1J44R-harry-potter-and-the-cursed-child-one-part/#perf=1J44R-7F&date=2027-05-29&time=7.00PM
307,17uYv0G6G2Pdh20,Harry Potter and the Cursed Child - One Part Show,2027-05-29,13:00:00,False,False,Arts & Theatre,Theatre,Drama,False,KovZ9177gU0,Palace Theatre,"Cambridge Circus, Shaftesbury Avenue",W1D 8AY,London,-0.12970730,51.51316680,All of United Kingdom,201,https://theatre.ticketmaster.co.uk/book/1J44R-harry-potter-and-the-cursed-child-one-part/#perf=1J44R-7E&date=2027-05-29&time=1.00PM
308,17uYv0G6G2Pq5oH,Harry Potter and the Cursed Child - One Part Show,2027-05-30,14:30:00,False,False,Arts & Theatre,Theatre,Drama,False,KovZ9177gU0,Palace Theatre,"Cambridge Circus, Shaftesbury Avenue",W1D 8AY,London,-0.12970730,51.51316680,All of United Kingdom,201,https://theatre.ticketmaster.co.uk/book/1J44R-harry-potter-and-the-cursed-child-one-part/#perf=1J44R-7G&date=2027-05-30&time=2.30PM
309,17uYv0G6G2PtDfb,Harry Potter and the Cursed Child - One Part Show,2027-06-01,19:00:00,False,False,Arts & Theatre,Theatre,Drama,False,KovZ9177gU0,Palace Theatre,"Cambridge Circus, Shaftesbury Avenue",W1D 8AY,London,-0.12970730,51.51316680,All of United Kingdom,201,https://theatre.ticketmaster.co.uk/book/1J44R-harry-potter-and-the-cursed-child-one-part/#perf=1J44R-7H&date=2027-06-01&time=7.00PM
310,17uYv0G6G2Jdhbu,Harry Potter and the Cursed Child - One Part Show,2027-06-02,19:00:00,False,False,Arts & Theatre,Theatre,Drama,False,KovZ9177gU0,Palace Theatre,"Cambridge Circus, Shaftesbury Avenue",W1D 8AY,London,-0.12970730,51.51316680,All of United Kingdom,201,https://theatre.ticketmaster.co.uk/book/1J44R-harry-potter-and-the-cursed-child-one-part/#perf=1J44R-7J&date=2027-06-02&time=7.00PM
311,17uYv0G6G2PUl4v,Harry Potter and the Cursed Child - One Part Show,2027-06-02,13:00:00,False,False,Arts & Theatre,Theatre,Drama,False,KovZ9177gU0,Palace Theatre,"Cambridge Circus, Shaftesbury Avenue",W1D 8AY,London,-0.12970730,51.51316680,All of United Kingdom,201,https://theatre.ticketmaster.co.uk/book/1J44R-harry-potter-and-the-cursed-child-one-part/#perf=1J44R-7I&date=2027-06-02&time=1.00PM
312,17uYv0G6G2J85_a,Harry Potter and the Cursed Child - One Part Show,2027-06-03,19:00:00,False,False,Arts & Theatre,Theatre,Drama,False,KovZ9177gU0,Palace Theatre,"Cambridge Circus, Shaftesbury Avenue",W1D 8AY,London,-0.12970730,51.51316680,All of United Kingdom,201,https://theatre.ticketmaster.co.uk/book/1J44R-harry-potter-and-the-cursed-child-one-part/#perf=1J44R-7K&date=2027-06-03&time=7.00PM
313,17uYv0G6G2JjD_V,Harry Potter and the Cursed Child - One Part Show,2027-06-04,19:00:00,False,False,Arts & Theatre,Theatre,Drama,False,KovZ9177gU0,Palace Theatre,"Cambridge Circus, Shaftesbury Avenue",W1D 8AY,London,-0.12970730,51.51316680,All of United Kingdom,201,https://theatre.ticketmaster.co.uk/book/1J44R-harry-potter-and-the-cursed-child-one-part/#perf=1J44R-7L&date=2027-06-04&time=7.00PM
314,17uYv0G6G2JM5hI,Harry Potter and the Cursed Child - One Part Show,2027-06-05,19:00:00,False,False,Arts & Theatre,Theatre,Drama,False,KovZ9177gU0,Palace Theatre,"Cambridge Circus, Shaftesbury Avenue",W1D 8AY,London,-0.12970730,51.51316680,All of United Kingdom,201,https://theatre.ticketmaster.co.uk/book/1J44R-harry-potter-and-the-cursed-child-one-part/#perf=1J44R-7N&date=2027-06-05&time=7.00PM
315,17uYv0G6G2JtDQS,Harry Potter and the Cursed Child - One Part Show,2027-06-05,13:00:00,False,False,Arts & Theatre,Theatre,Drama,False,KovZ9177gU0,Palace Theatre,"Cambridge Circus, Shaftesbury Avenue",W1D 8AY,London,-0.12970730,51.51316680,All of United Kingdom,201,https://theatre.ticketmaster.co.uk/book/1J44R-harry-potter-and-the-cursed-child-one-part/#perf=1J44R-7M&date=2027-06-05&time=1.00PM
316,17uYv0G6G2EdDjN,Harry Potter and the Cursed Child - One Part Show,2027-06-06,14:30:00,False,False,Arts & Theatre,Theatre,Drama,False,KovZ9177gU0,Palace Theatre,"Cambridge Circus, Shaftesbury Avenue",W1D 8AY,London,-0.12970730,51.51316680,All of United Kingdom,201,https://theatre.ticketmaster.co.uk/book/1J44R-harry-potter-and-the-cursed-child-one-part/#perf=1J44R-7O&date=2027-06-06&time=2.30PM
317,17uYv0G6G2E8lq2,Harry Potter and the Cursed Child - One Part Show,2027-06-08,19:00:00,False,False,Arts & Theatre,Theatre,Drama,False,KovZ9177gU0,Palace Theatre,"Cambridge Circus, Shaftesbury Avenue",W1D 8AY,London,-0.12970730,51.51316680,All of United Kingdom,201,https://theatre.ticketmaster.co.uk/book/1J44R-harry-potter-and-the-cursed-child-one-part/#perf=1J44R-7P&date=2027-06-08&time=7.00PM
318,17uYv0G6G2EnhL3,Harry Potter and the Cursed Child - One Part Show,2027-06-09,19:00:00,False,False,Arts & Theatre,Theatre,Drama,False,KovZ9177gU0,Palace Theatre,"Cambridge Circus, Shaftesbury Avenue",W1D 8AY,London,-0.12970730,51.51316680,All of United Kingdom,201,https://theatre.ticketmaster.co.uk/book/1J44R-harry-potter-and-the-cursed-child-one-part/#perf=1J44R-7R&date=2027-06-09&time=7.00PM
319,17uYv0G6G2Eqlrr,Harry Potter and the Cursed Child - One Part Show,2027-06-09,13:00:00,False,False,Arts & Theatre,Theatre,Drama,False,KovZ9177gU0,Palace Theatre,"Cambridge Circus, Shaftesbury Avenue",W1D 8AY,London,-0.12970730,51.51316680,All of United Kingdom,201,https://theatre.ticketmaster.co.uk/book/1J44R-harry-potter-and-the-cursed-child-one-part/#perf=1J44R-7Q&date=2027-06-09&time=1.00PM
320,17uYv0G6G2EM5LV,Harry Potter and the Cursed Child - One Part Show,2027-06-10,19:00:00,False,False,Arts & Theatre,Theatre,Drama,False,KovZ9177gU0,Palace Theatre,"Cambridge Circus, Shaftesbury Avenue",W1D 8AY,London,-0.12970730,51.51316680,All of United Kingdom,201,https://theatre.ticketmaster.co.uk/book/1J44R-harry-potter-and-the-cursed-child-one-part/#perf=1J44R-7S&date=2027-06-10&time=7.00PM
321,17uYv0G6G2I75Oj,Harry Potter and the Cursed Child - One Part Show,2027-06-11,19:00:00,False,False,Arts & Theatre,Theatre,Drama,False,KovZ9177gU0,Palace Theatre,"Cambridge Circus, Shaftesbury Avenue",W1D 8AY,London,-0.12970730,51.51316680,All of United Kingdom,201,https://theatre.ticketmaster.co.uk/book/1J44R-harry-potter-and-the-cursed-child-one-part/#perf=1J44R-7T&date=2027-06-11&time=7.00PM
322,17uYv0G6G2Io5-k,Harry Potter and the Cursed Child - One Part Show,2027-06-12,13:00:00,False,False,Arts & Theatre,Theatre,Drama,False,KovZ9177gU0,Palace Theatre,"Cambridge Circus, Shaftesbury Avenue",W1D 8AY,London,-0.12970730,51.51316680,All of United Kingdom,201,https://theatre.ticketmaster.co.uk/book/1J44R-harry-potter-and-the-cursed-child-one-part/#perf=1J44R-7U&date=2027-06-12&time=1.00PM
323,17uYv0G6G2Irhxv,Harry Potter and the Cursed Child - One Part Show,2027-06-12,19:00:00,False,False,Arts & Theatre,Theatre,Drama,False,KovZ9177gU0,Palace Theatre,"Cambridge Circus, Shaftesbury Avenue",W1D 8AY,London,-0.12970730,51.51316680,All of United Kingdom,201,https://theatre.ticketmaster.co.uk/book/1J44R-harry-potter-and-the-cursed-child-one-part/#perf=1J44R-7V&date=2027-06-12&time=7.00PM
324,17uYv0G6G2Ilhx0,Harry Potter and the Cursed Child - One Part Show,2027-06-13,14:30:00,False,False,Arts & Theatre,Theatre,Drama,False,KovZ9177gU0,Palace Theatre,"Cambridge Circus, Shaftesbury Avenue",W1D 8AY,London,-0.12970730,51.51316680,All of United Kingdom,201,https://theatre.ticketmaster.co.uk/book/1J44R-harry-potter-and-the-cursed-child-one-part/#perf=1J44R-7W&date=2027-06-13&time=2.30PM
325,17uYv0G6G2Iz5Nk,Harry Potter and the Cursed Child - One Part Show,2027-06-15,19:00:00,False,False,Arts & Theatre,Theatre,Drama,False,KovZ9177gU0,Palace Theatre,"Cambridge Circus, Shaftesbury Avenue",W1D 8AY,London,-0.12970730,51.51316680,All of United Kingdom,201,https://theatre.ticketmaster.co.uk/book/1J44R-harry-potter-and-the-cursed-child-one-part/#perf=1J44R-7X&date=2027-06-15&time=7.00PM
326,17uYv0G6G2t7DNw,Harry Potter and the Cursed Child - One Part Show,2027-06-16,13:00:00,False,False,Arts & Theatre,Theatre,Drama,False,KovZ9177gU0,Palace Theatre,"Cambridge Circus, Shaftesbury Avenue",W1D 8AY,London,-0.12970730,51.51316680,All of United Kingdom,201,https://theatre.ticketmaster.co.uk/book/1J44R-harry-potter-and-the-cursed-child-one-part/#perf=1J44R-7Y&date=2027-06-16&time=1.00PM
327,17uYv0G6G2tol0t,Harry Potter and the Cursed Child - One Part Show,2027-06-16,19:00:00,False,False,Arts & Theatre,Theatre,Drama,False,KovZ9177gU0,Palace Theatre,"Cambridge Circus, Shaftesbury Avenue",W1D 8AY,London,-0.12970730,51.51316680,All of United Kingdom,201,https://theatre.ticketmaster.co.uk/book/1J44R-harry-potter-and-the-cursed-child-one-part/#perf=1J44R-7Z&date=2027-06-16&time=7.00PM
328,17uYv0G6G2trhP5,Harry Potter and the Cursed Child - One Part Show,2027-06-17,19:00:00,False,False,Arts & Theatre,Theatre,Drama,False,KovZ9177gU0,Palace Theatre,"Cambridge Circus, Shaftesbury Avenue",W1D 8AY,London,-0.12970730,51.51316680,All of United Kingdom,201,https://theatre.ticketmaster.co.uk/book/1J44R-harry-potter-and-the-cursed-child-one-part/#perf=1J44R-80&date=2027-06-17&time=7.00PM
329,17uYv0G6G2tlhPn,Harry Potter and the Cursed Child - One Part Show,2027-06-18,19:00:00,False,False,Arts & Theatre,Theatre,Drama,False,KovZ9177gU0,Palace Theatre,"Cambridge Circus, Shaftesbury Avenue",W1D 8AY,London,-0.12970730,51.51316680,All of United Kingdom,201,https://theatre.ticketmaster.co.uk/book/1J44R-harry-potter-and-the-cursed-child-one-part/#perf=1J44R-81&date=2027-06-18&time=7.00PM
330,17uYv0G6G2nA5Ev,Harry Potter and the Cursed Child - One Part Show,2027-06-19,19:00:00,False,False,Arts & Theatre,Theatre,Drama,False,KovZ9177gU0,Palace Theatre,"Cambridge Circus, Shaftesbury Avenue",W1D 8AY,London,-0.12970730,51.51316680,All of United Kingdom,201,https://theatre.ticketmaster.co.uk/book/1J44R-harry-potter-and-the-cursed-child-one-part/#perf=1J44R-83&date=2027-06-19&time=7.00PM
331,17uYv0G6G2tzhJq,Harry Potter and the Cursed Child - One Part Show,2027-06-19,13:00:00,False,False,Arts & Theatre,Theatre,Drama,False,KovZ9177gU0,Palace Theatre,"Cambridge Circus, Shaftesbury Avenue",W1D 8AY,London,-0.12970730,51.51316680,All of United Kingdom,201,https://theatre.ticketmaster.co.uk/book/1J44R-harry-potter-and-the-cursed-child-one-part/#perf=1J44R-82&date=2027-06-19&time=1.00PM
332,17uYv0G6G2noDE0,Harry Potter and the Cursed Child - One Part Show,2027-06-20,14:30:00,False,False,Arts & Theatre,Theatre,Drama,False,KovZ9177gU0,Palace Theatre,"Cambridge Circus, Shaftesbury Avenue",W1D 8AY,London,-0.12970730,51.51316680,All of United Kingdom,201,https://theatre.ticketmaster.co.uk/book/1J44R-harry-potter-and-the-cursed-child-one-part/#perf=1J44R-84&date=2027-06-20&time=2.30PM
333,17uYv0G6G2nrlIA,Harry Potter and the Cursed Child - One Part Show,2027-06-22,19:00:00,False,False,Arts & Theatre,Theatre,Drama,False,KovZ9177gU0,Palace Theatre,"Cambridge Circus, Shaftesbury Avenue",W1D 8AY,London,-0.12970730,51.51316680,All of United Kingdom,201,https://theatre.ticketmaster.co.uk/book/1J44R-harry-potter-and-the-cursed-child-one-part/#perf=1J44R-85&date=2027-06-22&time=7.00PM
334,17uYv0G6G2nllIS,Harry Potter and the Cursed Child - One Part Show,2027-06-23,13:00:00,False,False,Arts & Theatre,Theatre,Drama,False,KovZ9177gU0,Palace Theatre,"Cambridge Circus, Shaftesbury Avenue",W1D 8AY,London,-0.12970730,51.51316680,All of United Kingdom,201,https://theatre.ticketmaster.co.uk/book/1J44R-harry-potter-and-the-cursed-child-one-part/#perf=1J44R-86&date=2027-06-23&time=1.00PM
335,17uYv0G6G2nzhtq,Harry Potter and the Cursed Child - One Part Show,2027-06-23,19:00:00,False,False,Arts & Theatre,Theatre,Drama,False,KovZ9177gU0,Palace Theatre,"Cambridge Circus, Shaftesbury Avenue",W1D 8AY,London,-0.12970730,51.51316680,All of United Kingdom,201,https://theatre.ticketmaster.co.uk/book/1J44R-harry-potter-and-the-cursed-child-one-part/#perf=1J44R-87&date=2027-06-23&time=7.00PM
336,17uYv0G6G2lA5nr,Harry Potter and the Cursed Child - One Part Show,2027-06-24,19:00:00,False,False,Arts & Theatre,Theatre,Drama,False,KovZ9177gU0,Palace Theatre,"Cambridge Circus, Shaftesbury Avenue",W1D 8AY,London,-0.12970730,51.51316680,All of United Kingdom,201,https://theatre.ticketmaster.co.uk/book/1J44R-harry-potter-and-the-cursed-child-one-part/#perf=1J44R-88&date=2027-06-24&time=7.00PM
337,17uYv0G6G2loDlu,Harry Potter and the Cursed Child - One Part Show,2027-06-25,19:00:00,False,False,Arts & Theatre,Theatre,Drama,False,KovZ9177gU0,Palace Theatre,"Cambridge Circus, Shaftesbury Avenue",W1D 8AY,London,-0.12970730,51.51316680,All of United Kingdom,201,https://theatre.ticketmaster.co.uk/book/1J44R-harry-potter-and-the-cursed-child-one-part/#perf=1J44R-89&date=2027-06-25&time=7.00PM
338,17uYv0G6G2llhij,Harry Potter and the Cursed Child - One Part Show,2027-06-26,19:00:00,False,False,Arts & Theatre,Theatre,Drama,False,KovZ9177gU0,Palace Theatre,"Cambridge Circus, Shaftesbury Avenue",W1D 8AY,London,-0.12970730,51.51316680,All of United Kingdom,201,https://theatre.ticketmaster.co.uk/book/1J44R-harry-potter-and-the-cursed-child-one-part/#perf=1J44R-8B&date=2027-06-26&time=7.00PM
339,17uYv0G6G2lrllH,Harry Potter and the Cursed Child - One Part Show,2027-06-26,13:00:00,False,False,Arts & Theatre,Theatre,Drama,False,KovZ9177gU0,Palace Theatre,"Cambridge Circus, Shaftesbury Avenue",W1D 8AY,London,-0.12970730,51.51316680,All of United Kingdom,201,https://theatre.ticketmaster.co.uk/book/1J44R-harry-potter-and-the-cursed-child-one-part/#perf=1J44R-8A&date=2027-06-26&time=1.00PM
340,17uYv0G6G2lzlcA,Harry Potter and the Cursed Child - One Part Show,2027-06-27,14:30:00,False,False,Arts & Theatre,Theatre,Drama,False,KovZ9177gU0,Palace Theatre,"Cambridge Circus, Shaftesbury Avenue",W1D 8AY,London,-0.12970730,51.51316680,All of United Kingdom,201,https://theatre.ticketmaster.co.uk/book/1J44R-harry-potter-and-the-cursed-child-one-part/#perf=1J44R-8C&date=2027-06-27&time=2.30PM
341,1AMZku0GkdU4trN,All Points East Presents Outbreak - Deftones,2026-08-23,13:30:00,False,False,Music,Rock,Pop,False,KovZ9177Mvf,Victoria Park London,Grove Road,E3 5TB,London,-0.04047000,51.53929000,All of United Kingdom,201,https://www.ticketmaster.co.uk/all-points-east-presents-outbreak-deftones-london-23-08-2026/event/37006364F65697A3
342,1AUZkupGkdqJDWF,Edinburgh Summer Sessions - Deftones,2026-08-27,17:00:00,False,False,Music,Rock,Alternative Rock,False,KovZ9177wq7,Royal Highland Showgrounds,Ingliston,EH28 8NB,Edinburgh,-3.37116000,55.94195200,All of United Kingdom,201,https://www.ticketmaster.co.uk/edinburgh-summer-sessions-deftones-edinburgh-27-08-2026/event/36006356DD9BBF48
343,G5vHZ_5UhPgXv,Cody Johnson,2026-10-24,18:00:00,False,False,Music,Country,Country,False,KovZ9177A4f,AO Arena,"Victoria Station, Hunts Bank",M3 1AR,Manchester,-2.24406600,53.48816400,All of United Kingdom,201,https://www.ticketmaster.co.uk/cody-johnson-manchester-24-10-2026/event/1F0064BD9B975F81
344,G5vHZ_7htzamb,Venue Premium Packages - Cody Johnson: Live '26,2026-10-24,18:00:00,False,False,Music,Country,Country,False,KovZ9177A4f,AO Arena,"Victoria Station, Hunts Bank",M3 1AR,Manchester,-2.24406600,53.48816400,All of United Kingdom,201,https://www.ticketmaster.co.uk/venue-premium-packages-cody-johnson-live-manchester-24-10-2026/event/1F006446E9E09B98
345,1ku8v0oaGAGnN1k,Cody Johnson,2026-10-27,18:30:00,False,False,Music,Country,Country,False,KovZ9177PFf,The O2,Peninsula Square,SE10 0DX,London,0.00551900,51.50158100,All of United Kingdom,201,https://www.ticketmaster.co.uk/cody-johnson-london-27-10-2026/event/350064449CAA3286
346,1kFYv0o_GA1Tsuk,Cody Johnson,2026-11-01,18:00:00,False,False,Music,Country,Country,False,KovZ9177W00,Utilita Arena Birmingham,King Edwards Road,B1 2AA,Birmingham,-1.91492400,52.47993200,All of United Kingdom,201,https://www.ticketmaster.co.uk/cody-johnson-birmingham-01-11-2026/event/230064459AFF1346
347,1AUZk8UGkdF-AIv,Cody Johnson,2026-11-02,18:30:00,False,False,Music,Country,Country,False,KovZ9177Sq0,OVO Hydro,Exhibition Way,G3 8YW,Glasgow,-4.28815400,55.86087000,All of United Kingdom,201,https://www.ticketmaster.co.uk/cody-johnson-glasgow-02-11-2026/event/36006436C8845A01
348,1AdbZ_dGklksJTI,Venue Premium - Cody Johnson,2026-11-02,18:30:00,False,False,Miscellaneous,Community/Civic,Community/Civic,False,KovZ9177Sq0,OVO Hydro,Exhibition Way,G3 8YW,Glasgow,-4.28815400,55.86087000,All of United Kingdom,201,https://www.ticketmaster.co.uk/venue-premium-cody-johnson-glasgow-02-11-2026/event/3600643AC6C66FE8
349,1AzZkodGkdBmxb7,Cody Johnson,2026-11-04,18:30:00,False,False,Music,Country,Country,False,KovZ917A7I0,The O2 Belfast,2 Queens Quay,BT39QQ,Belfast,-5.91356277,54.60391677,All of United Kingdom,201,https://www.ticketmaster.ie/cody-johnson-belfast-04-11-2026/event/38006443FABA2604
350,1AzZkokGkdpBK5-,Share a Suite - Cody Johnson,2026-11-04,18:31:00,False,False,Music,Rock,Pop,False,KovZ917A7I0,The O2 Belfast,2 Queens Quay,BT39QQ,Belfast,-5.91356277,54.60391677,All of United Kingdom,201,https://www.ticketmaster.ie/share-a-suite-cody-johnson-belfast-04-11-2026/event/38006446D6E932E1
351,1AdjZbVGklbLnsr,Reading Festival 2026 - Friday,2026-08-28,09:30:00,False,False,Music,Undefined,Undefined,False,KovZ9177Bn7,Richfield Avenue,Richfield Avenue,RG1 8EQ,Reading,-0.98493700,51.46368200,All of United Kingdom,201,https://www.ticketmaster.co.uk/reading-festival-2026-friday-reading-28-08-2026/event/3700634AD87EAC5E
352,1AdfZbVGklFrtT2,Leeds Festival 2026 - Saturday,2026-08-29,11:00:00,False,False,Music,Undefined,Undefined,False,KovZ9177JYV,Bramham Park,Wetherby,LS23 6ND,Leeds,-1.38034500,53.87016000,All of United Kingdom,201,https://www.ticketmaster.co.uk/leeds-festival-2026-saturday-leeds-29-08-2026/event/3500634AC87A9FCF
353,1AdbZbVGkUKwdBT,Luke Combs - My Kinda Saturday Night Tour,2026-07-24,17:00:00,False,False,Music,Country,Country,False,KovZ9177mh7,Scottish Gas Murrayfield,Murrayfield,EH12 5PJ,Edinburgh,-3.24194169,55.94078064,All of United Kingdom,201,https://www.ticketmaster.co.uk/luke-combs-my-kinda-saturday-night-edinburgh-24-07-2026/event/3600634D93C83EBF
354,1AUZkuFGkdVfH9g,Luke Combs - My Kinda Saturday Night Tour,2026-07-25,17:00:00,False,False,Music,Country,Country,False,KovZ9177mh7,Scottish Gas Murrayfield,Murrayfield,EH12 5PJ,Edinburgh,-3.24194169,55.94078064,All of United Kingdom,201,https://www.ticketmaster.co.uk/luke-combs-my-kinda-saturday-night-edinburgh-25-07-2026/event/36006348F453C5F5
355,1AeGZbVGklg23tg,Luke Combs - My Kinda Saturday Night,2026-07-31,17:00:00,False,False,Music,Country,Country,False,KovZ9177ML0,Wembley Stadium,Wembley,HA9 0WS,London,-0.27958100,51.55780700,All of United Kingdom,201,https://www.ticketmaster.co.uk/luke-combs-my-kinda-saturday-night-london-31-07-2026/event/2300634AF53D2A75
356,1aeGZbVOFGvZdu6e,Luke Combs - My Kinda Saturday Night,2026-08-01,17:00:00,False,False,Music,Country,Country,False,KovZ9177ML0,Wembley Stadium,Wembley,HA9 0WS,London,-0.27958100,51.55780700,All of United Kingdom,201,https://www.ticketmaster.co.uk/luke-combs-my-kinda-saturday-night-london-01-08-2026/event/2300634808301C61
357,1ANZkuoGkeWjsQu,Luke Combs - My Kinda Saturday Night,2026-08-02,17:00:00,False,False,Music,Country,Country,False,KovZ9177ML0,Wembley Stadium,Wembley,HA9 0WS,London,-0.27958100,51.55780700,All of United Kingdom,201,https://www.ticketmaster.co.uk/luke-combs-my-kinda-saturday-night-london-02-08-2026/event/23006351BD73168D
358,G5vHZ_GXn4zfb,Don Toliver - Venue Premium Tickets,2026-11-18,18:30:00,False,False,Music,Hip-Hop/Rap,Trap,False,KovZ9177Gd7,Leeds First Direct Bank Arena,Clay Pit Lane,LS28AR,Leeds,-1.54407300,53.80461600,All of United Kingdom,201,https://www.ticketmaster.co.uk/don-toliver-venue-premium-tickets-leeds-18-11-2026/event/1F0064CFAA578518
359,G5vHZ_GwVIQjZ,DON TOLIVER: NITROUS - OCTANE WORLD TOUR LEG 2,2026-11-18,18:30:00,False,False,Music,Hip-Hop/Rap,Trap,False,KovZ9177Gd7,Leeds First Direct Bank Arena,Clay Pit Lane,LS28AR,Leeds,-1.54407300,53.80461600,All of United Kingdom,201,https://www.ticketmaster.co.uk/don-toliver-nitrous-octane-world-tour-leeds-18-11-2026/event/1F0064CCB4A1A700
360,17FYv0G6GTdPhVJ,DON TOLIVER: NITROUS - OCTANE WORLD TOUR LEG 2,2026-11-19,18:00:00,False,False,Music,Hip-Hop/Rap,Trap,False,KovZ9177W00,Utilita Arena Birmingham,King Edwards Road,B1 2AA,Birmingham,-1.91492400,52.47993200,All of United Kingdom,201,https://www.ticketmaster.co.uk/don-toliver-nitrous-octane-world-tour-birmingham-19-11-2026/event/230064CFC395BD26
361,17uYv0G6GRKzSBS,DON TOLIVER: NITROUS - OCTANE WORLD TOUR LEG 2,2026-11-22,18:30:00,False,False,Music,Hip-Hop/Rap,Trap,False,KovZ9177z1f,Co-op Live,1 Sports City Way,M11 3DU,Manchester,-2.19957970,53.48661136,All of United Kingdom,201,https://www.ticketmaster.co.uk/don-toliver-nitrous-octane-world-tour-manchester-22-11-2026/event/370064CBD3E33EB3
362,17u8v0G6GR0MXnU,DON TOLIVER: NITROUS - OCTANE WORLD TOUR LEG 2,2026-11-23,18:30:00,False,False,Music,Hip-Hop/Rap,Trap,False,KovZ9177PFf,The O2,Peninsula Square,SE10 0DX,London,0.00551900,51.50158100,All of United Kingdom,201,https://www.ticketmaster.co.uk/don-toliver-nitrous-octane-world-tour-london-23-11-2026/event/350064CBE4DFEAB6
363,1AMZkGVGkdNTc3Z,Iron Maiden - Official Ticket and Hotel Packages,2026-07-11,13:01:00,False,False,Music,Metal,Nu-Metal,False,KovZ9177y00,Knebworth Park,Knebworth House and Park,SG1 2AX,Stevenage,-0.21487897,51.87289535,All of United Kingdom,201,https://www.eventtravel.com/im26hp3?agentCodeWeblink=AF294
364,1kuYvNGtGA1e_qM,Iron Maiden - EDDFEST,2026-07-11,13:00:00,False,False,Music,Metal,Nu-Metal,False,KovZ9177y00,Knebworth Park,Knebworth House and Park,SG1 2AX,Stevenage,-0.21487897,51.87289535,All of United Kingdom,201,https://www.ticketmaster.co.uk/iron-maiden-eddfest-stevenage-11-07-2026/event/370063329A099777
365,16gZkuvZIZAuC78C,Teddy Swims- Official Ticket and Hotel Bundls,2026-07-22,18:01:00,False,False,Music,Pop,Pop,False,KovZ9177Ez0,Scarborough Open Air Theatre,Burniston Road,YO12 6PF,Scarborough,-0.41208600,54.29319500,All of United Kingdom,201,https://app.bundl.travel/event/scarborough-open-air-theatre?utm_source=cuffeandtaylor&utm_medium=affiliate&utm_campaign=teddyswims&utm_content=scarborough
366,1AdfZbSGknNxhFY,Teddy Swims,2026-07-22,18:00:00,False,False,Music,Pop,Pop,False,KovZ9177Ez0,Scarborough Open Air Theatre,Burniston Road,YO12 6PF,Scarborough,-0.41208600,54.29319500,All of United Kingdom,201,https://www.ticketmaster.co.uk/teddy-swims-scarborough-22-07-2026/event/3500633AA389B230
367,1AdfZbSGkBYd1xV,Teddy Swims,2026-07-23,18:00:00,False,False,Music,Pop,Pop,False,KovZ9177Ez0,Scarborough Open Air Theatre,Burniston Road,YO12 6PF,Scarborough,-0.41208600,54.29319500,All of United Kingdom,201,https://www.ticketmaster.co.uk/teddy-swims-scarborough-23-07-2026/event/3500633EB00CA8B4
368,1Fu8vN88FUZ7C7Cv,Teddy Swims- Official Ticket and Hotel Bundls,2026-07-23,18:01:00,False,False,Music,Pop,Pop,False,KovZ9177Ez0,Scarborough Open Air Theatre,Burniston Road,YO12 6PF,Scarborough,-0.41208600,54.29319500,All of United Kingdom,201,https://app.bundl.travel/event/scarborough-open-air-theatre?utm_source=cuffeandtaylor&utm_medium=affiliate&utm_campaign=teddyswims&utm_content=scarborough
369,1AdjZ_eGkwqOsJB,Latitude Festival 2026 - Saturday Day Ticket,2026-07-25,10:00:00,False,False,Music,Undefined,Undefined,False,KovZ9177DH0,Henham Park,Beccles,NR34 8AN,Suffolk,1.59526700,52.34890600,All of United Kingdom,201,https://www.ticketmaster.co.uk/latitude-festival-2026-saturday-day-ticket-suffolk-25-07-2026/event/3700642C9D8319BA
370,1kuYvNqFGACRxgx,All Points East - Twenty One Pilots,2026-08-30,13:30:00,False,False,Music,Rock,Pop,False,KovZ9177Mvf,Victoria Park London,Grove Road,E3 5TB,London,-0.04047000,51.53929000,All of United Kingdom,201,https://www.ticketmaster.co.uk/all-points-east-twenty-one-pilots-london-30-08-2026/event/370063748EBE2D62
371,G5vHZ_kE_p4L2,Korn,2026-10-26,18:00:00,False,False,Music,Metal,Nu-Metal,False,KovZ9177Gd7,Leeds First Direct Bank Arena,Clay Pit Lane,LS28AR,Leeds,-1.54407300,53.80461600,All of United Kingdom,201,https://www.ticketmaster.co.uk/korn-leeds-26-10-2026/event/1F006469D95957CF
372,G5vHZ_knvxs12,Korn - Venue Premium Tickets,2026-10-26,18:00:00,False,False,Music,Metal,Nu-Metal,False,KovZ9177Gd7,Leeds First Direct Bank Arena,Clay Pit Lane,LS28AR,Leeds,-1.54407300,53.80461600,All of United Kingdom,201,https://www.ticketmaster.co.uk/korn-venue-premium-tickets-leeds-26-10-2026/event/1F00646A818B128F
373,1AeGZ_kGkl-Vx6X,Korn,2026-10-28,18:00:00,False,False,Music,Metal,Nu-Metal,False,KovZ9177W00,Utilita Arena Birmingham,King Edwards Road,B1 2AA,Birmingham,-1.91492400,52.47993200,All of United Kingdom,201,https://www.ticketmaster.co.uk/korn-birmingham-28-10-2026/event/2300646AE1D221FE
374,G5vHZ_klvvdx-,Korn,2026-10-30,18:00:00,False,False,Music,Metal,Nu-Metal,False,KovZpZAnFdnA,Utilita Arena Newcastle,Arena Way,NE4 7NA,Newcastle Upon Tyne,-1.62333800,54.96380900,All of United Kingdom,201,https://www.ticketmaster.co.uk/korn-newcastle-upon-tyne-30-10-2026/event/1F00646AC10438A1
375,G5vHZ_kntOxSM,Korn - Venue Premium Tickets,2026-10-30,18:00:00,False,False,Music,Metal,Nu-Metal,False,KovZpZAnFdnA,Utilita Arena Newcastle,Arena Way,NE4 7NA,Newcastle Upon Tyne,-1.62333800,54.96380900,All of United Kingdom,201,https://www.ticketmaster.co.uk/korn-venue-premium-tickets-newcastle-upon-tyne-30-10-2026/event/1F00646AA9822CF7
376,G5vHZ_5Uhf4Bb,Korn,2026-10-31,18:00:00,False,False,Music,Metal,Nu-Metal,False,KovZ9177A4f,AO Arena,"Victoria Station, Hunts Bank",M3 1AR,Manchester,-2.24406600,53.48816400,All of United Kingdom,201,https://www.ticketmaster.co.uk/korn-manchester-31-10-2026/event/1F0064BD9B515E98
377,G5vHZ_klujSzr,Korn - Venue Premium Tickets,2026-10-31,18:00:00,False,False,Music,Metal,Nu-Metal,False,KovZ9177A4f,AO Arena,"Victoria Station, Hunts Bank",M3 1AR,Manchester,-2.24406600,53.48816400,All of United Kingdom,201,https://www.ticketmaster.co.uk/korn-venue-premium-tickets-manchester-31-10-2026/event/1F00646ACD733E1E
378,1ku8v0QoGAGtEwZ,Korn,2026-11-04,18:30:00,False,False,Music,Metal,Nu-Metal,False,KovZ9177PFf,The O2,Peninsula Square,SE10 0DX,London,0.00551900,51.50158100,All of United Kingdom,201,https://www.ticketmaster.co.uk/korn-london-04-11-2026/event/350064691CA67C80
379,16djZbVF7G7ncoa,Pitbull - Official Premium Ticket and Hotel Experiences,2026-07-10,14:01:00,False,False,Music,Pop,Pop,False,KovZ9177gxV,Hyde Park,Rangers Lodge,W2 2UH,London,-0.16570800,51.50743200,All of United Kingdom,201,https://easol.link/46mx
380,1AMZkGyGkdEauCg,Amex Presents BST Hyde Park - Pitbull - Ultimate Bar Packages,2026-07-10,13:00:00,False,False,Music,Undefined,Undefined,False,KovZ9177gxV,Hyde Park,Rangers Lodge,W2 2UH,London,-0.16570800,51.50743200,All of United Kingdom,201,https://www.ticketmaster.co.uk/amex-presents-bst-hyde-park-pitbull-london-10-07-2026/event/37006339E724D3B5
381,1AMZkGyGkeJTygI,American Express Presents BST Hyde Park - Pitbull,2026-07-10,14:00:00,False,False,Music,Undefined,Undefined,False,KovZ9177gxV,Hyde Park,Rangers Lodge,W2 2UH,London,-0.16570800,51.50743200,All of United Kingdom,201,https://www.ticketmaster.co.uk/american-express-presents-bst-hyde-park-london-10-07-2026/event/37006339A6FF9D68
382,17uOv0G61SUXgNP,Venue Premium - Kacey Musgraves,2027-02-22,18:30:00,False,False,Music,Country,Country,False,KovZ9177Sq0,OVO Hydro,Exhibition Way,G3 8YW,Glasgow,-4.28815400,55.86087000,All of United Kingdom,201,https://www.ticketmaster.co.uk/venue-premium-kacey-musgraves-glasgow-22-02-2027/event/360064ACF6FB58E5
383,1AdbZ_aGkDqkNT2,Kacey Musgraves,2027-02-22,18:30:00,False,False,Music,Country,Country,False,KovZ9177Sq0,OVO Hydro,Exhibition Way,G3 8YW,Glasgow,-4.28815400,55.86087000,All of United Kingdom,201,https://www.ticketmaster.co.uk/kacey-musgraves-glasgow-22-02-2027/event/3600649EDD1A3FCF
384,G5vHZ_1xKQ3Ks,Kacey Musgraves - Venue Premium Tickets,2027-02-24,18:00:00,False,False,Music,Country,Country,False,KovZ9177A4f,AO Arena,"Victoria Station, Hunts Bank",M3 1AR,Manchester,-2.24406600,53.48816400,All of United Kingdom,201,https://www.ticketmaster.co.uk/kacey-musgraves-venue-premium-tickets-manchester-24-02-2027/event/1F0064A8936924F1
385,G5vHZ_GKaityt,Kacey Musgraves,2027-02-24,18:00:00,False,False,Music,Country,Country,False,KovZ9177A4f,AO Arena,"Victoria Station, Hunts Bank",M3 1AR,Manchester,-2.24406600,53.48816400,All of United Kingdom,201,https://www.ticketmaster.co.uk/kacey-musgraves-manchester-24-02-2027/event/1F0064C4C9B29E69
386,17uYv0G61NudkaN,Kacey Musgraves - Venue Premium Tickets,2027-02-26,18:00:00,False,False,Music,Country,Country,False,KovZ9177yOV,OVO Arena Wembley,Arena Square,HA90AA,London,-0.28352700,51.55791800,All of United Kingdom,201,https://www.ticketmaster.co.uk/kacey-musgraves-venue-premium-tickets-london-26-02-2027/event/370064A8CD0C6263
387,1AdjZ_aGkMwRF6S,Kacey Musgraves,2027-02-26,18:30:00,False,False,Music,Country,Country,False,KovZ9177yOV,OVO Arena Wembley,Arena Square,HA90AA,London,-0.28352700,51.55791800,All of United Kingdom,201,https://www.ticketmaster.co.uk/kacey-musgraves-london-26-02-2027/event/3700649DF2BC81F3
388,17u8v0G65msOJ2O,HERITAGE LIVE: Janet Jackson+Special Guests Wyclef Jean & Soul II Soul,2026-08-19,11:00:00,False,False,Music,Pop,Pop,False,KovZ9177NaV,Sandringham Estate,SANDRINGHAM,PE35 6EN,Norfolk,0.49909000,52.82342000,All of United Kingdom,201,https://www.ticketmaster.co.uk/heritage-live-janet-jacksonspecial-guests-wyclef-norfolk-19-08-2026/event/350064BBB18263E0
389,17u8v0G6ur4ptiu,Sandringham Heritage Live Festival - 5 Day Ticket,2026-08-19,,False,False,Music,Other,Other,False,KovZ9177NaV,Sandringham Estate,SANDRINGHAM,PE35 6EN,Norfolk,0.49909000,52.82342000,All of United Kingdom,201,https://www.ticketmaster.co.uk/sandringham-heritage-live-festival-5-day-norfolk-19-08-2026/event/350064D7955A9B0D
390,16UZkCFGeZA82G8F,Megan Moroney VIP Packages,2026-09-23,19:00:00,False,False,Music,Country,Country,False,KovZpZAtadaA,Eventim Apollo,45 Queen Caroline Street,W6 9QH,London,-0.22442300,51.49069300,All of United Kingdom,201,https://www.ticketmaster.co.uk/megan-moroney-vip-packages-london-23-09-2026/event/36006388302FEBF7
391,1kuOvN-FGAur4pN,Megan Moroney - The Cloud 9 Tour,2026-09-26,19:00:00,False,False,Music,Country,Country,False,KovZ9177YPV,O2 Apollo Manchester,Stockport Road,M12 6AP,Manchester,-2.22196400,53.46942200,All of United Kingdom,201,https://www.ticketmaster.co.uk/megan-moroney-the-cloud-9-tour-manchester-26-09-2026/event/360063848D7955A3
392,G5dzZbzJrQNft,Megan Moroney - The Cloud 9 Tour,2026-09-27,19:00:00,False,False,Music,Country,Country,False,KovZ9177aJf,O2 Academy Glasgow,121 Eglington Street,G5 9NT,Glasgow,-4.25878090,55.85044960,All of United Kingdom,201,https://www.ticketmaster.co.uk/megan-moroney-the-cloud-9-tour-glasgow-27-09-2026/event/3E0063899E6A3529
393,G5dzZbzJK2wMI,Megan Moroney - The Cloud 9 Tour,2026-09-28,19:00:00,False,False,Music,Country,Country,False,KovZ9177aJf,O2 Academy Glasgow,121 Eglington Street,G5 9NT,Glasgow,-4.25878090,55.85044960,All of United Kingdom,201,https://www.ticketmaster.co.uk/megan-moroney-the-cloud-9-tour-glasgow-28-09-2026/event/3E006389933F2DE8
394,16dOZbzJaG7ysLo,Share a Suite - Megan Moroney,2026-10-01,18:30:00,False,False,Music,Rock,Pop,False,KovZ917A7I0,The O2 Belfast,2 Queens Quay,BT39QQ,Belfast,-5.91356277,54.60391677,All of United Kingdom,201,https://www.ticketmaster.ie/share-a-suite-megan-moroney-belfast-01-10-2026/event/3800638989E717D1
395,1AdOZbMGkS-xKlm,Megan Moroney - The Cloud 9 Tour,2026-10-01,20:00:00,False,False,Music,Country,Country,False,KovZ917A7I0,The O2 Belfast,2 Queens Quay,BT39QQ,Belfast,-5.91356277,54.60391677,All of United Kingdom,201,https://www.ticketmaster.ie/megan-moroney-the-cloud-9-tour-belfast-01-10-2026/event/3800637CE1893AEE
396,1AgZk39GkeMTN_b,Gospel Garden Seating/Chair Upgrade - Ticket NOT Included,2026-08-02,15:00:00,False,False,Music,Religious,Gospel,False,KovZ9177tzf,Crystal Palace Bowl,Terrace Straight,SE19 2GA,London,-0.06738600,51.42091700,All of United Kingdom,201,https://www.ticketmaster.co.uk/gospel-garden-seatingchair-upgrade-ticket-not-london-02-08-2026/event/35006497B7FE3658
397,1AgZkokGkewsJGg,Gospel Garden presents Kirk Franklin,2026-08-02,15:00:00,False,False,Music,Religious,Gospel,False,KovZ9177tzf,Crystal Palace Bowl,Terrace Straight,SE19 2GA,London,-0.06738600,51.42091700,All of United Kingdom,201,https://www.ticketmaster.co.uk/gospel-garden-presents-kirk-franklin-london-02-08-2026/event/35006446B2C66335
398,17u8v0G65wW8Egc,THE KEHLANI WORLD TOUR: EU & UK,2026-12-08,18:30:00,False,False,Music,R&B,R&B,False,KovZ9177PFf,The O2,Peninsula Square,SE10 0DX,London,0.00551900,51.50158100,All of United Kingdom,201,https://www.ticketmaster.co.uk/the-kehlani-world-tour-eu-uk-london-08-12-2026/event/350064BCBD427D6D
399,17uYv0G65R54xoT,THE KEHLANI WORLD TOUR: EU & UK,2026-12-10,19:00:00,False,False,Music,R&B,R&B,False,KovZ9177z1f,Co-op Live,1 Sports City Way,M11 3DU,Manchester,-2.19957970,53.48661136,All of United Kingdom,201,https://www.ticketmaster.co.uk/the-kehlani-world-tour-eu-uk-manchester-10-12-2026/event/370064BBCB56247F
400,G5dzZbzTnG4t6,Breaking Benjamin,2026-07-10,19:00:00,False,False,Music,Rock,Alternative Rock,False,KovZpZAnak7A,O2 Academy Birmingham,16-18 Horsefair,B1 1DB,Birmingham,-1.90021500,52.47327700,All of United Kingdom,201,https://www.ticketmaster.co.uk/breaking-benjamin-birmingham-10-07-2026/event/3E00638FEA315A47
401,G5dzZbznjqdqW,Breaking Benjamin,2026-07-11,19:00:00,False,False,Music,Rock,Alternative Rock,False,KovZ9177aJf,O2 Academy Glasgow,121 Eglington Street,G5 9NT,Glasgow,-4.25878090,55.85044960,All of United Kingdom,201,https://www.ticketmaster.co.uk/breaking-benjamin-glasgow-11-07-2026/event/3E00638A9C74377D
402,1AdOZbzGknbbeo0,Breaking Benjamin,2026-07-13,19:00:00,False,False,Music,Rock,Alternative Rock,False,KovZ917A9A7,The Telegraph Building,124-144 Royal Avenue ,BT1 1ND,Belfast,-5.93227500,54.60242700,All of United Kingdom,201,https://www.ticketmaster.ie/breaking-benjamin-belfast-13-07-2026/event/3800638A98602464
403,G5dzZbyeUANnA,Breaking Benjamin,2026-07-16,19:00:00,False,False,Music,Rock,Alternative Rock,False,KovZ9177A50,O2 Victoria Warehouse Manchester,Trafford Wharf Road,M17 1AB,Manchester,-2.28530540,53.46437070,All of United Kingdom,201,https://www.ticketmaster.co.uk/breaking-benjamin-manchester-16-07-2026/event/3E006390B6163A85
404,G5dzZbzTYk4gI,Breaking Benjamin,2026-07-17,19:00:00,False,False,Music,Rock,Alternative Rock,False,KovZ91777af,O2 Academy Brixton,211 Stockwell Road,SW9 9SL,London,-0.11517600,51.46535500,All of United Kingdom,201,https://www.ticketmaster.co.uk/breaking-benjamin-london-17-07-2026/event/3E00638FF0195D68
405,1AdfZ_aGkUYJ7aH,Olivia Rodrigo: The Unraveled Tour,2027-04-05,18:00:00,False,False,Music,Pop,Pop,False,KovZ9177PFf,The O2,Peninsula Square,SE10 0DX,London,0.00551900,51.50158100,All of United Kingdom,201,https://www.ticketmaster.co.uk/olivia-rodrigo-the-unraveled-tour-london-05-04-2027/event/3500649DB098427C
406,1AdfZ_aGkUSG7f3,Olivia Rodrigo: The Unraveled Tour,2027-04-06,18:00:00,False,False,Music,Pop,Pop,False,KovZ9177PFf,The O2,Peninsula Square,SE10 0DX,London,0.00551900,51.50158100,All of United Kingdom,201,https://www.ticketmaster.co.uk/olivia-rodrigo-the-unraveled-tour-london-06-04-2027/event/3500649DB3304512
407,1AdfZ_aGkUSMfph,Olivia Rodrigo: The Unraveled Tour,2027-04-08,18:00:00,False,False,Music,Pop,Pop,False,KovZ9177PFf,The O2,Peninsula Square,SE10 0DX,London,0.00551900,51.50158100,All of United Kingdom,201,https://www.ticketmaster.co.uk/olivia-rodrigo-the-unraveled-tour-london-08-04-2027/event/3500649DB3DD459B
408,1AdfZ_aGkUg10Qr,Olivia Rodrigo: The Unraveled Tour,2027-04-09,18:00:00,False,False,Music,Pop,Pop,False,KovZ9177PFf,The O2,Peninsula Square,SE10 0DX,London,0.00551900,51.50158100,All of United Kingdom,201,https://www.ticketmaster.co.uk/olivia-rodrigo-the-unraveled-tour-london-09-04-2027/event/3500649DB52A469E
409,1AdfZ_aGkDf5Uep,Olivia Rodrigo: The Unraveled Tour,2027-04-12,18:00:00,False,False,Music,Pop,Pop,False,KovZ9177PFf,The O2,Peninsula Square,SE10 0DX,London,0.00551900,51.50158100,All of United Kingdom,201,https://www.ticketmaster.co.uk/olivia-rodrigo-the-unraveled-tour-london-12-04-2027/event/3500649ED42F6096
410,1AdfZ_aGkDbFUff,Olivia Rodrigo: The Unraveled Tour,2027-04-14,18:00:00,False,False,Music,Pop,Pop,False,KovZ9177PFf,The O2,Peninsula Square,SE10 0DX,London,0.00551900,51.50158100,All of United Kingdom,201,https://www.ticketmaster.co.uk/olivia-rodrigo-the-unraveled-tour-london-14-04-2027/event/3500649ED8236514
411,1AdfZ_aGkDQYUQd,Olivia Rodrigo: The Unraveled Tour,2027-04-15,18:00:00,False,False,Music,Pop,Pop,False,KovZ9177PFf,The O2,Peninsula Square,SE10 0DX,London,0.00551900,51.50158100,All of United Kingdom,201,https://www.ticketmaster.co.uk/olivia-rodrigo-the-unraveled-tour-london-15-04-2027/event/3500649EDAC36683
412,1AdfZ_aGkDjmpOl,Olivia Rodrigo: The Unraveled Tour,2027-04-19,18:00:00,False,False,Music,Pop,Pop,False,KovZ9177PFf,The O2,Peninsula Square,SE10 0DX,London,0.00551900,51.50158100,All of United Kingdom,201,https://www.ticketmaster.co.uk/olivia-rodrigo-the-unraveled-tour-london-19-04-2027/event/3500649EDCB9682B
413,1AdfZ_aGkDJ-M1i,Olivia Rodrigo: The Unraveled Tour,2027-04-20,18:00:00,False,False,Music,Pop,Pop,False,KovZ9177PFf,The O2,Peninsula Square,SE10 0DX,London,0.00551900,51.50158100,All of United Kingdom,201,https://www.ticketmaster.co.uk/olivia-rodrigo-the-unraveled-tour-london-20-04-2027/event/3500649EE68772AC
414,1AdfZ_aGkDz-z3P,Olivia Rodrigo: The Unraveled Tour,2027-05-09,18:00:00,False,False,Music,Pop,Pop,False,KovZ9177PFf,The O2,Peninsula Square,SE10 0DX,London,0.00551900,51.50158100,All of United Kingdom,201,https://www.ticketmaster.co.uk/olivia-rodrigo-the-unraveled-tour-london-09-05-2027/event/3500649EF88784A5
415,Z7r9jZ1A70ff4,Olivia Rodrigo w/ Die Spitz,2027-05-09,18:00:00,False,,Music,Other,Other,False,Z7r9jZakuB,The O2,Peninsula Square,SE10 0DX,Greenwich,0,0,,,https://www.ticketmaster.com/event/Z7r9jZ1A70ff4
416,1AdfZ_aGkDD-Fh3,Olivia Rodrigo: The Unraveled Tour,2027-05-10,18:00:00,False,False,Music,Pop,Pop,False,KovZ9177PFf,The O2,Peninsula Square,SE10 0DX,London,0.00551900,51.50158100,All of United Kingdom,201,https://www.ticketmaster.co.uk/olivia-rodrigo-the-unraveled-tour-london-10-05-2027/event/3500649EFB8486D2
417,Z7r9jZ1A70fff,Olivia Rodrigo w/ Die Spitz,2027-05-10,18:00:00,False,,Music,Other,Other,False,Z7r9jZakuB,The O2,Peninsula Square,SE10 0DX,Greenwich,0,0,,,https://www.ticketmaster.com/event/Z7r9jZ1A70fff
418,17uYv0G65RbPNZf,Gracie Abrams: The Look at My Life Tour,2027-04-22,18:30:00,False,False,Music,Pop,Pop,False,KovZ9177z1f,Co-op Live,1 Sports City Way,M11 3DU,Manchester,-2.19957970,53.48661136,All of United Kingdom,201,https://www.ticketmaster.co.uk/gracie-abrams-the-look-at-my-manchester-22-04-2027/event/370064BBD8963014
419,17uYv0G6Gk_VKHL,Gracie Abrams: The Look at My Life Tour,2027-04-24,18:30:00,False,False,Music,Pop,Electro Pop,False,KovZ9177z1f,Co-op Live,1 Sports City Way,M11 3DU,Manchester,-2.19957970,53.48661136,All of United Kingdom,201,https://www.ticketmaster.co.uk/gracie-abrams-the-look-at-my-manchester-24-04-2027/event/370064C199D13F1F
420,17uYv0G6GkP6Vc5,Gracie Abrams: The Look at My Life Tour,2027-04-25,18:30:00,False,False,Music,Pop,Pop,False,KovZ9177z1f,Co-op Live,1 Sports City Way,M11 3DU,Manchester,-2.19957970,53.48661136,All of United Kingdom,201,https://www.ticketmaster.co.uk/gracie-abrams-the-look-at-my-manchester-25-04-2027/event/370064C1A51F4B4B
421,17uOv0G65Spyn-C,Venue Premium - Gracie Abrams: The Look at My Life Tour,2027-04-27,18:30:00,False,False,Miscellaneous,Community/Civic,Community/Civic,False,KovZ9177Sq0,OVO Hydro,Exhibition Way,G3 8YW,Glasgow,-4.28815400,55.86087000,All of United Kingdom,201,https://www.ticketmaster.co.uk/venue-premium-gracie-abrams-the-look-glasgow-27-04-2027/event/360064BCD6E6A84E
422,17uOv0G65lVEsAk,Gracie Abrams: The Look at My Life Tour,2027-04-27,18:30:00,False,False,Music,Pop,Pop,False,KovZ9177Sq0,OVO Hydro,Exhibition Way,G3 8YW,Glasgow,-4.28815400,55.86087000,All of United Kingdom,201,https://www.ticketmaster.co.uk/gracie-abrams-the-look-at-my-glasgow-27-04-2027/event/360064BAF49F1146
423,17uOv0G65VGUMno,Venue Premium - Gracie Abrams: The Look at My Life Tour,2027-04-28,18:30:00,False,False,Miscellaneous,Community/Civic,Community/Civic,False,KovZ9177Sq0,OVO Hydro,Exhibition Way,G3 8YW,Glasgow,-4.28815400,55.86087000,All of United Kingdom,201,https://www.ticketmaster.co.uk/venue-premium-gracie-abrams-the-look-glasgow-28-04-2027/event/360064BD0CDB7A91
424,17uOv0G65Vd1fhq,Gracie Abrams: The Look at My Life Tour,2027-04-28,18:30:00,False,False,Music,Pop,Pop,False,KovZ9177Sq0,OVO Hydro,Exhibition Way,G3 8YW,Glasgow,-4.28815400,55.86087000,All of United Kingdom,201,https://www.ticketmaster.co.uk/gracie-abrams-the-look-at-my-glasgow-28-04-2027/event/360064BD032946DD
425,17u8v0G65wthJL9,Gracie Abrams: The Look at My Life Tour,2027-04-30,18:30:00,False,True,Music,Pop,Pop,False,KovZ9177PFf,The O2,Peninsula Square,SE10 0DX,London,0.00551900,51.50158100,All of United Kingdom,201,https://www.ticketmaster.co.uk/gracie-abrams-the-look-at-my-london-30-04-2027/event/350064BCA96E67D7
426,17u8v0G65wi6pEh,Gracie Abrams: The Look at My Life Tour,2027-05-01,18:30:00,False,True,Music,Pop,Pop,False,KovZ9177PFf,The O2,Peninsula Square,SE10 0DX,London,0.00551900,51.50158100,All of United Kingdom,201,https://www.ticketmaster.co.uk/gracie-abrams-the-look-at-my-london-01-05-2027/event/350064BCAC1D69DB
427,17u8v0G65wcbpi1,Gracie Abrams: The Look at My Life Tour,2027-05-03,18:00:00,False,True,Music,Pop,Pop,False,KovZ9177PFf,The O2,Peninsula Square,SE10 0DX,London,0.00551900,51.50158100,All of United Kingdom,201,https://www.ticketmaster.co.uk/gracie-abrams-the-look-at-my-london-03-05-2027/event/350064BCAD616B0A
428,17u8v0G65wm9Us5,Gracie Abrams: The Look at My Life Tour,2027-05-04,18:30:00,False,True,Music,Pop,Pop,False,KovZ9177PFf,The O2,Peninsula Square,SE10 0DX,London,0.00551900,51.50158100,All of United Kingdom,201,https://www.ticketmaster.co.uk/gracie-abrams-the-look-at-my-london-04-05-2027/event/350064BCAE5F6C4B
429,1AeGZbzGkSGzoMA,Bruno Mars - the Romantic Tour,2026-07-18,17:00:00,False,True,Music,Pop,Pop,False,KovZ9177ML0,Wembley Stadium,Wembley,HA9 0WS,London,-0.27958100,51.55780700,All of United Kingdom,201,https://www.ticketmaster.co.uk/bruno-mars-the-romantic-tour-london-18-07-2026/event/2300638CCCE11DC5
430,1ANZk8EGkdFTYUe,Bruno Mars - The Romantic Tour,2026-07-19,16:30:00,False,True,Music,Pop,Pop,False,KovZ9177ML0,Wembley Stadium,Wembley,HA9 0WS,London,-0.27958100,51.55780700,All of United Kingdom,201,https://www.ticketmaster.co.uk/bruno-mars-the-romantic-tour-london-19-07-2026/event/23006427C8FF0D82
431,1ANZk8EGkdUY8Wh,Bruno Mars - The Romantic Tour,2026-07-22,17:00:00,False,True,Music,Pop,Pop,False,KovZ9177ML0,Wembley Stadium,Wembley,HA9 0WS,London,-0.27958100,51.55780700,All of United Kingdom,201,https://www.ticketmaster.co.uk/bruno-mars-the-romantic-tour-london-22-07-2026/event/23006427F6C10F5B
432,1ANZk8EGkdMNYWE,Bruno Mars - The Romantic Tour,2026-07-24,17:00:00,False,True,Music,Pop,Pop,False,KovZ9177ML0,Wembley Stadium,Wembley,HA9 0WS,London,-0.27958100,51.55780700,All of United Kingdom,201,https://www.ticketmaster.co.uk/bruno-mars-the-romantic-tour-london-24-07-2026/event/23006427F78F0F67
433,1ANZk8EGkdzq8WY,Bruno Mars - The Romantic Tour,2026-07-25,17:00:00,False,True,Music,Pop,Pop,False,KovZ9177ML0,Wembley Stadium,Wembley,HA9 0WS,London,-0.27958100,51.55780700,All of United Kingdom,201,https://www.ticketmaster.co.uk/bruno-mars-the-romantic-tour-london-25-07-2026/event/23006427F8750F70
434,1ANZk8EGkdBd8XC,Bruno Mars - The Romantic Tour,2026-07-28,17:00:00,False,True,Music,Pop,Pop,False,KovZ9177ML0,Wembley Stadium,Wembley,HA9 0WS,London,-0.27958100,51.55780700,All of United Kingdom,201,https://www.ticketmaster.co.uk/bruno-mars-the-romantic-tour-london-28-07-2026/event/23006427FA0D0F8E
435,1ANZkoyGkdRzveg,Niall Horan: Dinner Party Live On Tour,2026-09-22,18:00:00,False,False,Music,Rock,Pop,False,KovZ9177W00,Utilita Arena Birmingham,King Edwards Road,B1 2AA,Birmingham,-1.91492400,52.47993200,All of United Kingdom,201,https://www.ticketmaster.co.uk/niall-horan-dinner-party-live-on-birmingham-22-09-2026/event/23006479EFE010B5
436,G5vHZ_6JEzgkF,Niall Horan: Dinner Party Live On Tour,2026-09-23,18:00:00,False,False,Music,Rock,Pop,False,KovZpZAnFdnA,Utilita Arena Newcastle,Arena Way,NE4 7NA,Newcastle Upon Tyne,-1.62333800,54.96380900,All of United Kingdom,201,https://www.ticketmaster.co.uk/niall-horan-dinner-party-live-on-newcastle-upon-tyne-23-09-2026/event/1F006479A7E35188
437,G5vHZ_6ltSaxU,Niall Horan - Venue Premium Tickets,2026-09-23,18:00:00,False,False,Music,Rock,Pop,False,KovZpZAnFdnA,Utilita Arena Newcastle,Arena Way,NE4 7NA,Newcastle Upon Tyne,-1.62333800,54.96380900,All of United Kingdom,201,https://www.ticketmaster.co.uk/niall-horan-venue-premium-tickets-newcastle-upon-tyne-23-09-2026/event/1F00647AE9CC98B6
438,1AMZkozGkdQEK4f,Niall Horan: Dinner Party Live On Tour,2026-09-25,18:30:00,False,False,Music,Rock,Pop,False,KovZ9177z1f,Co-op Live,1 Sports City Way,M11 3DU,Manchester,-2.19957970,53.48661136,All of United Kingdom,201,https://www.ticketmaster.co.uk/niall-horan-dinner-party-live-on-manchester-25-09-2026/event/37006478DA9D3554
439,1AUZkozGkeYxUgY,Niall Horan: Dinner Party Live On Tour,2026-09-28,18:30:00,False,False,Music,Rock,Pop,False,KovZ9177Sq0,OVO Hydro,Exhibition Way,G3 8YW,Glasgow,-4.28815400,55.86087000,All of United Kingdom,201,https://www.ticketmaster.co.uk/niall-horan-dinner-party-live-on-glasgow-28-09-2026/event/36006478B08B6D70
440,1AdbZ_6GkRld1cU,Venue Premium - Niall Horan - Dinner Party Live On Tour,2026-09-28,18:30:00,False,False,Miscellaneous,Community/Civic,Community/Civic,False,KovZ9177Sq0,OVO Hydro,Exhibition Way,G3 8YW,Glasgow,-4.28815400,55.86087000,All of United Kingdom,201,https://www.ticketmaster.co.uk/venue-premium-niall-horan-dinner-party-glasgow-28-09-2026/event/3600647BEB0CAB76
441,16gZkozPUZA5kedv,Niall Horan: Dinner Party Live On Tour,2026-09-29,18:00:00,False,False,Music,Rock,Pop,False,KovZ91770_0,Utilita Arena Sheffield,Broughton Lane,S9 2DF,Sheffield,-1.41882500,53.39978600,All of United Kingdom,201,https://www.ticketmaster.co.uk/niall-horan-dinner-party-live-on-sheffield-29-09-2026/event/35006478976A5120
442,1AdfZ_6GkRxBajd,Niall Horan: Venue Premium Tickets,2026-09-29,18:00:00,False,False,Miscellaneous,Community/Civic,Community/Civic,False,KovZ91770_0,Utilita Arena Sheffield,Broughton Lane,S9 2DF,Sheffield,-1.41882500,53.39978600,All of United Kingdom,201,https://www.ticketmaster.co.uk/niall-horan-venue-premium-tickets-sheffield-29-09-2026/event/3500647BE2E89703
443,1AgZkoyGkdKPykL,Niall Horan: Dinner Party Live On Tour,2026-10-02,18:30:00,False,False,Music,Rock,Pop,False,KovZ9177PFf,The O2,Peninsula Square,SE10 0DX,London,0.00551900,51.50158100,All of United Kingdom,201,https://www.ticketmaster.co.uk/niall-horan-dinner-party-live-on-london-02-10-2026/event/35006479D397919F
444,1AgZkoyGkdVBGdi,Niall Horan: Dinner Party Live On Tour,2026-10-03,18:30:00,False,False,Music,Rock,Pop,False,KovZ9177PFf,The O2,Peninsula Square,SE10 0DX,London,0.00551900,51.50158100,All of United Kingdom,201,https://www.ticketmaster.co.uk/niall-horan-dinner-party-live-on-london-03-10-2026/event/35006479F4E8C0EC
445,1AdOZ_kGkUHawCY,Niall Horan: Dinner Party Live On Tour,2026-11-15,20:00:00,False,False,Music,Rock,Pop,False,KovZ917A7I0,The O2 Belfast,2 Queens Quay,BT39QQ,Belfast,-5.91356277,54.60391677,All of United Kingdom,201,https://www.ticketmaster.ie/niall-horan-dinner-party-live-on-belfast-15-11-2026/event/3800646DBC2723B0
446,1AzZkozGkds9edl,Share a Suite - Niall Horan,2026-11-15,18:30:00,False,False,Music,Rock,Pop,False,KovZ917A7I0,The O2 Belfast,2 Queens Quay,BT39QQ,Belfast,-5.91356277,54.60391677,All of United Kingdom,201,https://www.ticketmaster.ie/share-a-suite-niall-horan-belfast-15-11-2026/event/38006478F15C20EB
447,1AdOZ_6GkXTE3Qn,Share a Suite - Niall Horan,2026-11-16,18:30:00,False,False,Music,Rock,Pop,False,KovZ917A7I0,The O2 Belfast,2 Queens Quay,BT39QQ,Belfast,-5.91356277,54.60391677,All of United Kingdom,201,https://www.ticketmaster.ie/share-a-suite-niall-horan-belfast-16-11-2026/event/3800647FBF9D26AA
448,1AdOZ_6GkmWqvwH,Niall Horan: Dinner Party Live On Tour,2026-11-16,18:30:00,False,False,Music,Rock,Pop,False,KovZ917A7I0,The O2 Belfast,2 Queens Quay,BT39QQ,Belfast,-5.91356277,54.60391677,All of United Kingdom,201,https://www.ticketmaster.ie/niall-horan-dinner-party-live-on-belfast-16-11-2026/event/3800647BBD741CBC
449,1AdjZbwGkmJHZXP,American Express Presents BST Hyde Park - Lewis Capaldi,2026-07-11,14:00:00,False,False,Music,Undefined,Undefined,False,KovZ9177gxV,Hyde Park,Rangers Lodge,W2 2UH,London,-0.16570800,51.50743200,All of United Kingdom,201,https://www.ticketmaster.co.uk/american-express-presents-bst-hyde-park-london-11-07-2026/event/3700632BA6F00FA5
450,1AdjZbwGkwR6s6b,Amex Presents BST Hyde Park - Lewis Capaldi - Ultimate Bar Packages,2026-07-11,13:00:00,False,False,Music,Undefined,Undefined,False,KovZ9177gxV,Hyde Park,Rangers Lodge,W2 2UH,London,-0.16570800,51.50743200,All of United Kingdom,201,https://www.ticketmaster.co.uk/amex-presents-bst-hyde-park-lewis-london-11-07-2026/event/3700632CAF1F11D8
451,1AdjZbwGkR1YsQz,American Express Presents BST Hyde Park - Lewis Capaldi,2026-07-12,14:00:00,False,False,Music,Undefined,Undefined,False,KovZ9177gxV,Hyde Park,Rangers Lodge,W2 2UH,London,-0.16570800,51.50743200,All of United Kingdom,201,https://www.ticketmaster.co.uk/american-express-presents-bst-hyde-park-london-12-07-2026/event/3700632BCAC316B8
452,1AdjZbwGkwVEo8t,Amex Presents BST Hyde Park - Lewis Capaldi - Ultimate Bar Packages,2026-07-12,13:00:00,False,False,Music,Undefined,Undefined,False,KovZ9177gxV,Hyde Park,Rangers Lodge,W2 2UH,London,-0.16570800,51.50743200,All of United Kingdom,201,https://www.ticketmaster.co.uk/amex-presents-bst-hyde-park-lewis-london-12-07-2026/event/3700632CB49D1429
453,1AdbZ_FGkUPAKrE,Venue Premium - Noah Kahan: The Great Divide Tour,2026-11-05,18:30:00,False,False,Miscellaneous,Community/Civic,Community/Civic,False,KovZ9177Sq0,OVO Hydro,Exhibition Way,G3 8YW,Glasgow,-4.28815400,55.86087000,All of United Kingdom,201,https://www.ticketmaster.co.uk/venue-premium-noah-kahan-the-great-glasgow-05-11-2026/event/3600648DA51537A7
454,1AdbZ_FGkn7svza,Noah Kahan: the Great Divide Tour,2026-11-05,18:30:00,False,False,Music,Rock,Pop,False,KovZ9177Sq0,OVO Hydro,Exhibition Way,G3 8YW,Glasgow,-4.28815400,55.86087000,All of United Kingdom,201,https://www.ticketmaster.co.uk/noah-kahan-the-great-divide-tour-glasgow-05-11-2026/event/3600648A84C41E09
455,1AUZk3aGkdn-bUh,Noah Kahan: the Great Divide Tour,2026-11-06,18:30:00,False,False,Music,Rock,Pop,False,KovZ9177Sq0,OVO Hydro,Exhibition Way,G3 8YW,Glasgow,-4.28815400,55.86087000,All of United Kingdom,201,https://www.ticketmaster.co.uk/noah-kahan-the-great-divide-tour-glasgow-06-11-2026/event/36006489EA858D9B
456,1AdbZ_FGkUBR0DY,Venue Premium - Noah Kahan: The Great Divide Tour,2026-11-06,18:30:00,False,False,Miscellaneous,Community/Civic,Community/Civic,False,KovZ9177Sq0,OVO Hydro,Exhibition Way,G3 8YW,Glasgow,-4.28815400,55.86087000,All of United Kingdom,201,https://www.ticketmaster.co.uk/venue-premium-noah-kahan-the-great-glasgow-06-11-2026/event/3600648DBABE4EF0
457,G5vHZ_FU-KstJ,Noah Kahan - Venue Premium Packages,2026-11-09,18:00:00,False,False,Music,Rock,Pop,False,KovZ9177A4f,AO Arena,"Victoria Station, Hunts Bank",M3 1AR,Manchester,-2.24406600,53.48816400,All of United Kingdom,201,https://www.ticketmaster.co.uk/noah-kahan-venue-premium-packages-manchester-09-11-2026/event/1F00648DA14F1A66
458,G5vHZ_GxiLkd5,Noah Kahan - The Great Divide Tour,2026-11-09,18:00:00,False,False,Music,Rock,Pop,False,KovZ9177A4f,AO Arena,"Victoria Station, Hunts Bank",M3 1AR,Manchester,-2.24406600,53.48816400,All of United Kingdom,201,https://www.ticketmaster.co.uk/noah-kahan-the-great-divide-tour-manchester-09-11-2026/event/1F0064C8AC7C60CB
459,G5vHZ_FU-fotn,Noah Kahan - Venue Premium Packages,2026-11-10,18:00:00,False,False,Music,Rock,Pop,False,KovZ9177A4f,AO Arena,"Victoria Station, Hunts Bank",M3 1AR,Manchester,-2.24406600,53.48816400,All of United Kingdom,201,https://www.ticketmaster.co.uk/noah-kahan-venue-premium-packages-manchester-10-11-2026/event/1F00648DA1511A6A
460,G5vHZ_GxiLJdJ,Noah Kahan - The Great Divide Tour,2026-11-10,18:00:00,False,False,Music,Rock,Pop,False,KovZ9177A4f,AO Arena,"Victoria Station, Hunts Bank",M3 1AR,Manchester,-2.24406600,53.48816400,All of United Kingdom,201,https://www.ticketmaster.co.uk/noah-kahan-the-great-divide-tour-manchester-10-11-2026/event/1F0064C8AC7E60E6
461,1ku8v0x_GAG10Y_,Noah Kahan - The Great Divide Tour,2026-11-13,18:30:00,False,False,Music,Rock,Pop,False,KovZ9177PFf,The O2,Peninsula Square,SE10 0DX,London,0.00551900,51.50158100,All of United Kingdom,201,https://www.ticketmaster.co.uk/noah-kahan-the-great-divide-tour-london-13-11-2026/event/350064899C2A4C19
462,1ku8v0x_GAG57Yq,Noah Kahan - The Great Divide Tour,2026-11-14,18:30:00,False,False,Music,Rock,Pop,False,KovZ9177PFf,The O2,Peninsula Square,SE10 0DX,London,0.00551900,51.50158100,All of United Kingdom,201,https://www.ticketmaster.co.uk/noah-kahan-the-great-divide-tour-london-14-11-2026/event/350064899C2C4C1D
463,1ANZkGNGkdvusZc,The Weeknd: After Hours Til Dawn Tour,2026-08-14,17:00:00,False,False,Music,Hip-Hop/Rap,Trap,False,KovZ9177ML0,Wembley Stadium,Wembley,HA9 0WS,London,-0.27958100,51.55780700,All of United Kingdom,201,https://www.ticketmaster.co.uk/the-weeknd-after-hours-til-dawn-london-14-08-2026/event/23006323C137102D
464,1AeGZbsGkMvPOTk,The Weeknd: After Hours Til Dawn Tour,2026-08-15,17:00:00,False,False,Music,Hip-Hop/Rap,Trap,False,KovZ9177ML0,Wembley Stadium,Wembley,HA9 0WS,London,-0.27958100,51.55780700,All of United Kingdom,201,https://www.ticketmaster.co.uk/the-weeknd-after-hours-til-dawn-london-15-08-2026/event/2300631DC1960FC6
465,1ANZkGIGkdyJYWq,The Weeknd: After Hours Til Dawn Tour,2026-08-16,16:30:00,False,False,Music,Hip-Hop/Rap,Trap,False,KovZ9177ML0,Wembley Stadium,Wembley,HA9 0WS,London,-0.27958100,51.55780700,All of United Kingdom,201,https://www.ticketmaster.co.uk/the-weeknd-after-hours-til-dawn-london-16-08-2026/event/23006328F99B0F5D
466,16eGZbwJ8G7WYPA,The Weeknd: After Hours Til Dawn Tour,2026-08-18,17:00:00,False,False,Music,Hip-Hop/Rap,Trap,False,KovZ9177ML0,Wembley Stadium,Wembley,HA9 0WS,London,-0.27958100,51.55780700,All of United Kingdom,201,https://www.ticketmaster.co.uk/the-weeknd-after-hours-til-dawn-london-18-08-2026/event/2300632990F70945
467,1kFYvN1_GA5d8Jm,The Weeknd: After Hours Til Dawn Tour,2026-08-19,17:00:00,False,False,Music,Hip-Hop/Rap,Trap,False,KovZ9177ML0,Wembley Stadium,Wembley,HA9 0WS,London,-0.27958100,51.55780700,All of United Kingdom,201,https://www.ticketmaster.co.uk/the-weeknd-after-hours-til-dawn-london-19-08-2026/event/230063299B0D09AE
468,1AdbZbgGkBBbtIB,James Taylor,2026-07-14,18:45:00,False,False,Music,Rock,Pop,False,KovZ9177ntf,Edinburgh Castle Esplanade,Top of Royal Mile (Lawnmarket),EH1 2NG,Edinburgh,-3.20147900,55.94897000,All of United Kingdom,201,https://www.ticketmaster.co.uk/james-taylor-edinburgh-14-07-2026/event/3600635EBA629A3A
469,1AdfZbwGkwqDs2R,James Taylor & His All-Star Band,2026-07-16,18:00:00,False,False,Music,Rock,Pop,False,KovZ9177LTf,The Piece Hall,Blackledge,HX1 1RE,Halifax,-1.85657000,53.72143200,All of United Kingdom,201,https://www.ticketmaster.co.uk/james-taylor-his-allstar-band-halifax-16-07-2026/event/3500632C9DEF13EF
470,1AgZkuPGketUJO-,James Taylor - Official Ticket and Hotel Bundls,2026-07-16,18:01:00,False,False,Music,Rock,Pop,False,KovZ9177LTf,The Piece Hall,Blackledge,HX1 1RE,Halifax,-1.85657000,53.72143200,All of United Kingdom,201,https://app.bundl.travel/event/1762175536104x184108536977686530?utm_source=ticketmaster&utm_medium=affiliate&utm_campaign=jamestaylor&utm_content=piecehall
471,1ku8vN_6GAGHxJ9,James Taylor & His All-Star Band,2026-07-23,18:00:00,False,False,Music,Rock,Pop,False,KovZ9177PFf,The O2,Peninsula Square,SE10 0DX,London,0.00551900,51.50158100,All of United Kingdom,201,https://www.ticketmaster.co.uk/james-taylor-his-allstar-band-london-23-07-2026/event/350063647CF22997
472,1AdfZbgGkTf1lBZ,James Taylor & His All-Star Band,2026-07-25,18:00:00,False,False,Music,Rock,Pop,False,KovZ9177Ez0,Scarborough Open Air Theatre,Burniston Road,YO12 6PF,Scarborough,-0.41208600,54.29319500,All of United Kingdom,201,https://www.ticketmaster.co.uk/james-taylor-his-allstar-band-scarborough-25-07-2026/event/3500635FD42ABE80
473,1AgZkuPGkd81_51,James Taylor- Official Ticket and Hotel Bundls,2026-07-25,18:01:00,False,False,Music,Rock,Pop,False,KovZ9177Ez0,Scarborough Open Air Theatre,Burniston Road,YO12 6PF,Scarborough,-0.41208600,54.29319500,All of United Kingdom,201,https://app.bundl.travel/event/1762176022267x663512510720639000?utm_source=ticketmaster&utm_medium=affiliate&utm_campaign=jamestaylor&utm_content=scarborough
474,LvZ18QLeBfHsCpOZMXaJj,Kane Brown: Crowd Work King,2026-11-18,20:00:00,False,,Music,Country,Country,,KovZ91777y7,The Comedy Store,1a Oxendon Street,SW1Y4EE,London,-0.13233095,51.50998051,All of United Kingdom,201,https://www.universe.com/events/kane-brown-crowd-work-king-tickets-L4WZRQ?ref=ticketmaster
475,G5vHZbIDq8NB7,Avatar - The Last Airbender - Film With Live Orchestra,2026-10-05,19:30:00,False,False,Music,Other,Other,False,KovZ9177a_0,Bridgewater Hall,Lower Mosley Street,M2 3WS,Manchester,-2.24491300,53.47574100,All of United Kingdom,201,https://www.ticketmaster.co.uk/avatar-the-last-airbender-film-with-manchester-05-10-2026/event/1F00628EDD423E84
476,1AUZk18Gkd7c0E2,Avatar - The Last Airbender - Film With Live Orchestra,2026-10-06,19:30:00,False,False,Music,Other,Other,False,KovZ9177RS7,Usher Hall,Lothian RD,EH1 2EA,Edinburgh,-3.20506900,55.94745600,All of United Kingdom,201,https://www.ticketmaster.co.uk/avatar-the-last-airbender-film-with-edinburgh-06-10-2026/event/36006290C4B649CF
477,1AUZkGkGkdRuvgr,Avatar: The Last Airbender in Concert - The 20th Anniversary Tour,2026-10-08,19:30:00,False,False,Music,Other,Other,False,KovZ9177nnV,York Barbican,Paragon Street,YO10 4NT,York,-1.07362900,53.95386000,All of United Kingdom,201,https://www.ticketmaster.co.uk/avatar-the-last-airbender-in-concert-york-08-10-2026/event/36006306EF341D5E
478,1AdbZbIGkBQ03A-,Avatar's the Last Airbender - Film with Live Orchestra,2026-10-08,19:30:00,False,False,Music,Other,Other,False,KovZ9177nnV,York Barbican,Paragon Street,YO10 4NT,York,-1.07362900,53.95386000,All of United Kingdom,201,https://www.ticketmaster.co.uk/avatars-the-last-airbender-film-with-york-08-10-2026/event/3600628E9A912161
479,1AgZk1oGkdIdJXW,Avatar: The Last Airbender in Concert - The 20th Anniversary Tour,2026-10-09,19:30:00,False,False,Music,Other,Other,False,KovZ91770_V,Sheffield City Hall Oval Hall,Barkers Pool,S1 2JA,Sheffield,-1.47107900,53.38118000,All of United Kingdom,201,https://www.ticketmaster.co.uk/avatar-the-last-airbender-in-concert-sheffield-09-10-2026/event/35006291E80E6FBD
480,G5vHZbIDQfNgF,Avatar's the Last Airbender - Film with Live Orchestra,2026-10-10,19:30:00,False,False,Music,Other,Other,False,KovZ9177ad0,Symphony Hall,8 Centenary Square,B1 2EA,Birmingham,-1.91080300,52.47887700,All of United Kingdom,201,https://www.ticketmaster.co.uk/avatars-the-last-airbender-film-with-birmingham-10-10-2026/event/1F00628EDA523D48
481,G5vHZbIBqswrP,Avatar's the Last Airbender - Film with Live Orchestra,2026-10-11,19:30:00,False,False,Music,Other,Other,False,KovZ9177a-V,Liverpool Philharmonic Hall,Hope Street,L1 9BP,Liverpool,-2.96970500,53.40122300,All of United Kingdom,201,https://www.ticketmaster.co.uk/avatars-the-last-airbender-film-with-liverpool-11-10-2026/event/1F00628E9DC727A5
482,G5dzZbIBPJv-w,Avatar's the Last Airbender - Film with Live Orchestra,2026-10-13,19:30:00,False,False,Music,Other,Other,False,KovZ9177ABV,Swansea Building Society Arena,Oystermouth Road,SA13BX,Swansea,-0.29416000,51.40792000,All of United Kingdom,201,https://www.ticketmaster.co.uk/avatars-the-last-airbender-film-with-swansea-13-10-2026/event/3E00628EA5981872
483,1AdjZbIGkXydfVP,Avatar's the Last Airbender - Film with Live Orchestra,2026-10-14,19:30:00,False,False,Music,Other,Other,False,KovZ9177W9V,Bath Forum,1a Forum Buildings,BA1 1UG,Bath,-2.36050000,51.37864500,All of United Kingdom,201,https://www.ticketmaster.co.uk/avatars-the-last-airbender-film-with-bath-14-10-2026/event/3700628FB90D4D25
484,G5vHZbITfB06U,Avatar's the Last Airbender - Film with Live Orchestra,2026-10-15,19:30:00,False,False,Music,Other,Other,False,KovZ9177F4f,Portsmouth Guildhall,Guildhall Square,PO1 2AB,Portsmouth,-1.09287100,50.79752900,All of United Kingdom,201,https://www.ticketmaster.co.uk/avatars-the-last-airbender-film-with-portsmouth-15-10-2026/event/1F00628FD4EA41F6
485,G5vHZbITslf0G,Avatar's the Last Airbender - Film with Live Orchestra,2026-10-16,19:30:00,False,False,Music,Other,Other,False,KovZ9177kWf,Lighthouse,Poole's Centre for the Arts,BH15 1UG,Poole,-1.97709600,50.71846300,All of United Kingdom,201,https://www.ticketmaster.co.uk/avatars-the-last-airbender-film-with-poole-16-10-2026/event/1F00628FF1AD490C
486,1AdbZbIGkD0qApP,Avatar's the Last Airbender - Film with Live Orchestra,2026-10-17,19:30:00,False,False,Music,Other,Other,False,KovZpZAtadaA,Eventim Apollo,45 Queen Caroline Street,W6 9QH,London,-0.22442300,51.49069300,All of United Kingdom,201,https://www.ticketmaster.co.uk/avatars-the-last-airbender-film-with-london-17-10-2026/event/3600628EE47455A5
487,1AdjZbIGkXjg-FV,Avatar's the Last Airbender - Film with Live Orchestra,2026-10-18,19:30:00,False,False,Music,Other,Other,False,KovZ9177gef,Bristol Beacon,Trenchard Street,BS1 5AR,Bristol,-2.59827030,51.45454646,All of United Kingdom,201,https://www.ticketmaster.co.uk/avatars-the-last-airbender-film-with-bristol-18-10-2026/event/3700628F9CD61234
488,G5vHZ_GnH6Q4f,Five Finger Death Punch - 20th Anniversary World Tour,2027-01-16,18:00:00,False,False,Music,Metal,Nu-Metal,False,KovZ9177A4f,AO Arena,"Victoria Station, Hunts Bank",M3 1AR,Manchester,-2.24406600,53.48816400,All of United Kingdom,201,https://www.ticketmaster.co.uk/five-finger-death-punch-20th-anniversary-manchester-16-01-2027/event/1F0064CABC1DA554
489,G5vHZ_arBxAda,Five Finger Death Punch - Premium Packages,2027-01-16,18:00:00,False,False,Music,Metal,Nu-Metal,False,KovZ9177A4f,AO Arena,"Victoria Station, Hunts Bank",M3 1AR,Manchester,-2.24406600,53.48816400,All of United Kingdom,201,https://www.ticketmaster.co.uk/five-finger-death-punch-premium-packages-manchester-16-01-2027/event/1F006497BA8850C9
490,1AdbZ_aGkMMdg5n,Venue Premium - Five Finger Death Punch,2027-01-17,18:30:00,False,False,Miscellaneous,Community/Civic,Community/Civic,False,KovZ9177Sq0,OVO Hydro,Exhibition Way,G3 8YW,Glasgow,-4.28815400,55.86087000,All of United Kingdom,201,https://www.ticketmaster.co.uk/venue-premium-five-finger-death-punch-glasgow-17-01-2027/event/3600649DF70F52EA
491,1AdbZ_aGkUC9oEs,Five Finger Death Punch,2027-01-17,18:30:00,False,False,Music,Metal,Nu-Metal,False,KovZ9177Sq0,OVO Hydro,Exhibition Way,G3 8YW,Glasgow,-4.28815400,55.86087000,All of United Kingdom,201,https://www.ticketmaster.co.uk/five-finger-death-punch-glasgow-17-01-2027/event/3600649D8E5D19F1
492,1ANZk3bGkeV6s0S,Five Finger Death Punch,2027-01-22,18:00:00,False,False,Music,Metal,Nu-Metal,False,KovZ9177WP7,bp pulse LIVE,National Exhibition Centre,B401NT,Birmingham,-1.72007300,52.45305700,All of United Kingdom,201,https://www.ticketmaster.co.uk/five-finger-death-punch-birmingham-22-01-2027/event/23006498B41F1933
493,1AgZk3bGkdREU6-,Five Finger Death Punch,2027-01-23,18:30:00,False,False,Music,Metal,Nu-Metal,False,KovZ9177PFf,The O2,Peninsula Square,SE10 0DX,London,0.00551900,51.50158100,All of United Kingdom,201,https://www.ticketmaster.co.uk/five-finger-death-punch-london-23-01-2027/event/35006498EF9F61E1
494,G5vHZ_Gm82p9j,aespa LIVE TOUR - SYNK : COMPLæXITY - in MANCHESTER,2027-01-14,18:30:00,False,False,Music,Pop,K-Pop,False,KovZ9177A4f,AO Arena,"Victoria Station, Hunts Bank",M3 1AR,Manchester,-2.24406600,53.48816400,All of United Kingdom,201,https://www.ticketmaster.co.uk/aespa-live-tour-synk-complxity-in-manchester-14-01-2027/event/1F0064CB903D65DC
495,G5vHZ_axSbgv7,aespa LIVE TOUR - SYNK : COMPLæXITY - Venue Premium Tickets,2027-01-14,18:00:00,False,False,Music,Pop,K-Pop,False,KovZ9177A4f,AO Arena,"Victoria Station, Hunts Bank",M3 1AR,Manchester,-2.24406600,53.48816400,All of United Kingdom,201,https://www.ticketmaster.co.uk/aespa-live-tour-synk-complxity-venue-manchester-14-01-2027/event/1F006498B3635044
496,1AgZk3pGkeOK319,aespa LIVE TOUR - SYNK : COMPLæXITY - in LONDON,2027-01-16,18:30:00,False,False,Music,Pop,K-Pop,False,KovZ9177PFf,The O2,Peninsula Square,SE10 0DX,London,0.00551900,51.50158100,All of United Kingdom,201,https://www.ticketmaster.co.uk/aespa-live-tour-synk-complxity-in-london-16-01-2027/event/35006496A04D2297
497,17uOv0G61TDxjwE,Duran Duran,2026-10-15,18:30:00,False,False,Music,Rock,Alternative Rock,False,KovZ9177Sq0,OVO Hydro,Exhibition Way,G3 8YW,Glasgow,-4.28815400,55.86087000,All of United Kingdom,201,https://www.ticketmaster.co.uk/duran-duran-glasgow-15-10-2026/event/360064AFFB89CCA7
498,17uOv0G653q6VEF,Venue Premium - Duran Duran,2026-10-15,18:30:00,False,False,Miscellaneous,Community/Civic,Community/Civic,False,KovZ9177Sq0,OVO Hydro,Exhibition Way,G3 8YW,Glasgow,-4.28815400,55.86087000,All of United Kingdom,201,https://www.ticketmaster.co.uk/venue-premium-duran-duran-glasgow-15-10-2026/event/360064B49D1F49C8
499,17CZv0G61B_NYWi,Duran Duran,2026-10-18,19:30:00,False,False,Music,Rock,Alternative Rock,False,KovZ917A7I0,The O2 Belfast,2 Queens Quay,BT39QQ,Belfast,-5.91356277,54.60391677,All of United Kingdom,201,https://www.ticketmaster.ie/duran-duran-belfast-18-10-2026/event/380064AE998F0F6C
500,17CZv0G65Jxzs11,Share a Suite - Duran Duran,2026-10-18,18:30:00,False,False,Music,Rock,Pop,False,KovZ917A7I0,The O2 Belfast,2 Queens Quay,BT39QQ,Belfast,-5.91356277,54.60391677,All of United Kingdom,201,https://www.ticketmaster.ie/share-a-suite-duran-duran-belfast-18-10-2026/event/380064B9A2E3128A
501,17FYv0G65SZpwPA,Duran Duran,2026-10-20,18:30:00,False,False,Music,Rock,Alternative Rock,False,KovZ9177W00,Utilita Arena Birmingham,King Edwards Road,B1 2AA,Birmingham,-1.91492400,52.47993200,All of United Kingdom,201,https://www.ticketmaster.co.uk/duran-duran-birmingham-20-10-2026/event/230064BCC05B2945
502,17uYv0G65SvaAxB,Duran Duran,2026-10-23,18:00:00,False,False,Music,Rock,Alternative Rock,False,KovZ9177Bpf,M&S Bank Arena Liverpool,Arena and Convention Centre Liverpool,L3 4FP,Liverpool,-2.99006300,53.39702000,All of United Kingdom,201,https://www.ticketmaster.co.uk/duran-duran-liverpool-23-10-2026/event/370064BCC12458BA
503,G5vHZ_5SvwFH8,Duran Duran,2026-10-24,18:00:00,False,False,Music,Rock,Alternative Rock,False,KovZ9177Gd7,Leeds First Direct Bank Arena,Clay Pit Lane,LS28AR,Leeds,-1.54407300,53.80461600,All of United Kingdom,201,https://www.ticketmaster.co.uk/duran-duran-leeds-24-10-2026/event/1F0064BCC1C88F10
504,G5vHZ_5w3P7tv,Duran Duran -  Venue Premium Tickets,2026-10-24,18:00:00,False,False,Music,Rock,Alternative Rock,False,KovZ9177Gd7,Leeds First Direct Bank Arena,Clay Pit Lane,LS28AR,Leeds,-1.54407300,53.80461600,All of United Kingdom,201,https://www.ticketmaster.co.uk/duran-duran-venue-premium-tickets-leeds-24-10-2026/event/1F0064BC92944A41
505,17u8v0G65UauVbE,Duran Duran,2026-10-31,18:30:00,False,False,Music,Rock,Alternative Rock,False,KovZ9177PFf,The O2,Peninsula Square,SE10 0DX,London,0.00551900,51.50158100,All of United Kingdom,201,https://www.ticketmaster.co.uk/duran-duran-london-31-10-2026/event/350064BD89374627
506,1AMZkGKGke0BvAa,Creamfields 2026 - Friday - Gold Payment Plan,2026-08-28,15:00:00,False,False,Music,Undefined,Undefined,False,KovZ9177gjf,Daresbury,Halton,WA4 5LP,Cheshire,-2.62464200,53.34052500,All of United Kingdom,201,https://www.ticketmaster.co.uk/creamfields-2026-friday-gold-payment-plan-cheshire-28-08-2026/event/37006313A4E81149
507,1AMZkGKGke0go7f,Creamfields 2026 - Friday - Standard Payment Plan,2026-08-28,15:00:00,False,False,Music,Undefined,Undefined,False,KovZ9177gjf,Daresbury,Halton,WA4 5LP,Cheshire,-2.62464200,53.34052500,All of United Kingdom,201,https://www.ticketmaster.co.uk/creamfields-2026-friday-standard-payment-plan-cheshire-28-08-2026/event/37006313A4D51114
508,1AdjZbYGkD2bJJB,Creamfields 2026 - Friday - Standard,2026-08-28,15:00:00,False,False,Music,Undefined,Undefined,False,KovZ9177gjf,Daresbury,Halton,WA4 5LP,Cheshire,-2.62464200,53.34052500,All of United Kingdom,201,https://www.ticketmaster.co.uk/creamfields-2026-friday-standard-cheshire-28-08-2026/event/3700630ECF6269BA
509,1AdjZbYGkDszJzn,Creamfields 2026 - Friday - Gold,2026-08-28,15:00:00,False,False,Music,Undefined,Undefined,False,KovZ9177gjf,Daresbury,Halton,WA4 5LP,Cheshire,-2.62464200,53.34052500,All of United Kingdom,201,https://www.ticketmaster.co.uk/creamfields-2026-friday-gold-cheshire-28-08-2026/event/3700630EF1E26E2A
510,1AMZk38GkdrVa3A,THE BEST OF ALL WORLDS - UK TOUR 2026 - SAMMY HAGAR,2026-07-09,18:30:00,False,False,Music,Rock,Pop,False,KovZ9177HFf,British Airways ARC,British Airways ARC,W148FJ,London,-0.21060857,51.49641301,All of United Kingdom,201,https://www.ticketmaster.co.uk/the-best-of-all-worlds-uk-london-09-07-2026/event/37006490DED09485
511,1AdfZbgGkwHBIZn,THE BEST OF ALL WORLDS - UK TOUR 2026 - SAMMY HAGAR,2026-07-09,18:00:00,False,False,Music,Rock,Pop,False,KovZ9177PFf,The O2,Peninsula Square,SE10 0DX,London,0.00551900,51.50158100,All of United Kingdom,201,https://www.ticketmaster.co.uk/the-best-of-all-worlds-uk-london-09-07-2026/event/3500635CBCEA802A
512,1AMZk38GkdSXhQY,THE BEST OF ALL WORLDS - UK TOUR 2026 - SAMMY HAGAR,2026-07-11,17:30:00,False,False,Music,Rock,Pop,False,KovZ9177HFf,British Airways ARC,British Airways ARC,W148FJ,London,-0.21060857,51.49641301,All of United Kingdom,201,https://www.ticketmaster.co.uk/the-best-of-all-worlds-uk-london-11-07-2026/event/37006490F3F9B6B0
513,1AMZk38GkdD9jAp,THE BEST OF ALL WORLDS - UK TOUR 2026 - SAMMY HAGAR,2026-07-12,18:30:00,False,False,Music,Rock,Pop,False,KovZ9177HFf,British Airways ARC,British Airways ARC,W148FJ,London,-0.21060857,51.49641301,All of United Kingdom,201,https://www.ticketmaster.co.uk/the-best-of-all-worlds-uk-london-12-07-2026/event/37006490FB5DC156
514,1AgZkoYGkeUyfF6,HERITAGE LIVE - Lionel Richie Plus Special Guests,2026-08-20,14:00:00,False,False,Music,Pop,Pop,False,KovZ9177NaV,Sandringham Estate,SANDRINGHAM,PE35 6EN,Norfolk,0.49909000,52.82342000,All of United Kingdom,201,https://www.ticketmaster.co.uk/heritage-live-lionel-richie-plus-special-norfolk-20-08-2026/event/35006470B6E54207
515,1AdbZ_6GknGx3Ls,Judas Priest,2026-09-21,19:00:00,False,False,Music,Metal,Nu-Metal,False,KovZpZAtadaA,Eventim Apollo,45 Queen Caroline Street,W6 9QH,London,-0.22442300,51.49069300,All of United Kingdom,201,https://www.ticketmaster.co.uk/judas-priest-london-21-09-2026/event/3600647A8C8927F1
516,1AdfZbsGkwCIKv4,Ariana Grande - The Eternal Sunshine Tour,2026-08-15,18:30:00,False,False,Music,Pop,Pop,False,KovZ9177PFf,The O2,Peninsula Square,SE10 0DX,London,0.00551900,51.50158100,All of United Kingdom,201,https://www.ticketmaster.co.uk/ariana-grande-the-eternal-sunshine-tour-london-15-08-2026/event/3500631C8EA13055
517,1AdfZbsGkwKqNdB,Ariana Grande - The Eternal Sunshine Tour,2026-08-16,18:00:00,False,False,Music,Pop,Pop,False,KovZ9177PFf,The O2,Peninsula Square,SE10 0DX,London,0.00551900,51.50158100,All of United Kingdom,201,https://www.ticketmaster.co.uk/ariana-grande-the-eternal-sunshine-tour-london-16-08-2026/event/3500631C937630FA
518,1AdfZbsGkw4dK75,Ariana Grande - The Eternal Sunshine Tour,2026-08-19,18:30:00,False,False,Music,Pop,Pop,False,KovZ9177PFf,The O2,Peninsula Square,SE10 0DX,London,0.00551900,51.50158100,All of United Kingdom,201,https://www.ticketmaster.co.uk/ariana-grande-the-eternal-sunshine-tour-london-19-08-2026/event/3500631C950D310B
519,1AdfZbsGkw9kKA7,Ariana Grande - The Eternal Sunshine Tour,2026-08-20,18:30:00,False,False,Music,Pop,Pop,False,KovZ9177PFf,The O2,Peninsula Square,SE10 0DX,London,0.00551900,51.50158100,All of United Kingdom,201,https://www.ticketmaster.co.uk/ariana-grande-the-eternal-sunshine-tour-london-20-08-2026/event/3500631C97193144
520,1AdfZbsGkwbIdkS,Ariana Grande - The Eternal Sunshine Tour,2026-08-23,18:00:00,False,False,Music,Pop,Pop,False,KovZ9177PFf,The O2,Peninsula Square,SE10 0DX,London,0.00551900,51.50158100,All of United Kingdom,201,https://www.ticketmaster.co.uk/ariana-grande-the-eternal-sunshine-tour-london-23-08-2026/event/3500631C98A031B3
521,1AgZkG0GkdVBfBD,Ariana Grande - The Eternal Sunshine Tour,2026-08-24,18:30:00,False,False,Music,Rock,Pop,False,KovZ9177PFf,The O2,Peninsula Square,SE10 0DX,London,0.00551900,51.50158100,All of United Kingdom,201,https://www.ticketmaster.co.uk/ariana-grande-the-eternal-sunshine-tour-london-24-08-2026/event/35006324F4E94EBB
522,1AgZkG0GkdVT0Hn,Ariana Grande - The Eternal Sunshine Tour,2026-08-27,18:30:00,False,False,Music,Rock,Pop,False,KovZ9177PFf,The O2,Peninsula Square,SE10 0DX,London,0.00551900,51.50158100,All of United Kingdom,201,https://www.ticketmaster.co.uk/ariana-grande-the-eternal-sunshine-tour-london-27-08-2026/event/35006324F4FE4F2A
523,1AgZkG0GkdgvgZ0,Ariana Grande - The Eternal Sunshine Tour,2026-08-28,18:30:00,False,False,Music,Rock,Pop,False,KovZ9177PFf,The O2,Peninsula Square,SE10 0DX,London,0.00551900,51.50158100,All of United Kingdom,201,https://www.ticketmaster.co.uk/ariana-grande-the-eternal-sunshine-tour-london-28-08-2026/event/35006324F5075024
524,1AgZkG0GkdVWfDM,Ariana Grande - The Eternal Sunshine Tour,2026-08-31,18:00:00,False,False,Music,Rock,Pop,False,KovZ9177PFf,The O2,Peninsula Square,SE10 0DX,London,0.00551900,51.50158100,All of United Kingdom,201,https://www.ticketmaster.co.uk/ariana-grande-the-eternal-sunshine-tour-london-31-08-2026/event/35006324F4F54EF7
525,1AgZkG0Gkdgdgdb,Ariana Grande - The Eternal Sunshine Tour,2026-09-01,18:30:00,False,False,Music,Rock,Pop,False,KovZ9177PFf,The O2,Peninsula Square,SE10 0DX,London,0.00551900,51.50158100,All of United Kingdom,201,https://www.ticketmaster.co.uk/ariana-grande-the-eternal-sunshine-tour-london-01-09-2026/event/35006324F50F50D8
526,1agZk3F0kPvZeC2,Melanie Martinez - HADES: THE SACRIFICE,2026-09-11,18:30:00,False,False,Music,Rock,Pop,False,KovZ9177PFf,The O2,Peninsula Square,SE10 0DX,London,0.00551900,51.50158100,All of United Kingdom,201,https://www.ticketmaster.co.uk/melanie-martinez-hades-the-sacrifice-london-11-09-2026/event/35006488906941DE
527,1AdjZ_FGkBbcogL,Melanie Martinez - HADES: THE SACRIFICE,2026-09-12,19:30:00,False,False,Music,Rock,Pop,False,KovZ9177z1f,Co-op Live,1 Sports City Way,M11 3DU,Manchester,-2.19957970,53.48661136,All of United Kingdom,201,https://www.ticketmaster.co.uk/melanie-martinez-hades-the-sacrifice-manchester-12-09-2026/event/3700648E98B51D5F
528,1ANZkGkGkd1nYEZ,My Chemical Romance - Long Live The Black Parade Tour,2026-07-10,17:00:00,False,False,Music,Rock,Alternative Rock,False,KovZ9177ML0,Wembley Stadium,Wembley,HA9 0WS,London,-0.27958100,51.55780700,All of United Kingdom,201,https://www.ticketmaster.co.uk/my-chemical-romance-long-live-the-london-10-07-2026/event/23006306CAAB09C0
529,1ANZkGkGkd5MZEy,My Chemical Romance - Long Live The Black Parade Tour,2026-07-11,17:00:00,False,False,Music,Rock,Alternative Rock,False,KovZ9177ML0,Wembley Stadium,Wembley,HA9 0WS,London,-0.27958100,51.55780700,All of United Kingdom,201,https://www.ticketmaster.co.uk/my-chemical-romance-long-live-the-london-11-07-2026/event/23006306CBDC09F9
530,G5dzZ_FTfiVtV,Thee Sacred Souls,2026-07-15,19:00:00,False,False,Music,R&B,Soul,False,KovZ91777a7,The Brighton Centre,Kings Road,BN1 2GR,Brighton,-0.14633100,50.82153000,All of United Kingdom,201,https://www.ticketmaster.co.uk/thee-sacred-souls-brighton-15-07-2026/event/3E00648FD4B34A74
531,1AdfZ_FGkTsIgdA,Thee Sacred Souls,2026-07-16,19:00:00,False,False,Music,R&B,Soul,False,KovZ9177J5V,Bristol The Prospect Building,45 Feeder Road,BS20SE,Bristol,-2.57363452,51.44896002,All of United Kingdom,201,https://www.ticketmaster.co.uk/thee-sacred-souls-bristol-16-07-2026/event/3500648FF1A350C5
532,G5vHZ_AkpVwes,Somerset House Summer Series: Thee Sacred Souls,2026-07-18,19:30:00,False,False,Music,R&B,Soul,False,KovZ91776gV,Somerset House,Somerset House,WC2R 1LA,London,-0.11693770,51.51073240,All of United Kingdom,201,https://www.ticketmaster.co.uk/somerset-house-summer-series-thee-sacred-london-18-07-2026/event/1F00645196D320B1
533,17uYv0G65whosMD,Bryson Tiller Presents: The Neo Trapsoul Tour,2026-12-03,18:30:00,False,False,Music,Hip-Hop/Rap,Trap,False,KovZ9177z1f,Co-op Live,1 Sports City Way,M11 3DU,Manchester,-2.19957970,53.48661136,All of United Kingdom,201,https://www.ticketmaster.co.uk/bryson-tiller-presents-the-neo-trapsoul-manchester-03-12-2026/event/370064BC9B471DFB
534,G5vHZ_5SIv57-,Bryson Tiller Presents: The Neo Trapsoul Tour,2026-12-04,18:30:00,False,False,Music,Hip-Hop/Rap,Trap,False,KovZ9177Gd7,Leeds First Direct Bank Arena,Clay Pit Lane,LS28AR,Leeds,-1.54407300,53.80461600,All of United Kingdom,201,https://www.ticketmaster.co.uk/bryson-tiller-presents-the-neo-trapsoul-leeds-04-12-2026/event/1F0064BCE804B121
535,G5vHZ_5Utb94J,Bryson Tiller Venue Premium Tickets,2026-12-04,18:00:00,False,False,Music,Hip-Hop/Rap,Trap,False,KovZ9177Gd7,Leeds First Direct Bank Arena,Clay Pit Lane,LS28AR,Leeds,-1.54407300,53.80461600,All of United Kingdom,201,https://www.ticketmaster.co.uk/bryson-tiller-venue-premium-tickets-leeds-04-12-2026/event/1F0064BDA9617566
536,17uOv0G65m7uPZx,Bryson Tiller Presents: The Neo Trapsoul Tour,2026-12-05,18:30:00,False,False,Music,Hip-Hop/Rap,Trap,False,KovZ9177nf7,Utilita Arena Cardiff,Mary Ann Street,CF10 2EQ,Cardiff,-3.17177100,51.47893100,All of United Kingdom,201,https://www.ticketmaster.co.uk/bryson-tiller-presents-the-neo-trapsoul-cardiff-05-12-2026/event/360064BB84365022
537,17u8v0G6GkCB7Og,Bryson Tiller Presents: The Neo Trapsoul Tour,2026-12-07,18:30:00,False,False,Music,Hip-Hop/Rap,Trap,False,KovZ9177PFf,The O2,Peninsula Square,SE10 0DX,London,0.00551900,51.50158100,All of United Kingdom,201,https://www.ticketmaster.co.uk/bryson-tiller-presents-the-neo-trapsoul-london-07-12-2026/event/350064C18EE84835
538,17FYv0G65U9_ewp,Bryson Tiller Presents: The Neo Trapsoul Tour,2026-12-09,18:30:00,False,False,Music,Hip-Hop/Rap,Trap,False,KovZ9177WP7,bp pulse LIVE,National Exhibition Centre,B401NT,Birmingham,-1.72007300,52.45305700,All of United Kingdom,201,https://www.ticketmaster.co.uk/bryson-tiller-presents-the-neo-trapsoul-birmingham-09-12-2026/event/230064BD97642C96
539,G5dzZ_1Tk6fx6,Morrissey,2026-12-06,18:30:00,False,False,Music,Pop,Pop,False,KovZ91777a7,The Brighton Centre,Kings Road,BN1 2GR,Brighton,-0.14633100,50.82153000,All of United Kingdom,201,https://www.ticketmaster.co.uk/morrissey-brighton-06-12-2026/event/3E0064AFC61D4887
540,17uOv0G61XrfNwt,Morrissey,2026-12-10,18:30:00,False,False,Music,Pop,Pop,False,KovZ9177nf7,Utilita Arena Cardiff,Mary Ann Street,CF10 2EQ,Cardiff,-3.17177100,51.47893100,All of United Kingdom,201,https://www.ticketmaster.co.uk/morrissey-cardiff-10-12-2026/event/360064AF9E523CA9
541,17uYv0G61DzZeSt,Morrissey,2026-12-12,18:30:00,False,False,Music,Pop,Pop,False,KovZ9177Bpf,M&S Bank Arena Liverpool,Arena and Convention Centre Liverpool,L3 4FP,Liverpool,-2.99006300,53.39702000,All of United Kingdom,201,https://www.ticketmaster.co.uk/morrissey-liverpool-12-12-2026/event/370064AEF8002CE9
542,17uOv0G61DxNJKY,Morrissey,2026-12-16,18:30:00,False,False,Music,Pop,Pop,False,KovZ9177Sq0,OVO Hydro,Exhibition Way,G3 8YW,Glasgow,-4.28815400,55.86087000,All of United Kingdom,201,https://www.ticketmaster.co.uk/morrissey-glasgow-16-12-2026/event/360064AEE28E64F0
543,17uOv0G655PotUj,Venue Premium - Morrissey,2026-12-16,18:30:00,False,False,Miscellaneous,Community/Civic,Community/Civic,False,KovZ9177Sq0,OVO Hydro,Exhibition Way,G3 8YW,Glasgow,-4.28815400,55.86087000,All of United Kingdom,201,https://www.ticketmaster.co.uk/venue-premium-morrissey-glasgow-16-12-2026/event/360064B2E5469D9C
544,G5vHZ_1B9hKwj,Morrissey,2026-12-19,18:00:00,False,False,Music,Pop,Electro Pop,False,KovZ9177Gd7,Leeds First Direct Bank Arena,Clay Pit Lane,LS28AR,Leeds,-1.54407300,53.80461600,All of United Kingdom,201,https://www.ticketmaster.co.uk/morrissey-leeds-19-12-2026/event/1F0064AE976D3C9C
545,G5vHZ_1DBJn8S,Morrissey - Venue Premium Tickets,2026-12-19,18:00:00,False,False,Music,Pop,Pop,False,KovZ9177Gd7,Leeds First Direct Bank Arena,Clay Pit Lane,LS28AR,Leeds,-1.54407300,53.80461600,All of United Kingdom,201,https://www.ticketmaster.co.uk/morrissey-venue-premium-tickets-leeds-19-12-2026/event/1F0064AEFA9AA433
546,G5vHZ_1x0GxTa,Barenaked Ladies,2026-12-02,19:00:00,False,False,Music,Rock,Pop,False,KovZ9177kRV,Cambridge Corn Exchange,Wheeler Street,CB2 3QB,Cambridge,0.11936200,52.20430200,All of United Kingdom,201,https://www.ticketmaster.co.uk/barenaked-ladies-cambridge-02-12-2026/event/1F0064A8A4322FC9
547,G5dzZ_1x-vS87,Barenaked Ladies,2026-12-03,19:00:00,False,False,Music,Rock,Pop,False,KovZpZAnalJA,O2 Academy Bristol,Frogmore Street,BS1 5NA,Bristol,-2.60084900,51.45414200,All of United Kingdom,201,https://www.ticketmaster.co.uk/barenaked-ladies-bristol-03-12-2026/event/3E0064A8A1073404
548,G5dzZ_1qBUoGp,Barenaked Ladies,2026-12-06,19:00:00,False,False,Music,Rock,Pop,False,KovZ9177aJf,O2 Academy Glasgow,121 Eglington Street,G5 9NT,Glasgow,-4.25878090,55.85044960,All of United Kingdom,201,https://www.ticketmaster.co.uk/barenaked-ladies-glasgow-06-12-2026/event/3E0064A77AD91316
549,17uOv0G61bkGzcJ,Barenaked Ladies,2026-12-07,19:00:00,False,False,Music,Rock,Pop,False,KovZ9177Yg0,The Queen's Hall,Clark Street,EH89JG,Edinburgh,-3.18174700,55.94143700,All of United Kingdom,201,https://www.ticketmaster.co.uk/barenaked-ladies-edinburgh-07-12-2026/event/360064A606338B66
550,G5vHZ_1xEgKki,Barenaked Ladies,2026-12-09,19:00:00,False,False,Music,Rock,Pop,False,KovZ91775qf,Albert Hall,Peter Street,M2 5QR,Manchester,-2.24889100,53.47840200,All of United Kingdom,201,https://www.ticketmaster.co.uk/barenaked-ladies-manchester-09-12-2026/event/1F0064A8A7D531AC
551,G5dzZ_1xyG7Q3,Barenaked Ladies,2026-12-10,19:00:00,False,False,Music,Rock,Pop,False,KovZ91771HV,O2 Institute Birmingham,78 Digbeth High Street,B5 6DY,Birmingham,-1.88756200,52.47575600,All of United Kingdom,201,https://www.ticketmaster.co.uk/barenaked-ladies-birmingham-10-12-2026/event/3E0064A8B9304692
552,LvZ18QLM7yOMt_Zv1xRh_,Barenaked Ladies,2026-12-11,19:00:00,False,,Music,Rock,Pop,,KovZ9177AT0,Electric Studios,6 Leadmill Rd,S14SE,Sheffield,-1.46485600,53.37626600,All of United Kingdom,201,https://www.universe.com/events/barenaked-ladies-tickets-GK6X1Z?ref=ticketmaster
553,G5vHZ_1N064zx,Matt Mathews - Not What I Ordered World Tour,2027-03-16,19:00:00,False,False,Arts & Theatre,Comedy,Comedy,False,KovZpZAnFFAA,Town Hall Birmingham,Victoria Square,B3 3DQ,Birmingham,-1.90358700,52.47944700,All of United Kingdom,201,https://www.ticketmaster.co.uk/matt-mathews-not-what-i-ordered-birmingham-16-03-2027/event/1F0064A8E41D5E22
554,G5vHZ_1NIcU5H,Matt Mathews - Not What I Ordered World Tour,2027-03-17,19:00:00,False,False,Arts & Theatre,Comedy,Comedy,False,KovZ91775qf,Albert Hall,Peter Street,M2 5QR,Manchester,-2.24889100,53.47840200,All of United Kingdom,201,https://www.ticketmaster.co.uk/matt-mathews-not-what-i-ordered-manchester-17-03-2027/event/1F0064A8E8B762FC
555,G5vHZ_1xSfKt7,Matt Mathews - Not What I Ordered World Tour,2027-03-19,19:00:00,False,False,Arts & Theatre,Comedy,Comedy,False,KovZ9177ko0,Union Chapel,"Compton Terrace, Off Upper ST",N1 2XD,London,-0.10236200,51.54378000,All of United Kingdom,201,https://www.ticketmaster.co.uk/matt-mathews-not-what-i-ordered-london-19-03-2027/event/1F0064A8B3513A44
556,17uOv0G61N_S64r,Matt Mathews - Not What I Ordered World Tour,2027-03-23,19:00:00,False,False,Arts & Theatre,Comedy,Comedy,False,KovZ9177na7,Pavilion Theatre Glasgow,121 Renfield Street,G2 3AX,Glasgow,-4.25576000,55.86501700,All of United Kingdom,201,https://www.ticketmaster.co.uk/matt-mathews-not-what-i-ordered-glasgow-23-03-2027/event/360064A8D9CC755E
557,1adfZbMJb70Zd8C2,HERITAGE LIVE: Eric Clapton,2026-08-23,14:00:00,False,False,Music,Rock,Pop,False,KovZ9177NaV,Sandringham Estate,SANDRINGHAM,PE35 6EN,Norfolk,0.49909000,52.82342000,All of United Kingdom,201,https://www.ticketmaster.co.uk/heritage-live-eric-clapton-norfolk-23-08-2026/event/3500637998124FDE
558,1AdfZbVGknSbIFR,Leeds Festival 2026 - Friday,2026-08-28,11:00:00,False,False,Music,Undefined,Undefined,False,KovZ9177JYV,Bramham Park,Wetherby,LS23 6ND,Leeds,-1.38034500,53.87016000,All of United Kingdom,201,https://www.ticketmaster.co.uk/leeds-festival-2026-friday-leeds-28-08-2026/event/3500634AB362822F
559,16djZbV0SG7Tjfq,Reading Festival 2026 - Sunday,2026-08-30,09:30:00,False,False,Music,Undefined,Undefined,False,KovZ9177Bn7,Richfield Avenue,Richfield Avenue,RG1 8EQ,Reading,-0.98493700,51.46368200,All of United Kingdom,201,https://www.ticketmaster.co.uk/reading-festival-2026-sunday-reading-30-08-2026/event/3700634933FDC51D
560,1AUZku4Gkes1bPx,Bon Jovi: FOREVER TOUR,2026-08-28,,False,True,Music,Rock,Pop,False,KovZ9177mh7,Scottish Gas Murrayfield,Murrayfield,EH12 5PJ,Edinburgh,-3.24194169,55.94078064,All of United Kingdom,201,https://www.ticketmaster.co.uk/bon-jovi-forever-tour-edinburgh-28-08-2026/event/36006355B1298962
561,1ANZku8Gkdvmv5W,Bon Jovi: FOREVER TOUR,2026-09-04,,False,False,Music,Rock,Pop,False,KovZ9177ML0,Wembley Stadium,Wembley,HA9 0WS,London,-0.27958100,51.55780700,All of United Kingdom,201,https://www.ticketmaster.co.uk/bon-jovi-forever-tour-london-04-09-2026/event/23006350C1B812FD
562,1AeGZbgGkUOpsLu,Bon Jovi: FOREVER TOUR,2026-09-06,,False,False,Music,Rock,Pop,False,KovZ9177ML0,Wembley Stadium,Wembley,HA9 0WS,London,-0.27958100,51.55780700,All of United Kingdom,201,https://www.ticketmaster.co.uk/bon-jovi-forever-tour-london-06-09-2026/event/2300635DA05B17CD
563,1AeGZbgGkXCy-LQ,Bon Jovi: FOREVER TOUR,2026-09-09,,False,False,Music,Rock,Pop,False,KovZ9177ML0,Wembley Stadium,Wembley,HA9 0WS,London,-0.27958100,51.55780700,All of United Kingdom,201,https://www.ticketmaster.co.uk/bon-jovi-forever-tour-london-09-09-2026/event/2300635F8EE617DA
564,1kuYvN3KGAu8ixk,Reading Festival 2026 - Saturday,2026-08-29,09:30:00,False,False,Music,Undefined,Undefined,False,KovZ9177Bn7,Richfield Avenue,Richfield Avenue,RG1 8EQ,Reading,-0.98493700,51.46368200,All of United Kingdom,201,https://www.ticketmaster.co.uk/reading-festival-2026-saturday-reading-29-08-2026/event/370063493D42C886
565,17uYv0G6uQ4eV85,ROLE MODEL - Venue Premium Tickets,2027-02-24,18:00:00,False,False,Music,Pop,Pop,False,KovZ9177yOV,OVO Arena Wembley,Arena Square,HA90AA,London,-0.28352700,51.55791800,All of United Kingdom,201,https://www.ticketmaster.co.uk/role-model-venue-premium-tickets-london-24-02-2027/event/370064D6950B440B
566,17uYv0G6ueiC0m_,Role Model Presents: Chuck On Tour,2027-02-24,18:00:00,False,False,Music,Pop,Pop,False,KovZ9177yOV,OVO Arena Wembley,Arena Square,HA90AA,London,-0.28352700,51.55791800,All of United Kingdom,201,https://www.ticketmaster.co.uk/role-model-presents-chuck-on-tour-london-24-02-2027/event/370064D0AC3A4B99
567,17uOv0G6C5n4FG7,Dave Chappelle - Pulling Up,2026-08-05,19:30:00,False,False,Arts & Theatre,Comedy,Comedy,False,KovZpZAtadaA,Eventim Apollo,45 Queen Caroline Street,W6 9QH,London,-0.22442300,51.49069300,All of United Kingdom,201,https://www.ticketmaster.co.uk/dave-chappelle-pulling-up-london-05-08-2026/event/360064E2EA548304
568,LvZ18QjtB2qTTtYZ0bFnY,Diaspora Calling!,2026-08-07,16:00:00,False,,Music,R&B,R&B,,KovZ9177BnV,The National Bowl,Watling Street,MK5 8AA,Milton Keynes,-0.75617400,52.01476800,All of United Kingdom,201,https://www.universe.com/events/diaspora-calling-tickets-J5RSWK?ref=ticketmaster
569,17CZv0G6uhnL12s,Dan & Phil - Hard Launch World Tour,2027-02-03,18:30:00,False,False,Arts & Theatre,Comedy,Comedy,False,KovZ917AdH0,Waterfront Hall Auditorium,2 Lanyon Place,BT1 3LP,Belfast,-5.92035413,54.59779511,All of United Kingdom,201,https://www.ticketmaster.ie/dan-phil-hard-launch-world-tour-belfast-03-02-2027/event/380064D6EA7CA3F1
570,G5dzZ_u1TxMc5,Dan and Phil: Hard Launch World Tour,2027-02-07,18:30:00,False,False,Arts & Theatre,Comedy,Comedy,False,KovZ9177FHV,O2 City Hall Newcastle,Northumberland Road,NE1 8SF,Newcastle Upon Tyne,-1.61021300,54.97734600,All of United Kingdom,201,https://www.ticketmaster.co.uk/dan-and-phil-hard-launch-world-newcastle-upon-tyne-07-02-2027/event/3E0064D2BF8B7B4B
571,17uOv0G6u25TDuX,Dan and Phil: Hard Launch World Tour,2027-02-13,19:00:00,False,False,Arts & Theatre,Comedy,Comedy,False,KovZ9177YPV,O2 Apollo Manchester,Stockport Road,M12 6AP,Manchester,-2.22196400,53.46942200,All of United Kingdom,201,https://www.ticketmaster.co.uk/dan-and-phil-hard-launch-world-manchester-13-02-2027/event/360064D3CBFFB37E
572,17uOv0G6uQJB7oS,Dan and Phil - Hard Launch World Tour,2027-02-17,18:30:00,False,False,Arts & Theatre,Comedy,Comedy,False,KovZ9177sSV,SEC Armadillo,Finnieston Street,G3 8YW,Glasgow,-4.28815400,55.86087000,All of United Kingdom,201,https://www.ticketmaster.co.uk/dan-and-phil-hard-launch-world-glasgow-17-02-2027/event/360064D6A6E84473
573,17uOv0G6uh0DlF0,Dan and Phil: Hard Launch World Tour,2027-02-18,19:00:00,False,False,Arts & Theatre,Comedy,Comedy,False,KovZ9177YPV,O2 Apollo Manchester,Stockport Road,M12 6AP,Manchester,-2.22196400,53.46942200,All of United Kingdom,201,https://www.ticketmaster.co.uk/dan-and-phil-hard-launch-world-manchester-18-02-2027/event/360064D6E4EEB224
574,G5vHZ_5le7Jee,Morgan Jay - Premium Packages,2027-02-25,18:00:00,False,False,Music,Pop,Pop,False,KovZ9177A4f,AO Arena,"Victoria Station, Hunts Bank",M3 1AR,Manchester,-2.24406600,53.48816400,All of United Kingdom,201,https://www.ticketmaster.co.uk/morgan-jay-premium-packages-manchester-25-02-2027/event/1F0064BAC2126082
575,G5vHZ_GC9D0--,Morgan Jay - La Dolce Vita Tour,2027-02-25,19:30:00,False,False,Arts & Theatre,Comedy,Comedy,False,KovZ9177A4f,AO Arena,"Victoria Station, Hunts Bank",M3 1AR,Manchester,-2.24406600,53.48816400,All of United Kingdom,201,https://www.ticketmaster.co.uk/morgan-jay-la-dolce-vita-tour-manchester-25-02-2027/event/1F0064C397EE4861
576,17uYv0G65QEi3kB,Morgan Jay - La Dolce Vita Tour,2027-02-27,20:00:00,False,False,Arts & Theatre,Comedy,Comedy,False,KovZ9177yOV,OVO Arena Wembley,Arena Square,HA90AA,London,-0.28352700,51.55791800,All of United Kingdom,201,https://www.ticketmaster.co.uk/morgan-jay-la-dolce-vita-tour-london-27-02-2027/event/370064B6A7B121BA
577,17uYv0G65RfE3V6,Morgan Jay - Venue Premium Tickets,2027-02-27,18:30:00,False,False,Arts & Theatre,Comedy,Comedy,False,KovZ9177yOV,OVO Arena Wembley,Arena Square,HA90AA,London,-0.28352700,51.55791800,All of United Kingdom,201,https://www.ticketmaster.co.uk/morgan-jay-venue-premium-tickets-london-27-02-2027/event/370064BBD49D2D07
578,17uOv0G653nMPRe,Morgan Jay,2027-03-27,20:00:00,False,False,Arts & Theatre,Comedy,Comedy,False,KovZ9177sSV,SEC Armadillo,Finnieston Street,G3 8YW,Glasgow,-4.28815400,55.86087000,All of United Kingdom,201,https://www.ticketmaster.co.uk/morgan-jay-glasgow-27-03-2027/event/360064B4AADE5BC2
579,17CZv0G65JUNshG,Morgan Jay: La Doce Vita Tour,2027-03-30,20:00:00,False,False,Arts & Theatre,Comedy,Comedy,False,KovZ917AdH0,Waterfront Hall Auditorium,2 Lanyon Place,BT1 3LP,Belfast,-5.92035413,54.59779511,All of United Kingdom,201,https://www.ticketmaster.ie/morgan-jay-la-doce-vita-tour-belfast-30-03-2027/event/380064B9B68F16CC
580,17FYv0G65Qses-6,Morgan Jay - La Dolce Vita Tour,2027-04-01,19:30:00,False,False,Arts & Theatre,Comedy,Comedy,False,KovZ9177W00,Utilita Arena Birmingham,King Edwards Road,B1 2AA,Birmingham,-1.91492400,52.47993200,All of United Kingdom,201,https://www.ticketmaster.co.uk/morgan-jay-la-dolce-vita-tour-birmingham-01-04-2027/event/230064B6B10B1847
581,17uOv0G65CbYdls,Morgan Jay: La Dolce Vita Tour,2027-04-03,20:00:00,False,False,Arts & Theatre,Comedy,Comedy,False,KovZ9177nf7,Utilita Arena Cardiff,Mary Ann Street,CF10 2EQ,Cardiff,-3.17177100,51.47893100,All of United Kingdom,201,https://www.ticketmaster.co.uk/morgan-jay-la-dolce-vita-tour-cardiff-03-04-2027/event/360064B398C03AF1
582,LvZ18QGOnjValzZZNVtnN,Nick Cave & The Bad Seeds,2026-07-31,13:00:00,False,,Music,Rock,Pop,,KovZ9177Ap0,Preston Park,Preston Road,BN1 6SA,Brighton,-0.15140000,50.84639500,All of United Kingdom,201,https://www.universe.com/events/nick-cave-the-bad-seeds-tickets-5HLBZX?ref=ticketmaster
583,17uYv0G6G9kXn2M,XG,2026-09-02,18:30:00,False,False,Music,Pop,K-Pop,False,KovZ9177yOV,OVO Arena Wembley,Arena Square,HA90AA,London,-0.28352700,51.55791800,All of United Kingdom,201,https://www.ticketmaster.co.uk/xg-london-02-09-2026/event/370064C5C6FAA3F7
584,17uYv0G6Gn93-Ee,XG - Venue Premium Tickets,2026-09-02,18:30:00,False,False,Music,Pop,K-Pop,False,KovZ9177yOV,OVO Arena Wembley,Arena Square,HA90AA,London,-0.28352700,51.55791800,All of United Kingdom,201,https://www.ticketmaster.co.uk/xg-venue-premium-tickets-london-02-09-2026/event/370064CA974A19C2
585,G5dzZbUnoqNQA,Warren Zeiders,2026-10-11,19:00:00,False,False,Music,Country,Country,False,KovZ9177aJf,O2 Academy Glasgow,121 Eglington Street,G5 9NT,Glasgow,-4.25878090,55.85044960,All of United Kingdom,201,https://www.ticketmaster.co.uk/warren-zeiders-glasgow-11-10-2026/event/3E00636A91763685
586,G5dzZbUbYjRUs,Warren Zeiders,2026-10-12,19:00:00,False,False,Music,Country,Country,False,KovZ91776r7,O2 Academy Leeds,55 Cookridge Street,LS2 3AW,Leeds,-1.54728700,53.80229100,All of United Kingdom,201,https://www.ticketmaster.co.uk/warren-zeiders-leeds-12-10-2026/event/3E0063663072FDB1
587,G5vHZbgTrZaeC,Warren Zeiders,2026-10-14,19:30:00,False,False,Music,Country,Country,False,KovZ9177Aof,Manchester Academy,Oxford Road,M13 9PR,Manchester,-2.23222500,53.46438600,All of United Kingdom,201,https://www.ticketmaster.co.uk/warren-zeiders-manchester-14-10-2026/event/1F00635FDE00908E
588,G5dzZbgXgFJhT,Warren Zeiders,2026-10-15,19:00:00,False,False,Music,Country,Country,False,KovZpZAnalJA,O2 Academy Bristol,Frogmore Street,BS1 5NA,Bristol,-2.60084900,51.45414200,All of United Kingdom,201,https://www.ticketmaster.co.uk/warren-zeiders-bristol-15-10-2026/event/3E00635FB52266FF
589,G5dzZbU22X97X,Warren Zeiders World Tour 2026,2026-10-16,19:00:00,False,False,Music,Country,Country,False,KovZpZAnak7A,O2 Academy Birmingham,16-18 Horsefair,B1 1DB,Birmingham,-1.90021500,52.47327700,All of United Kingdom,201,https://www.ticketmaster.co.uk/warren-zeiders-world-tour-2026-birmingham-16-10-2026/event/3E006363CFF9713E
590,G5vHZbgX4C4_f,Warren Zeiders,2026-10-18,19:00:00,False,False,Music,Country,Country,False,KovZpZAn6k6A,Roundhouse,"Chalk Farm Road, Camden",NW1 8EH,London,-0.15132400,51.54305100,All of United Kingdom,201,https://www.ticketmaster.co.uk/warren-zeiders-london-18-10-2026/event/1F00635F95395654
591,G5dzZbgTcsBKi,Lake Street Dive,2026-10-21,18:00:00,False,False,Music,Rock,Alternative Rock,False,KovZ91776r7,O2 Academy Leeds,55 Cookridge Street,LS2 3AW,Leeds,-1.54728700,53.80229100,All of United Kingdom,201,https://www.ticketmaster.co.uk/lake-street-dive-leeds-21-10-2026/event/3E00635FEDC7A4EC
592,1AdbZbUGkDgjGJC,Lake Street Dive,2026-10-23,19:00:00,False,False,Music,Rock,Alternative Rock,False,KovZpZAtadaA,Eventim Apollo,45 Queen Caroline Street,W6 9QH,London,-0.22442300,51.49069300,All of United Kingdom,201,https://www.ticketmaster.co.uk/lake-street-dive-london-23-10-2026/event/3600636EF570C98E
593,1AdFZbgGkRKWK7b,"Lake Street Dive, Mamas Gun",2026-10-24,19:00:00,False,False,Music,Rock,Alternative Rock,False,KovZ91775qf,Albert Hall,Peter Street,M2 5QR,Manchester,-2.24889100,53.47840200,All of United Kingdom,201,https://www.ticketweb.uk/event/lake-street-dive-mamas-gun-the-albert-hall-tickets/14646443?REFERRAL_ID=tmfeed
594,1AdbZbUGkRdM_7K,Lake Street Dive,2026-10-25,19:00:00,False,False,Music,Rock,Alternative Rock,False,KovZ9177m6f,Barrowland Ballroom,242 the Gallowgate,G4 0TT,Glasgow,-4.23693800,55.85506300,All of United Kingdom,201,https://www.ticketmaster.co.uk/lake-street-dive-glasgow-25-10-2026/event/3600636BC3DD9113
595,1AgZk3aGkdEVn9u,Thirty Seconds to Mars Presents A Beautiful Lie vs This Is War,2027-04-28,18:30:00,False,False,Music,Rock,Pop,False,KovZ9177PFf,The O2,Peninsula Square,SE10 0DX,London,0.00551900,51.50158100,All of United Kingdom,201,https://www.ticketmaster.co.uk/thirty-seconds-to-mars-presents-a-london-28-04-2027/event/35006489E7D2A5CD
596,1AMZk3aGkeYExFS,Thirty Seconds to Mars Presents A Beautiful Lie vs This Is War,2027-04-29,18:00:00,False,False,Music,Rock,Pop,False,KovZ9177z1f,Co-op Live,1 Sports City Way,M11 3DU,Manchester,-2.19957970,53.48661136,All of United Kingdom,201,https://www.ticketmaster.co.uk/thirty-seconds-to-mars-presents-a-manchester-29-04-2027/event/37006489B09E2233
597,1AgZkubGkduoQ8N,Jimmy Eat World Bleed American 25th Anniversary,2026-08-14,18:00:00,False,False,Music,Rock,Alternative Rock,False,KovZ9177LTf,The Piece Hall,Blackledge,HX1 1RE,Halifax,-1.85657000,53.72143200,All of United Kingdom,201,https://www.ticketmaster.co.uk/jimmy-eat-world-bleed-american-25th-halifax-14-08-2026/event/35006358CD45A423
598,G5vHZbgrxlk1T,Jimmy Eat World Bleed American 25th Anniversary,2026-08-15,15:30:00,False,False,Music,Rock,Alternative Rock,False,KovZ9177Gu0,Cardiff Castle,Castle Street,CF10 3RB,Cardiff,-3.18216700,51.48166800,All of United Kingdom,201,https://www.ticketmaster.co.uk/jimmy-eat-world-bleed-american-25th-cardiff-15-08-2026/event/1F006357A2AC62BF
599,G5vHZbz3bXP1E,Jimmy Eat World - Official Ticket and Hotel Bundls,2026-08-15,15:31:00,False,False,Music,Rock,Alternative Rock,False,KovZ9177Gu0,Cardiff Castle,Castle Street,CF10 3RB,Cardiff,-3.18216700,51.48166800,All of United Kingdom,201,https://app.bundl.travel/event/1764591438595x908385176020582400?utm_source=ticketmaster&utm_medium=affiliate&utm_campaign=jimmyeatsworld&utm_content=cardiffcast
600,16djZbg-gG7yNja,Palace Bowl Presents - Jimmy Eat World Bleed American 25th Anniversary,2026-08-16,14:00:00,False,False,Music,Rock,Alternative Rock,False,KovZ9177tzf,Crystal Palace Bowl,Terrace Straight,SE19 2GA,London,-0.06738600,51.42091700,All of United Kingdom,201,https://www.ticketmaster.co.uk/palace-bowl-presents-jimmy-eat-world-london-16-08-2026/event/3700635875E63709
601,1AdfZbgGkBlKEJV,Beetlejuice,2026-07-09,19:30:00,False,False,Arts & Theatre,Theatre,Musical,False,KovZ9177xp7,Prince Edward Theatre,Old Compton Street,W1D 4HS,London,-0.13096400,51.51376300,All of United Kingdom,201,https://theatre.ticketmaster.co.uk/book/1HM82-beetlejuice/#perf=1HM82-1L&date=2026-07-09&time=7.30PM
602,1AdfZbgGkBlOElE,Beetlejuice,2026-07-10,15:00:00,False,False,Arts & Theatre,Theatre,Musical,False,KovZ9177xp7,Prince Edward Theatre,Old Compton Street,W1D 4HS,London,-0.13096400,51.51376300,All of United Kingdom,201,https://theatre.ticketmaster.co.uk/book/1HM82-beetlejuice/#perf=1HM82-1M&date=2026-07-10&time=3.00PM
603,1AdfZbgGkBlcMYd,Beetlejuice,2026-07-10,19:30:00,False,False,Arts & Theatre,Theatre,Musical,False,KovZ9177xp7,Prince Edward Theatre,Old Compton Street,W1D 4HS,London,-0.13096400,51.51376300,All of United Kingdom,201,https://theatre.ticketmaster.co.uk/book/1HM82-beetlejuice/#perf=1HM82-1N&date=2026-07-10&time=7.30PM
604,1AdfZbgGkBiF6HJ,Beetlejuice,2026-07-11,19:30:00,False,False,Arts & Theatre,Theatre,Musical,False,KovZ9177xp7,Prince Edward Theatre,Old Compton Street,W1D 4HS,London,-0.13096400,51.51376300,All of United Kingdom,201,https://theatre.ticketmaster.co.uk/book/1HM82-beetlejuice/#perf=1HM82-1P&date=2026-07-11&time=7.30PM
605,1AdfZbgGkBlBMU8,Beetlejuice,2026-07-11,15:00:00,False,False,Arts & Theatre,Theatre,Musical,False,KovZ9177xp7,Prince Edward Theatre,Old Compton Street,W1D 4HS,London,-0.13096400,51.51376300,All of United Kingdom,201,https://theatre.ticketmaster.co.uk/book/1HM82-beetlejuice/#perf=1HM82-1O&date=2026-07-11&time=3.00PM
606,1AdfZbgGkBi4bej,Beetlejuice,2026-07-13,19:30:00,False,False,Arts & Theatre,Theatre,Musical,False,KovZ9177xp7,Prince Edward Theatre,Old Compton Street,W1D 4HS,London,-0.13096400,51.51376300,All of United Kingdom,201,https://theatre.ticketmaster.co.uk/book/1HM82-beetlejuice/#perf=1HM82-1Q&date=2026-07-13&time=7.30PM
607,1AdfZbgGkBixIk2,Beetlejuice,2026-07-14,19:30:00,False,False,Arts & Theatre,Theatre,Musical,False,KovZ9177xp7,Prince Edward Theatre,Old Compton Street,W1D 4HS,London,-0.13096400,51.51376300,All of United Kingdom,201,https://theatre.ticketmaster.co.uk/book/1HM82-beetlejuice/#perf=1HM82-1R&date=2026-07-14&time=7.30PM
608,1AdfZbgGkBiRIag,Beetlejuice,2026-07-15,19:30:00,False,False,Arts & Theatre,Theatre,Musical,False,KovZ9177xp7,Prince Edward Theatre,Old Compton Street,W1D 4HS,London,-0.13096400,51.51376300,All of United Kingdom,201,https://theatre.ticketmaster.co.uk/book/1HM82-beetlejuice/#perf=1HM82-1S&date=2026-07-15&time=7.30PM
609,1AdfZbgGkBiHz1g,Beetlejuice,2026-07-16,19:30:00,False,False,Arts & Theatre,Theatre,Musical,False,KovZ9177xp7,Prince Edward Theatre,Old Compton Street,W1D 4HS,London,-0.13096400,51.51376300,All of United Kingdom,201,https://theatre.ticketmaster.co.uk/book/1HM82-beetlejuice/#perf=1HM82-1T&date=2026-07-16&time=7.30PM
610,1AdfZbgGkBc1Fuf,Beetlejuice,2026-07-17,15:00:00,False,False,Arts & Theatre,Theatre,Musical,False,KovZ9177xp7,Prince Edward Theatre,Old Compton Street,W1D 4HS,London,-0.13096400,51.51376300,All of United Kingdom,201,https://theatre.ticketmaster.co.uk/book/1HM82-beetlejuice/#perf=1HM82-1U&date=2026-07-17&time=3.00PM
611,1AdfZbgGkBc9Fu0,Beetlejuice,2026-07-17,19:30:00,False,False,Arts & Theatre,Theatre,Musical,False,KovZ9177xp7,Prince Edward Theatre,Old Compton Street,W1D 4HS,London,-0.13096400,51.51376300,All of United Kingdom,201,https://theatre.ticketmaster.co.uk/book/1HM82-beetlejuice/#perf=1HM82-1V&date=2026-07-17&time=7.30PM
612,1AdfZbgGkBc0bCC,Beetlejuice,2026-07-18,15:00:00,False,False,Arts & Theatre,Theatre,Musical,False,KovZ9177xp7,Prince Edward Theatre,Old Compton Street,W1D 4HS,London,-0.13096400,51.51376300,All of United Kingdom,201,https://theatre.ticketmaster.co.uk/book/1HM82-beetlejuice/#perf=1HM82-1W&date=2026-07-18&time=3.00PM
613,1AdfZbgGkBcsICw,Beetlejuice,2026-07-18,19:30:00,False,False,Arts & Theatre,Theatre,Musical,False,KovZ9177xp7,Prince Edward Theatre,Old Compton Street,W1D 4HS,London,-0.13096400,51.51376300,All of United Kingdom,201,https://theatre.ticketmaster.co.uk/book/1HM82-beetlejuice/#perf=1HM82-1X&date=2026-07-18&time=7.30PM
614,1AdfZbgGkBcXz2N,Beetlejuice,2026-07-20,19:30:00,False,False,Arts & Theatre,Theatre,Musical,False,KovZ9177xp7,Prince Edward Theatre,Old Compton Street,W1D 4HS,London,-0.13096400,51.51376300,All of United Kingdom,201,https://theatre.ticketmaster.co.uk/book/1HM82-beetlejuice/#perf=1HM82-1Y&date=2026-07-20&time=7.30PM
615,1AdfZbgGkBm5z8v,Beetlejuice,2026-07-21,19:30:00,False,False,Arts & Theatre,Theatre,Musical,False,KovZ9177xp7,Prince Edward Theatre,Old Compton Street,W1D 4HS,London,-0.13096400,51.51376300,All of United Kingdom,201,https://theatre.ticketmaster.co.uk/book/1HM82-beetlejuice/#perf=1HM82-1Z&date=2026-07-21&time=7.30PM
616,1AdfZbgGkBm_F8V,Beetlejuice,2026-07-22,19:30:00,False,False,Arts & Theatre,Theatre,Musical,False,KovZ9177xp7,Prince Edward Theatre,Old Compton Street,W1D 4HS,London,-0.13096400,51.51376300,All of United Kingdom,201,https://theatre.ticketmaster.co.uk/book/1HM82-beetlejuice/#perf=1HM82-20&date=2026-07-22&time=7.30PM
617,1AdfZbgGkBmJbo4,Beetlejuice,2026-07-23,19:30:00,False,False,Arts & Theatre,Theatre,Musical,False,KovZ9177xp7,Prince Edward Theatre,Old Compton Street,W1D 4HS,London,-0.13096400,51.51376300,All of United Kingdom,201,https://theatre.ticketmaster.co.uk/book/1HM82-beetlejuice/#perf=1HM82-21&date=2026-07-23&time=7.30PM
618,1AdfZbgGkBRZIKX,Beetlejuice,2026-07-24,19:30:00,False,False,Arts & Theatre,Theatre,Musical,False,KovZ9177xp7,Prince Edward Theatre,Old Compton Street,W1D 4HS,London,-0.13096400,51.51376300,All of United Kingdom,201,https://theatre.ticketmaster.co.uk/book/1HM82-beetlejuice/#perf=1HM82-23&date=2026-07-24&time=7.30PM
619,1AdfZbgGkBmSb39,Beetlejuice,2026-07-24,14:30:00,False,False,Arts & Theatre,Theatre,Musical,False,KovZ9177xp7,Prince Edward Theatre,Old Compton Street,W1D 4HS,London,-0.13096400,51.51376300,All of United Kingdom,201,https://theatre.ticketmaster.co.uk/book/1HM82-beetlejuice/#perf=1HM82-22&date=2026-07-24&time=3.00PM
620,1AdfZbgGkBRQz_a,Beetlejuice,2026-07-25,19:30:00,False,False,Arts & Theatre,Theatre,Musical,False,KovZ9177xp7,Prince Edward Theatre,Old Compton Street,W1D 4HS,London,-0.13096400,51.51376300,All of United Kingdom,201,https://theatre.ticketmaster.co.uk/book/1HM82-beetlejuice/#perf=1HM82-25&date=2026-07-25&time=7.30PM
621,1AdfZbgGkBRuzpx,Beetlejuice,2026-07-25,14:30:00,False,False,Arts & Theatre,Theatre,Musical,False,KovZ9177xp7,Prince Edward Theatre,Old Compton Street,W1D 4HS,London,-0.13096400,51.51376300,All of United Kingdom,201,https://theatre.ticketmaster.co.uk/book/1HM82-beetlejuice/#perf=1HM82-24&date=2026-07-25&time=3.00PM
622,1AdfZbgGkBRIFQ7,Beetlejuice,2026-07-27,19:30:00,False,False,Arts & Theatre,Theatre,Musical,False,KovZ9177xp7,Prince Edward Theatre,Old Compton Street,W1D 4HS,London,-0.13096400,51.51376300,All of United Kingdom,201,https://theatre.ticketmaster.co.uk/book/1HM82-beetlejuice/#perf=1HM82-26&date=2026-07-27&time=7.30PM
623,1AdfZbgGkBRgIQE,Beetlejuice,2026-07-28,19:30:00,False,False,Arts & Theatre,Theatre,Musical,False,KovZ9177xp7,Prince Edward Theatre,Old Compton Street,W1D 4HS,London,-0.13096400,51.51376300,All of United Kingdom,201,https://theatre.ticketmaster.co.uk/book/1HM82-beetlejuice/#perf=1HM82-27&date=2026-07-28&time=7.30PM
624,1AdfZbgGkBYezhE,Beetlejuice,2026-07-29,19:30:00,False,False,Arts & Theatre,Theatre,Musical,False,KovZ9177xp7,Prince Edward Theatre,Old Compton Street,W1D 4HS,London,-0.13096400,51.51376300,All of United Kingdom,201,https://theatre.ticketmaster.co.uk/book/1HM82-beetlejuice/#perf=1HM82-28&date=2026-07-29&time=7.30PM
625,1AdfZbgGkBY8Fjb,Beetlejuice,2026-07-30,19:30:00,False,False,Arts & Theatre,Theatre,Musical,False,KovZ9177xp7,Prince Edward Theatre,Old Compton Street,W1D 4HS,London,-0.13096400,51.51376300,All of United Kingdom,201,https://theatre.ticketmaster.co.uk/book/1HM82-beetlejuice/#perf=1HM82-29&date=2026-07-30&time=7.30PM
626,1AdfZbgGkBYnzqt,Beetlejuice,2026-07-31,19:30:00,False,False,Arts & Theatre,Theatre,Musical,False,KovZ9177xp7,Prince Edward Theatre,Old Compton Street,W1D 4HS,London,-0.13096400,51.51376300,All of United Kingdom,201,https://theatre.ticketmaster.co.uk/book/1HM82-beetlejuice/#perf=1HM82-2B&date=2026-07-31&time=7.30PM
627,1AdfZbgGkBYqIjg,Beetlejuice,2026-07-31,14:30:00,False,False,Arts & Theatre,Theatre,Musical,False,KovZ9177xp7,Prince Edward Theatre,Old Compton Street,W1D 4HS,London,-0.13096400,51.51376300,All of United Kingdom,201,https://theatre.ticketmaster.co.uk/book/1HM82-beetlejuice/#perf=1HM82-2A&date=2026-07-31&time=3.00PM
628,1AdfZbgGkBYzFr_,Beetlejuice,2026-08-01,14:30:00,False,False,Arts & Theatre,Theatre,Musical,False,KovZ9177xp7,Prince Edward Theatre,Old Compton Street,W1D 4HS,London,-0.13096400,51.51376300,All of United Kingdom,201,https://theatre.ticketmaster.co.uk/book/1HM82-beetlejuice/#perf=1HM82-2C&date=2026-08-01&time=3.00PM
629,1AdfZbgGkBsAbrX,Beetlejuice,2026-08-01,19:30:00,False,False,Arts & Theatre,Theatre,Musical,False,KovZ9177xp7,Prince Edward Theatre,Old Compton Street,W1D 4HS,London,-0.13096400,51.51376300,All of United Kingdom,201,https://theatre.ticketmaster.co.uk/book/1HM82-beetlejuice/#perf=1HM82-2D&date=2026-08-01&time=7.30PM
630,1AdfZbgGkBs3ILP,Beetlejuice,2026-08-03,19:30:00,False,False,Arts & Theatre,Theatre,Musical,False,KovZ9177xp7,Prince Edward Theatre,Old Compton Street,W1D 4HS,London,-0.13096400,51.51376300,All of United Kingdom,201,https://theatre.ticketmaster.co.uk/book/1HM82-beetlejuice/#perf=1HM82-2E&date=2026-08-03&time=7.30PM
631,1AdfZbgGkBsLzOo,Beetlejuice,2026-08-04,19:30:00,False,False,Arts & Theatre,Theatre,Musical,False,KovZ9177xp7,Prince Edward Theatre,Old Compton Street,W1D 4HS,London,-0.13096400,51.51376300,All of United Kingdom,201,https://theatre.ticketmaster.co.uk/book/1HM82-beetlejuice/#perf=1HM82-2F&date=2026-08-04&time=7.30PM
632,1AdfZbgGkBscF-f,Beetlejuice,2026-08-05,19:30:00,False,False,Arts & Theatre,Theatre,Musical,False,KovZ9177xp7,Prince Edward Theatre,Old Compton Street,W1D 4HS,London,-0.13096400,51.51376300,All of United Kingdom,201,https://theatre.ticketmaster.co.uk/book/1HM82-beetlejuice/#perf=1HM82-2G&date=2026-08-05&time=7.30PM
633,1AdfZbgGkBsBFxA,Beetlejuice,2026-08-06,19:30:00,False,False,Arts & Theatre,Theatre,Musical,False,KovZ9177xp7,Prince Edward Theatre,Old Compton Street,W1D 4HS,London,-0.13096400,51.51376300,All of United Kingdom,201,https://theatre.ticketmaster.co.uk/book/1HM82-beetlejuice/#perf=1HM82-2H&date=2026-08-06&time=7.30PM
634,1AdfZbgGkBw6bNQ,Beetlejuice,2026-08-07,14:30:00,False,False,Arts & Theatre,Theatre,Musical,False,KovZ9177xp7,Prince Edward Theatre,Old Compton Street,W1D 4HS,London,-0.13096400,51.51376300,All of United Kingdom,201,https://theatre.ticketmaster.co.uk/book/1HM82-beetlejuice/#perf=1HM82-2I&date=2026-08-07&time=3.00PM
635,1AdfZbgGkBwfI0I,Beetlejuice,2026-08-07,19:30:00,False,False,Arts & Theatre,Theatre,Musical,False,KovZ9177xp7,Prince Edward Theatre,Old Compton Street,W1D 4HS,London,-0.13096400,51.51376300,All of United Kingdom,201,https://theatre.ticketmaster.co.uk/book/1HM82-beetlejuice/#perf=1HM82-2J&date=2026-08-07&time=7.30PM
636,1AdfZbgGkBw-zPD,Beetlejuice,2026-08-08,14:30:00,False,False,Arts & Theatre,Theatre,Musical,False,KovZ9177xp7,Prince Edward Theatre,Old Compton Street,W1D 4HS,London,-0.13096400,51.51376300,All of United Kingdom,201,https://theatre.ticketmaster.co.uk/book/1HM82-beetlejuice/#perf=1HM82-2K&date=2026-08-08&time=3.00PM
637,1AdfZbgGkBwmzEi,Beetlejuice,2026-08-08,19:30:00,False,False,Arts & Theatre,Theatre,Musical,False,KovZ9177xp7,Prince Edward Theatre,Old Compton Street,W1D 4HS,London,-0.13096400,51.51376300,All of United Kingdom,201,https://theatre.ticketmaster.co.uk/book/1HM82-beetlejuice/#perf=1HM82-2L&date=2026-08-08&time=7.30PM
638,1AdfZbgGkBwHFlk,Beetlejuice,2026-08-10,19:30:00,False,False,Arts & Theatre,Theatre,Musical,False,KovZ9177xp7,Prince Edward Theatre,Old Compton Street,W1D 4HS,London,-0.13096400,51.51376300,All of United Kingdom,201,https://theatre.ticketmaster.co.uk/book/1HM82-beetlejuice/#perf=1HM82-2M&date=2026-08-10&time=7.30PM
639,1AdfZbgGkBSabc1,Beetlejuice,2026-08-11,19:30:00,False,False,Arts & Theatre,Theatre,Musical,False,KovZ9177xp7,Prince Edward Theatre,Old Compton Street,W1D 4HS,London,-0.13096400,51.51376300,All of United Kingdom,201,https://theatre.ticketmaster.co.uk/book/1HM82-beetlejuice/#perf=1HM82-2N&date=2026-08-11&time=7.30PM
640,1AdfZbgGkBSpIct,Beetlejuice,2026-08-12,19:30:00,False,False,Arts & Theatre,Theatre,Musical,False,KovZ9177xp7,Prince Edward Theatre,Old Compton Street,W1D 4HS,London,-0.13096400,51.51376300,All of United Kingdom,201,https://theatre.ticketmaster.co.uk/book/1HM82-beetlejuice/#perf=1HM82-2O&date=2026-08-12&time=7.30PM
641,1AdfZbgGkBSNImM,Beetlejuice,2026-08-13,19:30:00,False,False,Arts & Theatre,Theatre,Musical,False,KovZ9177xp7,Prince Edward Theatre,Old Compton Street,W1D 4HS,London,-0.13096400,51.51376300,All of United Kingdom,201,https://theatre.ticketmaster.co.uk/book/1HM82-beetlejuice/#perf=1HM82-2P&date=2026-08-13&time=7.30PM
642,1AdfZbgGkBSXbYA,Beetlejuice,2026-08-14,19:30:00,False,False,Arts & Theatre,Theatre,Musical,False,KovZ9177xp7,Prince Edward Theatre,Old Compton Street,W1D 4HS,London,-0.13096400,51.51376300,All of United Kingdom,201,https://theatre.ticketmaster.co.uk/book/1HM82-beetlejuice/#perf=1HM82-2R&date=2026-08-14&time=7.30PM
643,1AdfZbgGkBSYzRp,Beetlejuice,2026-08-14,14:30:00,False,False,Arts & Theatre,Theatre,Musical,False,KovZ9177xp7,Prince Edward Theatre,Old Compton Street,W1D 4HS,London,-0.13096400,51.51376300,All of United Kingdom,201,https://theatre.ticketmaster.co.uk/book/1HM82-beetlejuice/#perf=1HM82-2Q&date=2026-08-14&time=3.00PM
644,1AdfZbgGkBV5Is5,Beetlejuice,2026-08-15,14:30:00,False,False,Arts & Theatre,Theatre,Musical,False,KovZ9177xp7,Prince Edward Theatre,Old Compton Street,W1D 4HS,London,-0.13096400,51.51376300,All of United Kingdom,201,https://theatre.ticketmaster.co.uk/book/1HM82-beetlejuice/#perf=1HM82-2S&date=2026-08-15&time=3.00PM
645,1AdfZbgGkBVbzS6,Beetlejuice,2026-08-15,19:30:00,False,False,Arts & Theatre,Theatre,Musical,False,KovZ9177xp7,Prince Edward Theatre,Old Compton Street,W1D 4HS,London,-0.13096400,51.51376300,All of United Kingdom,201,https://theatre.ticketmaster.co.uk/book/1HM82-beetlejuice/#perf=1HM82-2T&date=2026-08-15&time=7.30PM
646,1AdfZbgGkBVJFVN,Beetlejuice,2026-08-17,19:30:00,False,False,Arts & Theatre,Theatre,Musical,False,KovZ9177xp7,Prince Edward Theatre,Old Compton Street,W1D 4HS,London,-0.13096400,51.51376300,All of United Kingdom,201,https://theatre.ticketmaster.co.uk/book/1HM82-beetlejuice/#perf=1HM82-2U&date=2026-08-17&time=7.30PM
647,1AdfZbgGkBVSFUL,Beetlejuice,2026-08-18,19:30:00,False,False,Arts & Theatre,Theatre,Musical,False,KovZ9177xp7,Prince Edward Theatre,Old Compton Street,W1D 4HS,London,-0.13096400,51.51376300,All of United Kingdom,201,https://theatre.ticketmaster.co.uk/book/1HM82-beetlejuice/#perf=1HM82-2V&date=2026-08-18&time=7.30PM
648,1AdfZbgGkBgZIUg,Beetlejuice,2026-08-19,19:30:00,False,False,Arts & Theatre,Theatre,Musical,False,KovZ9177xp7,Prince Edward Theatre,Old Compton Street,W1D 4HS,London,-0.13096400,51.51376300,All of United Kingdom,201,https://theatre.ticketmaster.co.uk/book/1HM82-beetlejuice/#perf=1HM82-2W&date=2026-08-19&time=7.30PM
649,1AdfZbgGkBguIMY,Beetlejuice,2026-08-20,19:30:00,False,False,Arts & Theatre,Theatre,Musical,False,KovZ9177xp7,Prince Edward Theatre,Old Compton Street,W1D 4HS,London,-0.13096400,51.51376300,All of United Kingdom,201,https://theatre.ticketmaster.co.uk/book/1HM82-beetlejuice/#perf=1HM82-2X&date=2026-08-20&time=7.30PM
650,1AdfZbgGkBgEzBW,Beetlejuice,2026-08-21,19:30:00,False,False,Arts & Theatre,Theatre,Musical,False,KovZ9177xp7,Prince Edward Theatre,Old Compton Street,W1D 4HS,London,-0.13096400,51.51376300,All of United Kingdom,201,https://theatre.ticketmaster.co.uk/book/1HM82-beetlejuice/#perf=1HM82-2Z&date=2026-08-21&time=7.30PM
651,1AdfZbgGkBgQzBf,Beetlejuice,2026-08-21,14:30:00,False,False,Arts & Theatre,Theatre,Musical,False,KovZ9177xp7,Prince Edward Theatre,Old Compton Street,W1D 4HS,London,-0.13096400,51.51376300,All of United Kingdom,201,https://theatre.ticketmaster.co.uk/book/1HM82-beetlejuice/#perf=1HM82-2Y&date=2026-08-21&time=3.00PM
652,1AdfZbgGkBUebTF,Beetlejuice,2026-08-22,19:30:00,False,False,Arts & Theatre,Theatre,Musical,False,KovZ9177xp7,Prince Edward Theatre,Old Compton Street,W1D 4HS,London,-0.13096400,51.51376300,All of United Kingdom,201,https://theatre.ticketmaster.co.uk/book/1HM82-beetlejuice/#perf=1HM82-31&date=2026-08-22&time=7.30PM
653,1AdfZbgGkBggFW8,Beetlejuice,2026-08-22,14:30:00,False,False,Arts & Theatre,Theatre,Musical,False,KovZ9177xp7,Prince Edward Theatre,Old Compton Street,W1D 4HS,London,-0.13096400,51.51376300,All of United Kingdom,201,https://theatre.ticketmaster.co.uk/book/1HM82-beetlejuice/#perf=1HM82-30&date=2026-08-22&time=3.00PM
654,1AdfZbgGkBU2tZ9,Beetlejuice,2026-08-24,19:30:00,False,False,Arts & Theatre,Theatre,Musical,False,KovZ9177xp7,Prince Edward Theatre,Old Compton Street,W1D 4HS,London,-0.13096400,51.51376300,All of United Kingdom,201,https://theatre.ticketmaster.co.uk/book/1HM82-beetlejuice/#perf=1HM82-32&date=2026-08-24&time=7.30PM
655,1AdfZbgGkBUqav3,Beetlejuice,2026-08-25,19:30:00,False,False,Arts & Theatre,Theatre,Musical,False,KovZ9177xp7,Prince Edward Theatre,Old Compton Street,W1D 4HS,London,-0.13096400,51.51376300,All of United Kingdom,201,https://theatre.ticketmaster.co.uk/book/1HM82-beetlejuice/#perf=1HM82-33&date=2026-08-25&time=7.30PM
656,1AdfZbgGkBUnadp,Beetlejuice,2026-08-26,19:30:00,False,False,Arts & Theatre,Theatre,Musical,False,KovZ9177xp7,Prince Edward Theatre,Old Compton Street,W1D 4HS,London,-0.13096400,51.51376300,All of United Kingdom,201,https://theatre.ticketmaster.co.uk/book/1HM82-beetlejuice/#perf=1HM82-34&date=2026-08-26&time=7.30PM
657,1AdfZbgGkBUM_76,Beetlejuice,2026-08-27,19:30:00,False,False,Arts & Theatre,Theatre,Musical,False,KovZ9177xp7,Prince Edward Theatre,Old Compton Street,W1D 4HS,London,-0.13096400,51.51376300,All of United Kingdom,201,https://theatre.ticketmaster.co.uk/book/1HM82-beetlejuice/#perf=1HM82-35&date=2026-08-27&time=7.30PM
658,1AdfZbgGkBM7tAe,Beetlejuice,2026-08-28,14:30:00,False,False,Arts & Theatre,Theatre,Musical,False,KovZ9177xp7,Prince Edward Theatre,Old Compton Street,W1D 4HS,London,-0.13096400,51.51376300,All of United Kingdom,201,https://theatre.ticketmaster.co.uk/book/1HM82-beetlejuice/#perf=1HM82-36&date=2026-08-28&time=3.00PM
659,1AdfZbgGkBMoyA4,Beetlejuice,2026-08-28,19:30:00,False,False,Arts & Theatre,Theatre,Musical,False,KovZ9177xp7,Prince Edward Theatre,Old Compton Street,W1D 4HS,London,-0.13096400,51.51376300,All of United Kingdom,201,https://theatre.ticketmaster.co.uk/book/1HM82-beetlejuice/#perf=1HM82-37&date=2026-08-28&time=7.30PM
660,1AdfZbgGkBMLaAw,Beetlejuice,2026-08-29,14:30:00,False,False,Arts & Theatre,Theatre,Musical,False,KovZ9177xp7,Prince Edward Theatre,Old Compton Street,W1D 4HS,London,-0.13096400,51.51376300,All of United Kingdom,201,https://theatre.ticketmaster.co.uk/book/1HM82-beetlejuice/#perf=1HM82-38&date=2026-08-29&time=3.00PM
661,1AdfZbgGkBMia6P,Beetlejuice,2026-08-29,19:30:00,False,False,Arts & Theatre,Theatre,Musical,False,KovZ9177xp7,Prince Edward Theatre,Old Compton Street,W1D 4HS,London,-0.13096400,51.51376300,All of United Kingdom,201,https://theatre.ticketmaster.co.uk/book/1HM82-beetlejuice/#perf=1HM82-39&date=2026-08-29&time=7.30PM
662,1AdfZbgGkBMy_aL,Beetlejuice,2026-08-31,19:30:00,False,False,Arts & Theatre,Theatre,Musical,False,KovZ9177xp7,Prince Edward Theatre,Old Compton Street,W1D 4HS,London,-0.13096400,51.51376300,All of United Kingdom,201,https://theatre.ticketmaster.co.uk/book/1HM82-beetlejuice/#perf=1HM82-3A&date=2026-08-31&time=7.30PM
663,1AdfZbgGkBzkt1R,Beetlejuice,2026-09-01,19:30:00,False,False,Arts & Theatre,Theatre,Musical,False,KovZ9177xp7,Prince Edward Theatre,Old Compton Street,W1D 4HS,London,-0.13096400,51.51376300,All of United Kingdom,201,https://theatre.ticketmaster.co.uk/book/1HM82-beetlejuice/#perf=1HM82-3B&date=2026-09-01&time=7.30PM
664,1AdfZbgGkBzKt5h,Beetlejuice,2026-09-02,19:30:00,False,False,Arts & Theatre,Theatre,Musical,False,KovZ9177xp7,Prince Edward Theatre,Old Compton Street,W1D 4HS,London,-0.13096400,51.51376300,All of United Kingdom,201,https://theatre.ticketmaster.co.uk/book/1HM82-beetlejuice/#perf=1HM82-3C&date=2026-09-02&time=7.30PM
665,1AdfZbgGkBz-aGe,Beetlejuice,2026-09-03,19:30:00,False,False,Arts & Theatre,Theatre,Musical,False,KovZ9177xp7,Prince Edward Theatre,Old Compton Street,W1D 4HS,London,-0.13096400,51.51376300,All of United Kingdom,201,https://theatre.ticketmaster.co.uk/book/1HM82-beetlejuice/#perf=1HM82-3D&date=2026-09-03&time=7.30PM
666,1AdfZbgGkBzDtCd,Beetlejuice,2026-09-04,19:30:00,False,False,Arts & Theatre,Theatre,Musical,False,KovZ9177xp7,Prince Edward Theatre,Old Compton Street,W1D 4HS,London,-0.13096400,51.51376300,All of United Kingdom,201,https://theatre.ticketmaster.co.uk/book/1HM82-beetlejuice/#perf=1HM82-3F&date=2026-09-04&time=7.30PM
667,1AdfZbgGkBzm_Gl,Beetlejuice,2026-09-04,14:30:00,False,False,Arts & Theatre,Theatre,Musical,False,KovZ9177xp7,Prince Edward Theatre,Old Compton Street,W1D 4HS,London,-0.13096400,51.51376300,All of United Kingdom,201,https://theatre.ticketmaster.co.uk/book/1HM82-beetlejuice/#perf=1HM82-3E&date=2026-09-04&time=3.00PM
668,1AdfZbgGkBy4y8u,Beetlejuice,2026-09-05,19:30:00,False,False,Arts & Theatre,Theatre,Musical,False,KovZ9177xp7,Prince Edward Theatre,Old Compton Street,W1D 4HS,London,-0.13096400,51.51376300,All of United Kingdom,201,https://theatre.ticketmaster.co.uk/book/1HM82-beetlejuice/#perf=1HM82-3H&date=2026-09-05&time=7.30PM
669,1AdfZbgGkByFy2L,Beetlejuice,2026-09-05,14:30:00,False,False,Arts & Theatre,Theatre,Musical,False,KovZ9177xp7,Prince Edward Theatre,Old Compton Street,W1D 4HS,London,-0.13096400,51.51376300,All of United Kingdom,201,https://theatre.ticketmaster.co.uk/book/1HM82-beetlejuice/#perf=1HM82-3G&date=2026-09-05&time=3.00PM
670,1AdfZbgGkByNaov,Beetlejuice,2026-09-07,19:30:00,False,False,Arts & Theatre,Theatre,Musical,False,KovZ9177xp7,Prince Edward Theatre,Old Compton Street,W1D 4HS,London,-0.13096400,51.51376300,All of United Kingdom,201,https://theatre.ticketmaster.co.uk/book/1HM82-beetlejuice/#perf=1HM82-3I&date=2026-09-07&time=7.30PM
671,1AdfZbgGkByY_3u,Beetlejuice,2026-09-08,19:30:00,False,False,Arts & Theatre,Theatre,Musical,False,KovZ9177xp7,Prince Edward Theatre,Old Compton Street,W1D 4HS,London,-0.13096400,51.51376300,All of United Kingdom,201,https://theatre.ticketmaster.co.uk/book/1HM82-beetlejuice/#perf=1HM82-3J&date=2026-09-08&time=7.30PM
672,1AdfZbgGkByWtKb,Beetlejuice,2026-09-09,19:30:00,False,False,Arts & Theatre,Theatre,Musical,False,KovZ9177xp7,Prince Edward Theatre,Old Compton Street,W1D 4HS,London,-0.13096400,51.51376300,All of United Kingdom,201,https://theatre.ticketmaster.co.uk/book/1HM82-beetlejuice/#perf=1HM82-3K&date=2026-09-09&time=7.30PM
673,1AdfZbgGkBB1yfl,Beetlejuice,2026-09-10,19:30:00,False,False,Arts & Theatre,Theatre,Musical,False,KovZ9177xp7,Prince Edward Theatre,Old Compton Street,W1D 4HS,London,-0.13096400,51.51376300,All of United Kingdom,201,https://theatre.ticketmaster.co.uk/book/1HM82-beetlejuice/#perf=1HM82-3L&date=2026-09-10&time=7.30PM
674,1AdfZbgGkBBP_Qe,Beetlejuice,2026-09-11,19:30:00,False,False,Arts & Theatre,Theatre,Musical,False,KovZ9177xp7,Prince Edward Theatre,Old Compton Street,W1D 4HS,London,-0.13096400,51.51376300,All of United Kingdom,201,https://theatre.ticketmaster.co.uk/book/1HM82-beetlejuice/#perf=1HM82-3N&date=2026-09-11&time=7.30PM
675,1AdfZbgGkBBb_9x,Beetlejuice,2026-09-11,14:30:00,False,False,Arts & Theatre,Theatre,Musical,False,KovZ9177xp7,Prince Edward Theatre,Old Compton Street,W1D 4HS,London,-0.13096400,51.51376300,All of United Kingdom,201,https://theatre.ticketmaster.co.uk/book/1HM82-beetlejuice/#perf=1HM82-3M&date=2026-09-11&time=3.00PM
676,1AdfZbgGkBBTyhi,Beetlejuice,2026-09-12,19:30:00,False,False,Arts & Theatre,Theatre,Musical,False,KovZ9177xp7,Prince Edward Theatre,Old Compton Street,W1D 4HS,London,-0.13096400,51.51376300,All of United Kingdom,201,https://theatre.ticketmaster.co.uk/book/1HM82-beetlejuice/#perf=1HM82-3P&date=2026-09-12&time=7.30PM
677,1AdfZbgGkBBwth5,Beetlejuice,2026-09-12,14:30:00,False,False,Arts & Theatre,Theatre,Musical,False,KovZ9177xp7,Prince Edward Theatre,Old Compton Street,W1D 4HS,London,-0.13096400,51.51376300,All of United Kingdom,201,https://theatre.ticketmaster.co.uk/book/1HM82-beetlejuice/#perf=1HM82-3O&date=2026-09-12&time=3.00PM
678,1AdfZbgGkBDGyjK,Beetlejuice,2026-09-14,19:30:00,False,False,Arts & Theatre,Theatre,Musical,False,KovZ9177xp7,Prince Edward Theatre,Old Compton Street,W1D 4HS,London,-0.13096400,51.51376300,All of United Kingdom,201,https://theatre.ticketmaster.co.uk/book/1HM82-beetlejuice/#perf=1HM82-3Q&date=2026-09-14&time=7.30PM
679,1AdfZbgGkBDQaq3,Beetlejuice,2026-09-15,19:30:00,False,False,Arts & Theatre,Theatre,Musical,False,KovZ9177xp7,Prince Edward Theatre,Old Compton Street,W1D 4HS,London,-0.13096400,51.51376300,All of United Kingdom,201,https://theatre.ticketmaster.co.uk/book/1HM82-beetlejuice/#perf=1HM82-3R&date=2026-09-15&time=7.30PM
680,1AdfZbgGkBDE_re,Beetlejuice,2026-09-16,19:30:00,False,False,Arts & Theatre,Theatre,Musical,False,KovZ9177xp7,Prince Edward Theatre,Old Compton Street,W1D 4HS,London,-0.13096400,51.51376300,All of United Kingdom,201,https://theatre.ticketmaster.co.uk/book/1HM82-beetlejuice/#perf=1HM82-3S&date=2026-09-16&time=7.30PM
681,1AdfZbgGkBDVtOr,Beetlejuice,2026-09-17,19:30:00,False,False,Arts & Theatre,Theatre,Musical,False,KovZ9177xp7,Prince Edward Theatre,Old Compton Street,W1D 4HS,London,-0.13096400,51.51376300,All of United Kingdom,201,https://theatre.ticketmaster.co.uk/book/1HM82-beetlejuice/#perf=1HM82-3T&date=2026-09-17&time=7.30PM
682,1AdfZbgGkBH2txQ,Beetlejuice,2026-09-18,19:30:00,False,False,Arts & Theatre,Theatre,Musical,False,KovZ9177xp7,Prince Edward Theatre,Old Compton Street,W1D 4HS,London,-0.13096400,51.51376300,All of United Kingdom,201,https://theatre.ticketmaster.co.uk/book/1HM82-beetlejuice/#perf=1HM82-3V&date=2026-09-18&time=7.30PM
683,1AdfZbgGkBHe_-q,Beetlejuice,2026-09-18,14:30:00,False,False,Arts & Theatre,Theatre,Musical,False,KovZ9177xp7,Prince Edward Theatre,Old Compton Street,W1D 4HS,London,-0.13096400,51.51376300,All of United Kingdom,201,https://theatre.ticketmaster.co.uk/book/1HM82-beetlejuice/#perf=1HM82-3U&date=2026-09-18&time=3.00PM
684,1AdfZbgGkBHn_P2,Beetlejuice,2026-09-19,19:30:00,False,False,Arts & Theatre,Theatre,Musical,False,KovZ9177xp7,Prince Edward Theatre,Old Compton Street,W1D 4HS,London,-0.13096400,51.51376300,All of United Kingdom,201,https://theatre.ticketmaster.co.uk/book/1HM82-beetlejuice/#perf=1HM82-3X&date=2026-09-19&time=7.30PM
685,1AdfZbgGkBHqaNa,Beetlejuice,2026-09-19,14:30:00,False,False,Arts & Theatre,Theatre,Musical,False,KovZ9177xp7,Prince Edward Theatre,Old Compton Street,W1D 4HS,London,-0.13096400,51.51376300,All of United Kingdom,201,https://theatre.ticketmaster.co.uk/book/1HM82-beetlejuice/#perf=1HM82-3W&date=2026-09-19&time=3.00PM
686,1AdfZbgGkBHMtJ6,Beetlejuice,2026-09-21,19:30:00,False,False,Arts & Theatre,Theatre,Musical,False,KovZ9177xp7,Prince Edward Theatre,Old Compton Street,W1D 4HS,London,-0.13096400,51.51376300,All of United Kingdom,201,https://theatre.ticketmaster.co.uk/book/1HM82-beetlejuice/#perf=1HM82-3Y&date=2026-09-21&time=7.30PM
687,1AdfZbgGkBWAaE0,Beetlejuice,2026-09-22,19:30:00,False,False,Arts & Theatre,Theatre,Musical,False,KovZ9177xp7,Prince Edward Theatre,Old Compton Street,W1D 4HS,London,-0.13096400,51.51376300,All of United Kingdom,201,https://theatre.ticketmaster.co.uk/book/1HM82-beetlejuice/#perf=1HM82-3Z&date=2026-09-22&time=7.30PM
688,1AdfZbgGkBW3yI1,Beetlejuice,2026-09-23,19:30:00,False,False,Arts & Theatre,Theatre,Musical,False,KovZ9177xp7,Prince Edward Theatre,Old Compton Street,W1D 4HS,London,-0.13096400,51.51376300,All of United Kingdom,201,https://theatre.ticketmaster.co.uk/book/1HM82-beetlejuice/#perf=1HM82-40&date=2026-09-23&time=7.30PM
689,1AdfZbgGkBWO_nd,Beetlejuice,2026-09-24,19:30:00,False,False,Arts & Theatre,Theatre,Musical,False,KovZ9177xp7,Prince Edward Theatre,Old Compton Street,W1D 4HS,London,-0.13096400,51.51376300,All of United Kingdom,201,https://theatre.ticketmaster.co.uk/book/1HM82-beetlejuice/#perf=1HM82-41&date=2026-09-24&time=7.30PM
690,1AdfZbgGkBWD_sM,Beetlejuice,2026-09-25,19:30:00,False,False,Arts & Theatre,Theatre,Musical,False,KovZ9177xp7,Prince Edward Theatre,Old Compton Street,W1D 4HS,London,-0.13096400,51.51376300,All of United Kingdom,201,https://theatre.ticketmaster.co.uk/book/1HM82-beetlejuice/#perf=1HM82-43&date=2026-09-25&time=7.30PM
691,1AdfZbgGkBWcycr,Beetlejuice,2026-09-25,14:30:00,False,False,Arts & Theatre,Theatre,Musical,False,KovZ9177xp7,Prince Edward Theatre,Old Compton Street,W1D 4HS,London,-0.13096400,51.51376300,All of United Kingdom,201,https://theatre.ticketmaster.co.uk/book/1HM82-beetlejuice/#perf=1HM82-42&date=2026-09-25&time=3.00PM
692,1AdfZbgGkBXFtSu,Beetlejuice,2026-09-26,14:30:00,False,False,Arts & Theatre,Theatre,Musical,False,KovZ9177xp7,Prince Edward Theatre,Old Compton Street,W1D 4HS,London,-0.13096400,51.51376300,All of United Kingdom,201,https://theatre.ticketmaster.co.uk/book/1HM82-beetlejuice/#perf=1HM82-44&date=2026-09-26&time=3.00PM
693,1AdfZbgGkBXpaVh,Beetlejuice,2026-09-26,19:30:00,False,False,Arts & Theatre,Theatre,Musical,False,KovZ9177xp7,Prince Edward Theatre,Old Compton Street,W1D 4HS,London,-0.13096400,51.51376300,All of United Kingdom,201,https://theatre.ticketmaster.co.uk/book/1HM82-beetlejuice/#perf=1HM82-45&date=2026-09-26&time=7.30PM
694,1AdfZbgGkBXN_VM,Beetlejuice,2026-09-28,19:30:00,False,False,Arts & Theatre,Theatre,Musical,False,KovZ9177xp7,Prince Edward Theatre,Old Compton Street,W1D 4HS,London,-0.13096400,51.51376300,All of United Kingdom,201,https://theatre.ticketmaster.co.uk/book/1HM82-beetlejuice/#perf=1HM82-46&date=2026-09-28&time=7.30PM
695,1AdfZbgGkBXYygE,Beetlejuice,2026-09-29,19:30:00,False,False,Arts & Theatre,Theatre,Musical,False,KovZ9177xp7,Prince Edward Theatre,Old Compton Street,W1D 4HS,London,-0.13096400,51.51376300,All of United Kingdom,201,https://theatre.ticketmaster.co.uk/book/1HM82-beetlejuice/#perf=1HM82-47&date=2026-09-29&time=7.30PM
696,1AdfZbgGkBXX_Ud,Beetlejuice,2026-09-30,19:30:00,False,False,Arts & Theatre,Theatre,Musical,False,KovZ9177xp7,Prince Edward Theatre,Old Compton Street,W1D 4HS,London,-0.13096400,51.51376300,All of United Kingdom,201,https://theatre.ticketmaster.co.uk/book/1HM82-beetlejuice/#perf=1HM82-48&date=2026-09-30&time=7.30PM
697,1AdfZbgGkBT5yU2,Beetlejuice,2026-10-01,19:30:00,False,False,Arts & Theatre,Theatre,Musical,False,KovZ9177xp7,Prince Edward Theatre,Old Compton Street,W1D 4HS,London,-0.13096400,51.51376300,All of United Kingdom,201,https://theatre.ticketmaster.co.uk/book/1HM82-beetlejuice/#perf=1HM82-49&date=2026-10-01&time=7.30PM
698,1AdfZbgGkBTJyMa,Beetlejuice,2026-10-02,19:30:00,False,False,Arts & Theatre,Theatre,Musical,False,KovZ9177xp7,Prince Edward Theatre,Old Compton Street,W1D 4HS,London,-0.13096400,51.51376300,All of United Kingdom,201,https://theatre.ticketmaster.co.uk/book/1HM82-beetlejuice/#perf=1HM82-4B&date=2026-10-02&time=7.30PM
699,1AdfZbgGkBT__UE,Beetlejuice,2026-10-02,14:30:00,False,False,Arts & Theatre,Theatre,Musical,False,KovZ9177xp7,Prince Edward Theatre,Old Compton Street,W1D 4HS,London,-0.13096400,51.51376300,All of United Kingdom,201,https://theatre.ticketmaster.co.uk/book/1HM82-beetlejuice/#perf=1HM82-4A&date=2026-10-02&time=3.00PM
700,1AdfZbgGkBTV_M0,Beetlejuice,2026-10-03,14:30:00,False,False,Arts & Theatre,Theatre,Musical,False,KovZ9177xp7,Prince Edward Theatre,Old Compton Street,W1D 4HS,London,-0.13096400,51.51376300,All of United Kingdom,201,https://theatre.ticketmaster.co.uk/book/1HM82-beetlejuice/#perf=1HM82-4C&date=2026-10-03&time=3.00PM
701,1AdfZbgGkDZvyz-,Beetlejuice,2026-10-03,19:30:00,False,False,Arts & Theatre,Theatre,Musical,False,KovZ9177xp7,Prince Edward Theatre,Old Compton Street,W1D 4HS,London,-0.13096400,51.51376300,All of United Kingdom,201,https://theatre.ticketmaster.co.uk/book/1HM82-beetlejuice/#perf=1HM82-4D&date=2026-10-03&time=7.30PM
702,1AdfZbgGkDZ2_HL,Beetlejuice,2026-10-05,19:30:00,False,False,Arts & Theatre,Theatre,Musical,False,KovZ9177xp7,Prince Edward Theatre,Old Compton Street,W1D 4HS,London,-0.13096400,51.51376300,All of United Kingdom,201,https://theatre.ticketmaster.co.uk/book/1HM82-beetlejuice/#perf=1HM82-4E&date=2026-10-05&time=7.30PM
703,1AdfZbgGkDZjyXo,Beetlejuice,2026-10-06,19:30:00,False,False,Arts & Theatre,Theatre,Musical,False,KovZ9177xp7,Prince Edward Theatre,Old Compton Street,W1D 4HS,London,-0.13096400,51.51376300,All of United Kingdom,201,https://theatre.ticketmaster.co.uk/book/1HM82-beetlejuice/#perf=1HM82-4F&date=2026-10-06&time=7.30PM
704,1AdfZbgGkDZnaT9,Beetlejuice,2026-10-07,19:30:00,False,False,Arts & Theatre,Theatre,Musical,False,KovZ9177xp7,Prince Edward Theatre,Old Compton Street,W1D 4HS,London,-0.13096400,51.51376300,All of United Kingdom,201,https://theatre.ticketmaster.co.uk/book/1HM82-beetlejuice/#perf=1HM82-4G&date=2026-10-07&time=7.30PM
705,1AdfZbgGkDZMnZX,Beetlejuice,2026-10-08,19:30:00,False,False,Arts & Theatre,Theatre,Musical,False,KovZ9177xp7,Prince Edward Theatre,Old Compton Street,W1D 4HS,London,-0.13096400,51.51376300,All of United Kingdom,201,https://theatre.ticketmaster.co.uk/book/1HM82-beetlejuice/#perf=1HM82-4H&date=2026-10-08&time=7.30PM
706,1AdfZbgGkDv7n7c,Beetlejuice,2026-10-09,14:30:00,False,False,Arts & Theatre,Theatre,Musical,False,KovZ9177xp7,Prince Edward Theatre,Old Compton Street,W1D 4HS,London,-0.13096400,51.51376300,All of United Kingdom,201,https://theatre.ticketmaster.co.uk/book/1HM82-beetlejuice/#perf=1HM82-4I&date=2026-10-09&time=3.00PM
707,1AdfZbgGkDvoBAE,Beetlejuice,2026-10-09,19:30:00,False,False,Arts & Theatre,Theatre,Musical,False,KovZ9177xp7,Prince Edward Theatre,Old Compton Street,W1D 4HS,London,-0.13096400,51.51376300,All of United Kingdom,201,https://theatre.ticketmaster.co.uk/book/1HM82-beetlejuice/#perf=1HM82-4J&date=2026-10-09&time=7.30PM
708,1AdfZbgGkDvLQkn,Beetlejuice,2026-10-10,14:30:00,False,False,Arts & Theatre,Theatre,Musical,False,KovZ9177xp7,Prince Edward Theatre,Old Compton Street,W1D 4HS,London,-0.13096400,51.51376300,All of United Kingdom,201,https://theatre.ticketmaster.co.uk/book/1HM82-beetlejuice/#perf=1HM82-4K&date=2026-10-10&time=3.00PM
709,1AdfZbgGkDviQGY,Beetlejuice,2026-10-10,19:30:00,False,False,Arts & Theatre,Theatre,Musical,False,KovZ9177xp7,Prince Edward Theatre,Old Compton Street,W1D 4HS,London,-0.13096400,51.51376300,All of United Kingdom,201,https://theatre.ticketmaster.co.uk/book/1HM82-beetlejuice/#perf=1HM82-4L&date=2026-10-10&time=7.30PM
710,1AdfZbgGkDvynuO,Beetlejuice,2026-10-12,19:30:00,False,False,Arts & Theatre,Theatre,Musical,False,KovZ9177xp7,Prince Edward Theatre,Old Compton Street,W1D 4HS,London,-0.13096400,51.51376300,All of United Kingdom,201,https://theatre.ticketmaster.co.uk/book/1HM82-beetlejuice/#perf=1HM82-4M&date=2026-10-12&time=7.30PM
711,1AdfZbgGkDe61C1,Beetlejuice,2026-10-13,19:30:00,False,False,Arts & Theatre,Theatre,Musical,False,KovZ9177xp7,Prince Edward Theatre,Old Compton Street,W1D 4HS,London,-0.13096400,51.51376300,All of United Kingdom,201,https://theatre.ticketmaster.co.uk/book/1HM82-beetlejuice/#perf=1HM82-4N&date=2026-10-13&time=7.30PM
712,1AdfZbgGkDefQCL,Beetlejuice,2026-10-14,19:30:00,False,False,Arts & Theatre,Theatre,Musical,False,KovZ9177xp7,Prince Edward Theatre,Old Compton Street,W1D 4HS,London,-0.13096400,51.51376300,All of United Kingdom,201,https://theatre.ticketmaster.co.uk/book/1HM82-beetlejuice/#perf=1HM82-4O&date=2026-10-14&time=7.30PM
713,1AdfZbgGkDe-nCz,Beetlejuice,2026-10-15,19:30:00,False,False,Arts & Theatre,Theatre,Musical,False,KovZ9177xp7,Prince Edward Theatre,Old Compton Street,W1D 4HS,London,-0.13096400,51.51376300,All of United Kingdom,201,https://theatre.ticketmaster.co.uk/book/1HM82-beetlejuice/#perf=1HM82-4P&date=2026-10-15&time=7.30PM
714,1AdfZbgGkDeHQ8x,Beetlejuice,2026-10-16,19:30:00,False,False,Arts & Theatre,Theatre,Musical,False,KovZ9177xp7,Prince Edward Theatre,Old Compton Street,W1D 4HS,London,-0.13096400,51.51376300,All of United Kingdom,201,https://theatre.ticketmaster.co.uk/book/1HM82-beetlejuice/#perf=1HM82-4R&date=2026-10-16&time=7.30PM
715,1AdfZbgGkDeR12J,Beetlejuice,2026-10-16,14:30:00,False,False,Arts & Theatre,Theatre,Musical,False,KovZ9177xp7,Prince Edward Theatre,Old Compton Street,W1D 4HS,London,-0.13096400,51.51376300,All of United Kingdom,201,https://theatre.ticketmaster.co.uk/book/1HM82-beetlejuice/#perf=1HM82-4Q&date=2026-10-16&time=3.00PM
716,1AdfZbgGkDd91or,Beetlejuice,2026-10-17,19:30:00,False,False,Arts & Theatre,Theatre,Musical,False,KovZ9177xp7,Prince Edward Theatre,Old Compton Street,W1D 4HS,London,-0.13096400,51.51376300,All of United Kingdom,201,https://theatre.ticketmaster.co.uk/book/1HM82-beetlejuice/#perf=1HM82-4T&date=2026-10-17&time=7.30PM
717,1AdfZbgGkDdan8W,Beetlejuice,2026-10-17,14:30:00,False,False,Arts & Theatre,Theatre,Musical,False,KovZ9177xp7,Prince Edward Theatre,Old Compton Street,W1D 4HS,London,-0.13096400,51.51376300,All of United Kingdom,201,https://theatre.ticketmaster.co.uk/book/1HM82-beetlejuice/#perf=1HM82-4S&date=2026-10-17&time=3.00PM
718,1AdfZbgGkDd0QoB,Beetlejuice,2026-10-19,19:30:00,False,False,Arts & Theatre,Theatre,Musical,False,KovZ9177xp7,Prince Edward Theatre,Old Compton Street,W1D 4HS,London,-0.13096400,51.51376300,All of United Kingdom,201,https://theatre.ticketmaster.co.uk/book/1HM82-beetlejuice/#perf=1HM82-4U&date=2026-10-19&time=7.30PM
719,1AdfZbgGkDdsn33,Beetlejuice,2026-10-20,19:30:00,False,False,Arts & Theatre,Theatre,Musical,False,KovZ9177xp7,Prince Edward Theatre,Old Compton Street,W1D 4HS,London,-0.13096400,51.51376300,All of United Kingdom,201,https://theatre.ticketmaster.co.uk/book/1HM82-beetlejuice/#perf=1HM82-4V&date=2026-10-20&time=7.30PM
720,1AdfZbgGkDdXB3x,Beetlejuice,2026-10-21,19:30:00,False,False,Arts & Theatre,Theatre,Musical,False,KovZ9177xp7,Prince Edward Theatre,Old Compton Street,W1D 4HS,London,-0.13096400,51.51376300,All of United Kingdom,201,https://theatre.ticketmaster.co.uk/book/1HM82-beetlejuice/#perf=1HM82-4W&date=2026-10-21&time=7.30PM
721,1AdfZbgGkD7G13V,Beetlejuice,2026-10-22,19:30:00,False,False,Arts & Theatre,Theatre,Musical,False,KovZ9177xp7,Prince Edward Theatre,Old Compton Street,W1D 4HS,London,-0.13096400,51.51376300,All of United Kingdom,201,https://theatre.ticketmaster.co.uk/book/1HM82-beetlejuice/#perf=1HM82-4X&date=2026-10-22&time=7.30PM
722,1AdfZbgGkD7Jn4C,Beetlejuice,2026-10-23,19:30:00,False,False,Arts & Theatre,Theatre,Musical,False,KovZ9177xp7,Prince Edward Theatre,Old Compton Street,W1D 4HS,London,-0.13096400,51.51376300,All of United Kingdom,201,https://theatre.ticketmaster.co.uk/book/1HM82-beetlejuice/#perf=1HM82-4Z&date=2026-10-23&time=7.30PM
723,1AdfZbgGkD7_nK6,Beetlejuice,2026-10-23,14:30:00,False,False,Arts & Theatre,Theatre,Musical,False,KovZ9177xp7,Prince Edward Theatre,Old Compton Street,W1D 4HS,London,-0.13096400,51.51376300,All of United Kingdom,201,https://theatre.ticketmaster.co.uk/book/1HM82-beetlejuice/#perf=1HM82-4Y&date=2026-10-23&time=3.00PM
724,1AdfZbgGkD7SB9W,Beetlejuice,2026-10-24,14:30:00,False,False,Arts & Theatre,Theatre,Musical,False,KovZ9177xp7,Prince Edward Theatre,Old Compton Street,W1D 4HS,London,-0.13096400,51.51376300,All of United Kingdom,201,https://theatre.ticketmaster.co.uk/book/1HM82-beetlejuice/#perf=1HM82-50&date=2026-10-24&time=3.00PM
725,1AdfZbgGkDAvQbQ,Beetlejuice,2026-10-24,19:30:00,False,False,Arts & Theatre,Theatre,Musical,False,KovZ9177xp7,Prince Edward Theatre,Old Compton Street,W1D 4HS,London,-0.13096400,51.51376300,All of United Kingdom,201,https://theatre.ticketmaster.co.uk/book/1HM82-beetlejuice/#perf=1HM82-51&date=2026-10-24&time=7.30PM
726,1AdfZbgGkDACQbD,Beetlejuice,2026-10-26,19:30:00,False,False,Arts & Theatre,Theatre,Musical,False,KovZ9177xp7,Prince Edward Theatre,Old Compton Street,W1D 4HS,London,-0.13096400,51.51376300,All of United Kingdom,201,https://theatre.ticketmaster.co.uk/book/1HM82-beetlejuice/#perf=1HM82-52&date=2026-10-26&time=7.30PM
727,1AdfZbgGkDAhB_h,Beetlejuice,2026-10-27,19:30:00,False,False,Arts & Theatre,Theatre,Musical,False,KovZ9177xp7,Prince Edward Theatre,Old Compton Street,W1D 4HS,London,-0.13096400,51.51376300,All of United Kingdom,201,https://theatre.ticketmaster.co.uk/book/1HM82-beetlejuice/#perf=1HM82-53&date=2026-10-27&time=7.30PM
728,1AdfZbgGkDAIB_m,Beetlejuice,2026-10-28,14:30:00,False,False,Arts & Theatre,Theatre,Musical,False,KovZ9177xp7,Prince Edward Theatre,Old Compton Street,W1D 4HS,London,-0.13096400,51.51376300,All of United Kingdom,201,https://theatre.ticketmaster.co.uk/book/1HM82-beetlejuice/#perf=1HM82-54&date=2026-10-28&time=3.00PM
729,1AdfZbgGkDAU1QK,Beetlejuice,2026-10-28,19:30:00,False,False,Arts & Theatre,Theatre,Musical,False,KovZ9177xp7,Prince Edward Theatre,Old Compton Street,W1D 4HS,London,-0.13096400,51.51376300,All of United Kingdom,201,https://theatre.ticketmaster.co.uk/book/1HM82-beetlejuice/#perf=1HM82-55&date=2026-10-28&time=7.30PM
730,1AdfZbgGkDkd1Qn,Beetlejuice,2026-10-29,19:30:00,False,False,Arts & Theatre,Theatre,Musical,False,KovZ9177xp7,Prince Edward Theatre,Old Compton Street,W1D 4HS,London,-0.13096400,51.51376300,All of United Kingdom,201,https://theatre.ticketmaster.co.uk/book/1HM82-beetlejuice/#perf=1HM82-56&date=2026-10-29&time=7.30PM
731,1AdfZbgGkDk8Qj4,Beetlejuice,2026-10-30,14:30:00,False,False,Arts & Theatre,Theatre,Musical,False,KovZ9177xp7,Prince Edward Theatre,Old Compton Street,W1D 4HS,London,-0.13096400,51.51376300,All of United Kingdom,201,https://theatre.ticketmaster.co.uk/book/1HM82-beetlejuice/#perf=1HM82-57&date=2026-10-30&time=3.00PM
732,1AdfZbgGkDkqnLU,Beetlejuice,2026-10-30,19:30:00,False,False,Arts & Theatre,Theatre,Musical,False,KovZ9177xp7,Prince Edward Theatre,Old Compton Street,W1D 4HS,London,-0.13096400,51.51376300,All of United Kingdom,201,https://theatre.ticketmaster.co.uk/book/1HM82-beetlejuice/#perf=1HM82-58&date=2026-10-30&time=7.30PM
733,1AdfZbgGkDknBO2,Beetlejuice,2026-10-31,14:30:00,False,False,Arts & Theatre,Theatre,Musical,False,KovZ9177xp7,Prince Edward Theatre,Old Compton Street,W1D 4HS,London,-0.13096400,51.51376300,All of United Kingdom,201,https://theatre.ticketmaster.co.uk/book/1HM82-beetlejuice/#perf=1HM82-59&date=2026-10-31&time=3.00PM
734,1AdfZbgGkDkz1Og,Beetlejuice,2026-10-31,19:30:00,False,False,Arts & Theatre,Theatre,Musical,False,KovZ9177xp7,Prince Edward Theatre,Old Compton Street,W1D 4HS,London,-0.13096400,51.51376300,All of United Kingdom,201,https://theatre.ticketmaster.co.uk/book/1HM82-beetlejuice/#perf=1HM82-5A&date=2026-10-31&time=7.30PM
735,1AdfZbgGkD6AQ-0,Beetlejuice,2026-11-02,19:30:00,False,False,Arts & Theatre,Theatre,Musical,False,KovZ9177xp7,Prince Edward Theatre,Old Compton Street,W1D 4HS,London,-0.13096400,51.51376300,All of United Kingdom,201,https://theatre.ticketmaster.co.uk/book/1HM82-beetlejuice/#perf=1HM82-5B&date=2026-11-02&time=7.30PM
736,1AdfZbgGkD6K1-B,Beetlejuice,2026-11-03,19:30:00,False,False,Arts & Theatre,Theatre,Musical,False,KovZ9177xp7,Prince Edward Theatre,Old Compton Street,W1D 4HS,London,-0.13096400,51.51376300,All of United Kingdom,201,https://theatre.ticketmaster.co.uk/book/1HM82-beetlejuice/#perf=1HM82-5C&date=2026-11-03&time=7.30PM
737,1AdfZbgGkD6LBxP,Beetlejuice,2026-11-04,19:30:00,False,False,Arts & Theatre,Theatre,Musical,False,KovZ9177xp7,Prince Edward Theatre,Old Compton Street,W1D 4HS,London,-0.13096400,51.51376300,All of United Kingdom,201,https://theatre.ticketmaster.co.uk/book/1HM82-beetlejuice/#perf=1HM82-5D&date=2026-11-04&time=7.30PM
738,1AdfZbgGkD6B1NW,Beetlejuice,2026-11-06,19:30:00,False,False,Arts & Theatre,Theatre,Musical,False,KovZ9177xp7,Prince Edward Theatre,Old Compton Street,W1D 4HS,London,-0.13096400,51.51376300,All of United Kingdom,201,https://theatre.ticketmaster.co.uk/book/1HM82-beetlejuice/#perf=1HM82-5F&date=2026-11-06&time=7.30PM
739,1AdfZbgGkD6c1N5,Beetlejuice,2026-11-06,14:30:00,False,False,Arts & Theatre,Theatre,Musical,False,KovZ9177xp7,Prince Edward Theatre,Old Compton Street,W1D 4HS,London,-0.13096400,51.51376300,All of United Kingdom,201,https://theatre.ticketmaster.co.uk/book/1HM82-beetlejuice/#perf=1HM82-5E&date=2026-11-06&time=3.00PM
740,1AdfZbgGkDF6Q0P,Beetlejuice,2026-11-07,14:30:00,False,False,Arts & Theatre,Theatre,Musical,False,KovZ9177xp7,Prince Edward Theatre,Old Compton Street,W1D 4HS,London,-0.13096400,51.51376300,All of United Kingdom,201,https://theatre.ticketmaster.co.uk/book/1HM82-beetlejuice/#perf=1HM82-5G&date=2026-11-07&time=3.00PM
741,1AdfZbgGkDFfn0H,Beetlejuice,2026-11-07,19:30:00,False,False,Arts & Theatre,Theatre,Musical,False,KovZ9177xp7,Prince Edward Theatre,Old Compton Street,W1D 4HS,London,-0.13096400,51.51376300,All of United Kingdom,201,https://theatre.ticketmaster.co.uk/book/1HM82-beetlejuice/#perf=1HM82-5H&date=2026-11-07&time=7.30PM
742,1AdfZbgGkDF-BPG,Beetlejuice,2026-11-09,19:30:00,False,False,Arts & Theatre,Theatre,Musical,False,KovZ9177xp7,Prince Edward Theatre,Old Compton Street,W1D 4HS,London,-0.13096400,51.51376300,All of United Kingdom,201,https://theatre.ticketmaster.co.uk/book/1HM82-beetlejuice/#perf=1HM82-5I&date=2026-11-09&time=7.30PM
743,1AdfZbgGkDFmBPR,Beetlejuice,2026-11-10,19:30:00,False,False,Arts & Theatre,Theatre,Musical,False,KovZ9177xp7,Prince Edward Theatre,Old Compton Street,W1D 4HS,London,-0.13096400,51.51376300,All of United Kingdom,201,https://theatre.ticketmaster.co.uk/book/1HM82-beetlejuice/#perf=1HM82-5J&date=2026-11-10&time=7.30PM
744,1AdfZbgGkDFH1Ju,Beetlejuice,2026-11-11,19:30:00,False,False,Arts & Theatre,Theatre,Musical,False,KovZ9177xp7,Prince Edward Theatre,Old Compton Street,W1D 4HS,London,-0.13096400,51.51376300,All of United Kingdom,201,https://theatre.ticketmaster.co.uk/book/1HM82-beetlejuice/#perf=1HM82-5K&date=2026-11-11&time=7.30PM
745,1AdfZbgGkDaaQIZ,Beetlejuice,2026-11-12,19:30:00,False,False,Arts & Theatre,Theatre,Musical,False,KovZ9177xp7,Prince Edward Theatre,Old Compton Street,W1D 4HS,London,-0.13096400,51.51376300,All of United Kingdom,201,https://theatre.ticketmaster.co.uk/book/1HM82-beetlejuice/#perf=1HM82-5L&date=2026-11-12&time=7.30PM
746,1AdfZbgGkDaNnIW,Beetlejuice,2026-11-13,19:30:00,False,False,Arts & Theatre,Theatre,Musical,False,KovZ9177xp7,Prince Edward Theatre,Old Compton Street,W1D 4HS,London,-0.13096400,51.51376300,All of United Kingdom,201,https://theatre.ticketmaster.co.uk/book/1HM82-beetlejuice/#perf=1HM82-5N&date=2026-11-13&time=7.30PM
747,1AdfZbgGkDapQI3,Beetlejuice,2026-11-13,14:30:00,False,False,Arts & Theatre,Theatre,Musical,False,KovZ9177xp7,Prince Edward Theatre,Old Compton Street,W1D 4HS,London,-0.13096400,51.51376300,All of United Kingdom,201,https://theatre.ticketmaster.co.uk/book/1HM82-beetlejuice/#perf=1HM82-5M&date=2026-11-13&time=3.00PM
748,1AdfZbgGkDaX1nv,Beetlejuice,2026-11-14,19:30:00,False,False,Arts & Theatre,Theatre,Musical,False,KovZ9177xp7,Prince Edward Theatre,Old Compton Street,W1D 4HS,London,-0.13096400,51.51376300,All of United Kingdom,201,https://theatre.ticketmaster.co.uk/book/1HM82-beetlejuice/#perf=1HM82-5P&date=2026-11-14&time=7.30PM
749,1AdfZbgGkDaYBtJ,Beetlejuice,2026-11-14,14:30:00,False,False,Arts & Theatre,Theatre,Musical,False,KovZ9177xp7,Prince Edward Theatre,Old Compton Street,W1D 4HS,London,-0.13096400,51.51376300,All of United Kingdom,201,https://theatre.ticketmaster.co.uk/book/1HM82-beetlejuice/#perf=1HM82-5O&date=2026-11-14&time=3.00PM
750,1AdfZbgGkD151nm,Beetlejuice,2026-11-16,19:30:00,False,False,Arts & Theatre,Theatre,Musical,False,KovZ9177xp7,Prince Edward Theatre,Old Compton Street,W1D 4HS,London,-0.13096400,51.51376300,All of United Kingdom,201,https://theatre.ticketmaster.co.uk/book/1HM82-beetlejuice/#perf=1HM82-5Q&date=2026-11-16&time=7.30PM
751,1AdfZbgGkD1bQld,Beetlejuice,2026-11-17,19:30:00,False,False,Arts & Theatre,Theatre,Musical,False,KovZ9177xp7,Prince Edward Theatre,Old Compton Street,W1D 4HS,London,-0.13096400,51.51376300,All of United Kingdom,201,https://theatre.ticketmaster.co.uk/book/1HM82-beetlejuice/#perf=1HM82-5R&date=2026-11-17&time=7.30PM
752,1AdfZbgGkD1Pnll,Beetlejuice,2026-11-18,19:30:00,False,False,Arts & Theatre,Theatre,Musical,False,KovZ9177xp7,Prince Edward Theatre,Old Compton Street,W1D 4HS,London,-0.13096400,51.51376300,All of United Kingdom,201,https://theatre.ticketmaster.co.uk/book/1HM82-beetlejuice/#perf=1HM82-5S&date=2026-11-18&time=7.30PM
753,1AdfZbgGkD1wBiv,Beetlejuice,2026-11-19,19:30:00,False,False,Arts & Theatre,Theatre,Musical,False,KovZ9177xp7,Prince Edward Theatre,Old Compton Street,W1D 4HS,London,-0.13096400,51.51376300,All of United Kingdom,201,https://theatre.ticketmaster.co.uk/book/1HM82-beetlejuice/#perf=1HM82-5T&date=2026-11-19&time=7.30PM
754,1AdfZbgGkD1TBi_,Beetlejuice,2026-11-20,14:30:00,False,False,Arts & Theatre,Theatre,Musical,False,KovZ9177xp7,Prince Edward Theatre,Old Compton Street,W1D 4HS,London,-0.13096400,51.51376300,All of United Kingdom,201,https://theatre.ticketmaster.co.uk/book/1HM82-beetlejuice/#perf=1HM82-5U&date=2026-11-20&time=3.00PM
755,1AdfZbgGkD5u1il,Beetlejuice,2026-11-20,19:30:00,False,False,Arts & Theatre,Theatre,Musical,False,KovZ9177xp7,Prince Edward Theatre,Old Compton Street,W1D 4HS,London,-0.13096400,51.51376300,All of United Kingdom,201,https://theatre.ticketmaster.co.uk/book/1HM82-beetlejuice/#perf=1HM82-5V&date=2026-11-20&time=7.30PM
756,1AdfZbgGkD5EncR,Beetlejuice,2026-11-21,19:30:00,False,False,Arts & Theatre,Theatre,Musical,False,KovZ9177xp7,Prince Edward Theatre,Old Compton Street,W1D 4HS,London,-0.13096400,51.51376300,All of United Kingdom,201,https://theatre.ticketmaster.co.uk/book/1HM82-beetlejuice/#perf=1HM82-5X&date=2026-11-21&time=7.30PM
757,1AdfZbgGkD5QQcb,Beetlejuice,2026-11-21,14:30:00,False,False,Arts & Theatre,Theatre,Musical,False,KovZ9177xp7,Prince Edward Theatre,Old Compton Street,W1D 4HS,London,-0.13096400,51.51376300,All of United Kingdom,201,https://theatre.ticketmaster.co.uk/book/1HM82-beetlejuice/#perf=1HM82-5W&date=2026-11-21&time=3.00PM
758,1AdfZbgGkD5VBm1,Beetlejuice,2026-11-23,19:30:00,False,False,Arts & Theatre,Theatre,Musical,False,KovZ9177xp7,Prince Edward Theatre,Old Compton Street,W1D 4HS,London,-0.13096400,51.51376300,All of United Kingdom,201,https://theatre.ticketmaster.co.uk/book/1HM82-beetlejuice/#perf=1HM82-5Y&date=2026-11-23&time=7.30PM
759,1AdfZbgGkDGe1mQ,Beetlejuice,2026-11-24,19:30:00,False,False,Arts & Theatre,Theatre,Musical,False,KovZ9177xp7,Prince Edward Theatre,Old Compton Street,W1D 4HS,London,-0.13096400,51.51376300,All of United Kingdom,201,https://theatre.ticketmaster.co.uk/book/1HM82-beetlejuice/#perf=1HM82-5Z&date=2026-11-24&time=7.30PM
760,1AdfZbgGkDG21mS,Beetlejuice,2026-11-25,19:30:00,False,False,Arts & Theatre,Theatre,Musical,False,KovZ9177xp7,Prince Edward Theatre,Old Compton Street,W1D 4HS,London,-0.13096400,51.51376300,All of United Kingdom,201,https://theatre.ticketmaster.co.uk/book/1HM82-beetlejuice/#perf=1HM82-60&date=2026-11-25&time=7.30PM
761,1AdfZbgGkDGjQR9,Beetlejuice,2026-11-26,19:30:00,False,False,Arts & Theatre,Theatre,Musical,False,KovZ9177xp7,Prince Edward Theatre,Old Compton Street,W1D 4HS,London,-0.13096400,51.51376300,All of United Kingdom,201,https://theatre.ticketmaster.co.uk/book/1HM82-beetlejuice/#perf=1HM82-61&date=2026-11-26&time=7.30PM
762,1AdfZbgGkDGUBYK,Beetlejuice,2026-11-27,19:30:00,False,False,Arts & Theatre,Theatre,Musical,False,KovZ9177xp7,Prince Edward Theatre,Old Compton Street,W1D 4HS,London,-0.13096400,51.51376300,All of United Kingdom,201,https://theatre.ticketmaster.co.uk/book/1HM82-beetlejuice/#perf=1HM82-63&date=2026-11-27&time=7.30PM
763,1AdfZbgGkDGtnRS,Beetlejuice,2026-11-27,14:30:00,False,False,Arts & Theatre,Theatre,Musical,False,KovZ9177xp7,Prince Edward Theatre,Old Compton Street,W1D 4HS,London,-0.13096400,51.51376300,All of United Kingdom,201,https://theatre.ticketmaster.co.uk/book/1HM82-beetlejuice/#perf=1HM82-62&date=2026-11-27&time=3.00PM
764,1AdfZbgGkDu71Yi,Beetlejuice,2026-11-28,14:30:00,False,False,Arts & Theatre,Theatre,Musical,False,KovZ9177xp7,Prince Edward Theatre,Old Compton Street,W1D 4HS,London,-0.13096400,51.51376300,All of United Kingdom,201,https://theatre.ticketmaster.co.uk/book/1HM82-beetlejuice/#perf=1HM82-64&date=2026-11-28&time=3.00PM
765,1AdfZbgGkDuoQsk,Beetlejuice,2026-11-28,19:30:00,False,False,Arts & Theatre,Theatre,Musical,False,KovZ9177xp7,Prince Edward Theatre,Old Compton Street,W1D 4HS,London,-0.13096400,51.51376300,All of United Kingdom,201,https://theatre.ticketmaster.co.uk/book/1HM82-beetlejuice/#perf=1HM82-65&date=2026-11-28&time=7.30PM
766,1AdfZbgGkDurQst,Beetlejuice,2026-11-30,19:30:00,False,False,Arts & Theatre,Theatre,Musical,False,KovZ9177xp7,Prince Edward Theatre,Old Compton Street,W1D 4HS,London,-0.13096400,51.51376300,All of United Kingdom,201,https://theatre.ticketmaster.co.uk/book/1HM82-beetlejuice/#perf=1HM82-66&date=2026-11-30&time=7.30PM
767,1AdfZbgGkDulnDs,Beetlejuice,2026-12-01,19:30:00,False,False,Arts & Theatre,Theatre,Musical,False,KovZ9177xp7,Prince Edward Theatre,Old Compton Street,W1D 4HS,London,-0.13096400,51.51376300,All of United Kingdom,201,https://theatre.ticketmaster.co.uk/book/1HM82-beetlejuice/#perf=1HM82-67&date=2026-12-01&time=7.30PM
768,1AdfZbgGkDuzBW5,Beetlejuice,2026-12-02,19:30:00,False,False,Arts & Theatre,Theatre,Musical,False,KovZ9177xp7,Prince Edward Theatre,Old Compton Street,W1D 4HS,London,-0.13096400,51.51376300,All of United Kingdom,201,https://theatre.ticketmaster.co.uk/book/1HM82-beetlejuice/#perf=1HM82-68&date=2026-12-02&time=7.30PM
769,1AdfZbgGkDCk1WR,Beetlejuice,2026-12-03,19:30:00,False,False,Arts & Theatre,Theatre,Musical,False,KovZ9177xp7,Prince Edward Theatre,Old Compton Street,W1D 4HS,London,-0.13096400,51.51376300,All of United Kingdom,201,https://theatre.ticketmaster.co.uk/book/1HM82-beetlejuice/#perf=1HM82-69&date=2026-12-03&time=7.30PM
770,1AdfZbgGkDCK1XK,Beetlejuice,2026-12-04,14:30:00,False,False,Arts & Theatre,Theatre,Musical,False,KovZ9177xp7,Prince Edward Theatre,Old Compton Street,W1D 4HS,London,-0.13096400,51.51376300,All of United Kingdom,201,https://theatre.ticketmaster.co.uk/book/1HM82-beetlejuice/#perf=1HM82-6A&date=2026-12-04&time=3.00PM
771,1AdfZbgGkDCOQXL,Beetlejuice,2026-12-04,19:30:00,False,False,Arts & Theatre,Theatre,Musical,False,KovZ9177xp7,Prince Edward Theatre,Old Compton Street,W1D 4HS,London,-0.13096400,51.51376300,All of United Kingdom,201,https://theatre.ticketmaster.co.uk/book/1HM82-beetlejuice/#perf=1HM82-6B&date=2026-12-04&time=7.30PM
772,1AdfZbgGkDCBDeD,Beetlejuice,2026-12-05,19:30:00,False,False,Arts & Theatre,Theatre,Musical,False,KovZ9177xp7,Prince Edward Theatre,Old Compton Street,W1D 4HS,London,-0.13096400,51.51376300,All of United Kingdom,201,https://theatre.ticketmaster.co.uk/book/1HM82-beetlejuice/#perf=1HM82-6D&date=2026-12-05&time=7.30PM
773,1AdfZbgGkDCcnT6,Beetlejuice,2026-12-05,14:30:00,False,False,Arts & Theatre,Theatre,Musical,False,KovZ9177xp7,Prince Edward Theatre,Old Compton Street,W1D 4HS,London,-0.13096400,51.51376300,All of United Kingdom,201,https://theatre.ticketmaster.co.uk/book/1HM82-beetlejuice/#perf=1HM82-6C&date=2026-12-05&time=3.00PM
774,1AdfZbgGkD2F5di,Beetlejuice,2026-12-07,19:30:00,False,False,Arts & Theatre,Theatre,Musical,False,KovZ9177xp7,Prince Edward Theatre,Old Compton Street,W1D 4HS,London,-0.13096400,51.51376300,All of United Kingdom,201,https://theatre.ticketmaster.co.uk/book/1HM82-beetlejuice/#perf=1HM82-6E&date=2026-12-07&time=7.30PM
775,1AdfZbgGkD24h7f,Beetlejuice,2026-12-08,19:30:00,False,False,Arts & Theatre,Theatre,Musical,False,KovZ9177xp7,Prince Edward Theatre,Old Compton Street,W1D 4HS,London,-0.13096400,51.51376300,All of United Kingdom,201,https://theatre.ticketmaster.co.uk/book/1HM82-beetlejuice/#perf=1HM82-6F&date=2026-12-08&time=7.30PM
776,1AdfZbgGkD2xl7W,Beetlejuice,2026-12-09,19:30:00,False,False,Arts & Theatre,Theatre,Musical,False,KovZ9177xp7,Prince Edward Theatre,Old Compton Street,W1D 4HS,London,-0.13096400,51.51376300,All of United Kingdom,201,https://theatre.ticketmaster.co.uk/book/1HM82-beetlejuice/#perf=1HM82-6G&date=2026-12-09&time=7.30PM
777,1AdfZbgGkD2RDAS,Beetlejuice,2026-12-10,19:30:00,False,False,Arts & Theatre,Theatre,Musical,False,KovZ9177xp7,Prince Edward Theatre,Old Compton Street,W1D 4HS,London,-0.13096400,51.51376300,All of United Kingdom,201,https://theatre.ticketmaster.co.uk/book/1HM82-beetlejuice/#perf=1HM82-6H&date=2026-12-10&time=7.30PM
778,1AdfZbgGkD2W5kA,Beetlejuice,2026-12-11,14:30:00,False,False,Arts & Theatre,Theatre,Musical,False,KovZ9177xp7,Prince Edward Theatre,Old Compton Street,W1D 4HS,London,-0.13096400,51.51376300,All of United Kingdom,201,https://theatre.ticketmaster.co.uk/book/1HM82-beetlejuice/#perf=1HM82-6I&date=2026-12-11&time=3.00PM
779,1AdfZbgGkD81hkn,Beetlejuice,2026-12-11,19:30:00,False,False,Arts & Theatre,Theatre,Musical,False,KovZ9177xp7,Prince Edward Theatre,Old Compton Street,W1D 4HS,London,-0.13096400,51.51376300,All of United Kingdom,201,https://theatre.ticketmaster.co.uk/book/1HM82-beetlejuice/#perf=1HM82-6J&date=2026-12-11&time=7.30PM
780,1AdfZbgGkD80l6f,Beetlejuice,2026-12-12,19:30:00,False,False,Arts & Theatre,Theatre,Musical,False,KovZ9177xp7,Prince Edward Theatre,Old Compton Street,W1D 4HS,London,-0.13096400,51.51376300,All of United Kingdom,201,https://theatre.ticketmaster.co.uk/book/1HM82-beetlejuice/#perf=1HM82-6L&date=2026-12-12&time=7.30PM
781,1AdfZbgGkD89lkT,Beetlejuice,2026-12-12,14:30:00,False,False,Arts & Theatre,Theatre,Musical,False,KovZ9177xp7,Prince Edward Theatre,Old Compton Street,W1D 4HS,London,-0.13096400,51.51376300,All of United Kingdom,201,https://theatre.ticketmaster.co.uk/book/1HM82-beetlejuice/#perf=1HM82-6K&date=2026-12-12&time=3.00PM
782,1AdfZbgGkD8w56z,Beetlejuice,2026-12-14,19:30:00,False,False,Arts & Theatre,Theatre,Musical,False,KovZ9177xp7,Prince Edward Theatre,Old Compton Street,W1D 4HS,London,-0.13096400,51.51376300,All of United Kingdom,201,https://theatre.ticketmaster.co.uk/book/1HM82-beetlejuice/#perf=1HM82-6M&date=2026-12-14&time=7.30PM
783,1AdfZbgGkD8T5F5,Beetlejuice,2026-12-15,19:30:00,False,False,Arts & Theatre,Theatre,Musical,False,KovZ9177xp7,Prince Edward Theatre,Old Compton Street,W1D 4HS,London,-0.13096400,51.51376300,All of United Kingdom,201,https://theatre.ticketmaster.co.uk/book/1HM82-beetlejuice/#perf=1HM82-6N&date=2026-12-15&time=7.30PM
784,1AdfZbgGkDoGhFg,Beetlejuice,2026-12-16,19:30:00,False,False,Arts & Theatre,Theatre,Musical,False,KovZ9177xp7,Prince Edward Theatre,Old Compton Street,W1D 4HS,London,-0.13096400,51.51376300,All of United Kingdom,201,https://theatre.ticketmaster.co.uk/book/1HM82-beetlejuice/#perf=1HM82-6O&date=2026-12-16&time=7.30PM
785,1AdfZbgGkDo_la4,Beetlejuice,2026-12-17,19:30:00,False,False,Arts & Theatre,Theatre,Musical,False,KovZ9177xp7,Prince Edward Theatre,Old Compton Street,W1D 4HS,London,-0.13096400,51.51376300,All of United Kingdom,201,https://theatre.ticketmaster.co.uk/book/1HM82-beetlejuice/#perf=1HM82-6P&date=2026-12-17&time=7.30PM
786,1AdfZbgGkDoJlaR,Beetlejuice,2026-12-18,14:30:00,False,False,Arts & Theatre,Theatre,Musical,False,KovZ9177xp7,Prince Edward Theatre,Old Compton Street,W1D 4HS,London,-0.13096400,51.51376300,All of United Kingdom,201,https://theatre.ticketmaster.co.uk/book/1HM82-beetlejuice/#perf=1HM82-6Q&date=2026-12-18&time=3.00PM
787,1AdfZbgGkDoV5Gu,Beetlejuice,2026-12-18,19:30:00,False,False,Arts & Theatre,Theatre,Musical,False,KovZ9177xp7,Prince Edward Theatre,Old Compton Street,W1D 4HS,London,-0.13096400,51.51376300,All of United Kingdom,201,https://theatre.ticketmaster.co.uk/book/1HM82-beetlejuice/#perf=1HM82-6R&date=2026-12-18&time=7.30PM
788,1AdfZbgGkD3Chf6,Beetlejuice,2026-12-19,19:30:00,False,False,Arts & Theatre,Theatre,Musical,False,KovZ9177xp7,Prince Edward Theatre,Old Compton Street,W1D 4HS,London,-0.13096400,51.51376300,All of United Kingdom,201,https://theatre.ticketmaster.co.uk/book/1HM82-beetlejuice/#perf=1HM82-6T&date=2026-12-19&time=7.30PM
789,1AdfZbgGkD3v5o6,Beetlejuice,2026-12-19,14:30:00,False,False,Arts & Theatre,Theatre,Musical,False,KovZ9177xp7,Prince Edward Theatre,Old Compton Street,W1D 4HS,London,-0.13096400,51.51376300,All of United Kingdom,201,https://theatre.ticketmaster.co.uk/book/1HM82-beetlejuice/#perf=1HM82-6S&date=2026-12-19&time=3.00PM
790,1AdfZbgGkD3Ilfs,Beetlejuice,2026-12-21,19:30:00,False,False,Arts & Theatre,Theatre,Musical,False,KovZ9177xp7,Prince Edward Theatre,Old Compton Street,W1D 4HS,London,-0.13096400,51.51376300,All of United Kingdom,201,https://theatre.ticketmaster.co.uk/book/1HM82-beetlejuice/#perf=1HM82-6V&date=2026-12-21&time=7.30PM
791,1AdfZbgGkD3hlf-,Beetlejuice,2026-12-21,14:30:00,False,False,Arts & Theatre,Theatre,Musical,False,KovZ9177xp7,Prince Edward Theatre,Old Compton Street,W1D 4HS,London,-0.13096400,51.51376300,All of United Kingdom,201,https://theatre.ticketmaster.co.uk/book/1HM82-beetlejuice/#perf=1HM82-6U&date=2026-12-21&time=3.00PM
792,1AdfZbgGkD3gD4a,Beetlejuice,2026-12-22,19:30:00,False,False,Arts & Theatre,Theatre,Musical,False,KovZ9177xp7,Prince Edward Theatre,Old Compton Street,W1D 4HS,London,-0.13096400,51.51376300,All of United Kingdom,201,https://theatre.ticketmaster.co.uk/book/1HM82-beetlejuice/#perf=1HM82-6W&date=2026-12-22&time=7.30PM
793,1AdfZbgGkDK854D,Beetlejuice,2026-12-23,19:30:00,False,False,Arts & Theatre,Theatre,Musical,False,KovZ9177xp7,Prince Edward Theatre,Old Compton Street,W1D 4HS,London,-0.13096400,51.51376300,All of United Kingdom,201,https://theatre.ticketmaster.co.uk/book/1HM82-beetlejuice/#perf=1HM82-6Y&date=2026-12-23&time=7.30PM
794,1AdfZbgGkDKd540,Beetlejuice,2026-12-23,14:30:00,False,False,Arts & Theatre,Theatre,Musical,False,KovZ9177xp7,Prince Edward Theatre,Old Compton Street,W1D 4HS,London,-0.13096400,51.51376300,All of United Kingdom,201,https://theatre.ticketmaster.co.uk/book/1HM82-beetlejuice/#perf=1HM82-6X&date=2026-12-23&time=3.00PM
795,1AdfZbgGkDKqhpQ,Beetlejuice,2026-12-26,19:30:00,False,False,Arts & Theatre,Theatre,Musical,False,KovZ9177xp7,Prince Edward Theatre,Old Compton Street,W1D 4HS,London,-0.13096400,51.51376300,All of United Kingdom,201,https://theatre.ticketmaster.co.uk/book/1HM82-beetlejuice/#perf=1HM82-6Z&date=2026-12-26&time=7.30PM
796,1AdfZbgGkDKMl9f,Beetlejuice,2026-12-27,19:30:00,False,False,Arts & Theatre,Theatre,Musical,False,KovZ9177xp7,Prince Edward Theatre,Old Compton Street,W1D 4HS,London,-0.13096400,51.51376300,All of United Kingdom,201,https://theatre.ticketmaster.co.uk/book/1HM82-beetlejuice/#perf=1HM82-71&date=2026-12-27&time=7.30PM
797,1AdfZbgGkDKnhpc,Beetlejuice,2026-12-27,14:30:00,False,False,Arts & Theatre,Theatre,Musical,False,KovZ9177xp7,Prince Edward Theatre,Old Compton Street,W1D 4HS,London,-0.13096400,51.51376300,All of United Kingdom,201,https://theatre.ticketmaster.co.uk/book/1HM82-beetlejuice/#perf=1HM82-70&date=2026-12-27&time=3.00PM
798,1AdfZbgGkDf7D9U,Beetlejuice,2026-12-28,19:30:00,False,False,Arts & Theatre,Theatre,Musical,False,KovZ9177xp7,Prince Edward Theatre,Old Compton Street,W1D 4HS,London,-0.13096400,51.51376300,All of United Kingdom,201,https://theatre.ticketmaster.co.uk/book/1HM82-beetlejuice/#perf=1HM82-72&date=2026-12-28&time=7.30PM
799,1AdfZbgGkDfL5_v,Beetlejuice,2026-12-29,19:30:00,False,False,Arts & Theatre,Theatre,Musical,False,KovZ9177xp7,Prince Edward Theatre,Old Compton Street,W1D 4HS,London,-0.13096400,51.51376300,All of United Kingdom,201,https://theatre.ticketmaster.co.uk/book/1HM82-beetlejuice/#perf=1HM82-74&date=2026-12-29&time=7.30PM
800,1AdfZbgGkDfoDbt,Beetlejuice,2026-12-29,14:30:00,False,False,Arts & Theatre,Theatre,Musical,False,KovZ9177xp7,Prince Edward Theatre,Old Compton Street,W1D 4HS,London,-0.13096400,51.51376300,All of United Kingdom,201,https://theatre.ticketmaster.co.uk/book/1HM82-beetlejuice/#perf=1HM82-73&date=2026-12-29&time=3.00PM
801,1AdfZbgGkDfi5_-,Beetlejuice,2026-12-30,14:30:00,False,False,Arts & Theatre,Theatre,Musical,False,KovZ9177xp7,Prince Edward Theatre,Old Compton Street,W1D 4HS,London,-0.13096400,51.51376300,All of United Kingdom,201,https://theatre.ticketmaster.co.uk/book/1HM82-beetlejuice/#perf=1HM82-75&date=2026-12-30&time=3.00PM
802,1AdfZbgGkDfyh_R,Beetlejuice,2026-12-30,19:30:00,False,False,Arts & Theatre,Theatre,Musical,False,KovZ9177xp7,Prince Edward Theatre,Old Compton Street,W1D 4HS,London,-0.13096400,51.51376300,All of United Kingdom,201,https://theatre.ticketmaster.co.uk/book/1HM82-beetlejuice/#perf=1HM82-76&date=2026-12-30&time=7.30PM
803,1AdfZbgGkD4klQ4,Beetlejuice,2027-01-01,19:30:00,False,False,Arts & Theatre,Theatre,Musical,False,KovZ9177xp7,Prince Edward Theatre,Old Compton Street,W1D 4HS,London,-0.13096400,51.51376300,All of United Kingdom,201,https://theatre.ticketmaster.co.uk/book/1HM82-beetlejuice/#perf=1HM82-77&date=2027-01-01&time=7.30PM
804,1AdfZbgGkD4-5hs,Beetlejuice,2027-01-02,19:30:00,False,False,Arts & Theatre,Theatre,Musical,False,KovZ9177xp7,Prince Edward Theatre,Old Compton Street,W1D 4HS,London,-0.13096400,51.51376300,All of United Kingdom,201,https://theatre.ticketmaster.co.uk/book/1HM82-beetlejuice/#perf=1HM82-79&date=2027-01-02&time=7.30PM
805,1AdfZbgGkD4KDQt,Beetlejuice,2027-01-02,14:30:00,False,False,Arts & Theatre,Theatre,Musical,False,KovZ9177xp7,Prince Edward Theatre,Old Compton Street,W1D 4HS,London,-0.13096400,51.51376300,All of United Kingdom,201,https://theatre.ticketmaster.co.uk/book/1HM82-beetlejuice/#perf=1HM82-78&date=2027-01-02&time=3.00PM
806,1AdfZbgGkD4mhjN,Beetlejuice,2027-01-04,19:30:00,False,False,Arts & Theatre,Theatre,Musical,False,KovZ9177xp7,Prince Edward Theatre,Old Compton Street,W1D 4HS,London,-0.13096400,51.51376300,All of United Kingdom,201,https://theatre.ticketmaster.co.uk/book/1HM82-beetlejuice/#perf=1HM82-7A&date=2027-01-04&time=7.30PM
807,1AdfZbgGkD4DhLC,Beetlejuice,2027-01-05,19:30:00,False,False,Arts & Theatre,Theatre,Musical,False,KovZ9177xp7,Prince Edward Theatre,Old Compton Street,W1D 4HS,London,-0.13096400,51.51376300,All of United Kingdom,201,https://theatre.ticketmaster.co.uk/book/1HM82-beetlejuice/#perf=1HM82-7B&date=2027-01-05&time=7.30PM
808,1AdfZbgGkDpFh-g,Beetlejuice,2027-01-06,19:30:00,False,False,Arts & Theatre,Theatre,Musical,False,KovZ9177xp7,Prince Edward Theatre,Old Compton Street,W1D 4HS,London,-0.13096400,51.51376300,All of United Kingdom,201,https://theatre.ticketmaster.co.uk/book/1HM82-beetlejuice/#perf=1HM82-7C&date=2027-01-06&time=7.30PM
809,1AdfZbgGkDp4lNc,Beetlejuice,2027-01-07,19:30:00,False,False,Arts & Theatre,Theatre,Musical,False,KovZ9177xp7,Prince Edward Theatre,Old Compton Street,W1D 4HS,London,-0.13096400,51.51376300,All of United Kingdom,201,https://theatre.ticketmaster.co.uk/book/1HM82-beetlejuice/#perf=1HM82-7D&date=2027-01-07&time=7.30PM
810,1AdfZbgGkDpRDEt,Beetlejuice,2027-01-08,19:30:00,False,False,Arts & Theatre,Theatre,Musical,False,KovZ9177xp7,Prince Edward Theatre,Old Compton Street,W1D 4HS,London,-0.13096400,51.51376300,All of United Kingdom,201,https://theatre.ticketmaster.co.uk/book/1HM82-beetlejuice/#perf=1HM82-7F&date=2027-01-08&time=7.30PM
811,1AdfZbgGkDpxDPJ,Beetlejuice,2027-01-08,14:30:00,False,False,Arts & Theatre,Theatre,Musical,False,KovZ9177xp7,Prince Edward Theatre,Old Compton Street,W1D 4HS,London,-0.13096400,51.51376300,All of United Kingdom,201,https://theatre.ticketmaster.co.uk/book/1HM82-beetlejuice/#perf=1HM82-7E&date=2027-01-08&time=3.00PM
812,1AdfZbgGkD915lX,Beetlejuice,2027-01-09,19:30:00,False,False,Arts & Theatre,Theatre,Musical,False,KovZ9177xp7,Prince Edward Theatre,Old Compton Street,W1D 4HS,London,-0.13096400,51.51376300,All of United Kingdom,201,https://theatre.ticketmaster.co.uk/book/1HM82-beetlejuice/#perf=1HM82-7H&date=2027-01-09&time=7.30PM
813,1AdfZbgGkDpW5tM,Beetlejuice,2027-01-09,14:30:00,False,False,Arts & Theatre,Theatre,Musical,False,KovZ9177xp7,Prince Edward Theatre,Old Compton Street,W1D 4HS,London,-0.13096400,51.51376300,All of United Kingdom,201,https://theatre.ticketmaster.co.uk/book/1HM82-beetlejuice/#perf=1HM82-7G&date=2027-01-09&time=3.00PM
814,1AdfZbgGkD99hm7,Beetlejuice,2027-01-11,19:30:00,False,False,Arts & Theatre,Theatre,Musical,False,KovZ9177xp7,Prince Edward Theatre,Old Compton Street,W1D 4HS,London,-0.13096400,51.51376300,All of United Kingdom,201,https://theatre.ticketmaster.co.uk/book/1HM82-beetlejuice/#perf=1HM82-7I&date=2027-01-11&time=7.30PM
815,1AdfZbgGkD90lYF,Beetlejuice,2027-01-12,19:30:00,False,False,Arts & Theatre,Theatre,Musical,False,KovZ9177xp7,Prince Edward Theatre,Old Compton Street,W1D 4HS,London,-0.13096400,51.51376300,All of United Kingdom,201,https://theatre.ticketmaster.co.uk/book/1HM82-beetlejuice/#perf=1HM82-7J&date=2027-01-12&time=7.30PM
816,1AdfZbgGkD9slwq,Beetlejuice,2027-01-13,19:30:00,False,False,Arts & Theatre,Theatre,Musical,False,KovZ9177xp7,Prince Edward Theatre,Old Compton Street,W1D 4HS,London,-0.13096400,51.51376300,All of United Kingdom,201,https://theatre.ticketmaster.co.uk/book/1HM82-beetlejuice/#perf=1HM82-7K&date=2027-01-13&time=7.30PM
817,16eGZ_7fvG7M-D1,"Shinedown: Dance, Kid, Dance Act II",2026-11-14,18:00:00,False,False,Music,Rock,Pop,False,KovZ9177WP7,bp pulse LIVE,National Exhibition Centre,B401NT,Birmingham,-1.72007300,52.45305700,All of United Kingdom,201,https://www.ticketmaster.co.uk/shinedown-dance-kid-dance-act-ii-birmingham-14-11-2026/event/2300644501DE1ECA
818,1AdfZbgGkD9XDSc,Beetlejuice,2027-01-14,19:30:00,False,False,Arts & Theatre,Theatre,Musical,False,KovZ9177xp7,Prince Edward Theatre,Old Compton Street,W1D 4HS,London,-0.13096400,51.51376300,All of United Kingdom,201,https://theatre.ticketmaster.co.uk/book/1HM82-beetlejuice/#perf=1HM82-7L&date=2027-01-14&time=7.30PM
819,1AdfZbgGkDbG5SH,Beetlejuice,2027-01-15,14:30:00,False,False,Arts & Theatre,Theatre,Musical,False,KovZ9177xp7,Prince Edward Theatre,Old Compton Street,W1D 4HS,London,-0.13096400,51.51376300,All of United Kingdom,201,https://theatre.ticketmaster.co.uk/book/1HM82-beetlejuice/#perf=1HM82-7M&date=2027-01-15&time=3.00PM
820,1AdfZbgGkDb_hV8,Beetlejuice,2027-01-15,19:30:00,False,False,Arts & Theatre,Theatre,Musical,False,KovZ9177xp7,Prince Edward Theatre,Old Compton Street,W1D 4HS,London,-0.13096400,51.51376300,All of United Kingdom,201,https://theatre.ticketmaster.co.uk/book/1HM82-beetlejuice/#perf=1HM82-7N&date=2027-01-15&time=7.30PM
821,1AdbZ_7GkslloZ0,"Shinedown: Dance, Kid, Dance Act II",2026-11-16,18:30:00,False,False,Music,Rock,Pop,False,KovZ9177Sq0,OVO Hydro,Exhibition Way,G3 8YW,Glasgow,-4.28815400,55.86087000,All of United Kingdom,201,https://www.ticketmaster.co.uk/shinedown-dance-kid-dance-act-ii-glasgow-16-11-2026/event/3600644C6BAD1024
822,1AdbZ_7GkwW4p34,"Venue Premium - Shinedown: Dance, Kid, Dance Act II",2026-11-16,18:30:00,False,False,Miscellaneous,Community/Civic,Community/Civic,False,KovZ9177Sq0,OVO Hydro,Exhibition Way,G3 8YW,Glasgow,-4.28815400,55.86087000,All of United Kingdom,201,https://www.ticketmaster.co.uk/venue-premium-shinedown-dance-kid-dance-glasgow-16-11-2026/event/3600644CBD556495
823,1AdfZ_7GknmEgIw,"Shinedown: Dance, Kid, Dance Act II",2026-11-17,18:00:00,False,False,Music,Rock,Pop,False,KovZ9177tQ7,Motorpoint Arena Nottingham,"At the National Ice Centre, Bolero Square",NG1 1LA,Nottingham,-1.13929100,52.95264900,All of United Kingdom,201,https://www.ticketmaster.co.uk/shinedown-dance-kid-dance-act-ii-nottingham-17-11-2026/event/3500644AAE9F5A32
824,1AdfZbgGkDbJlVi,Beetlejuice,2027-01-16,14:30:00,False,False,Arts & Theatre,Theatre,Musical,False,KovZ9177xp7,Prince Edward Theatre,Old Compton Street,W1D 4HS,London,-0.13096400,51.51376300,All of United Kingdom,201,https://theatre.ticketmaster.co.uk/book/1HM82-beetlejuice/#perf=1HM82-7O&date=2027-01-16&time=3.00PM
825,1AdfZbgGkDbSDVV,Beetlejuice,2027-01-16,19:30:00,False,False,Arts & Theatre,Theatre,Musical,False,KovZ9177xp7,Prince Edward Theatre,Old Compton Street,W1D 4HS,London,-0.13096400,51.51376300,All of United Kingdom,201,https://theatre.ticketmaster.co.uk/book/1HM82-beetlejuice/#perf=1HM82-7P&date=2027-01-16&time=7.30PM
826,1AMZko3GkeSeEq0,Shinedown - Venue Premium Tickets,2026-11-19,18:00:00,False,False,Music,Rock,Pop,False,KovZ9177yOV,OVO Arena Wembley,Arena Square,HA90AA,London,-0.28352700,51.55791800,All of United Kingdom,201,https://www.ticketmaster.co.uk/shinedown-venue-premium-tickets-london-19-11-2026/event/37006452B30A7764
827,1AMZkokGkeU5VkR,"Shinedown: Dance, Kid, Dance Act II",2026-11-19,18:00:00,False,False,Music,Rock,Pop,False,KovZ9177yOV,OVO Arena Wembley,Arena Square,HA90AA,London,-0.28352700,51.55791800,All of United Kingdom,201,https://www.ticketmaster.co.uk/shinedown-dance-kid-dance-act-ii-london-19-11-2026/event/37006446B62F41AF
828,G5vHZ_A3CleVh,Shinedown - Venue Premium Tickets,2026-11-20,18:00:00,False,False,Music,Rock,Pop,False,KovZ9177A4f,AO Arena,"Victoria Station, Hunts Bank",M3 1AR,Manchester,-2.24406600,53.48816400,All of United Kingdom,201,https://www.ticketmaster.co.uk/shinedown-venue-premium-tickets-manchester-20-11-2026/event/1F0064548EAC2D1B
829,G5vHZ_GmPQbXZ,"Shinedown: Dance, Kid, Dance Act II",2026-11-20,18:00:00,False,False,Music,Rock,Pop,False,KovZ9177A4f,AO Arena,"Victoria Station, Hunts Bank",M3 1AR,Manchester,-2.24406600,53.48816400,All of United Kingdom,201,https://www.ticketmaster.co.uk/shinedown-dance-kid-dance-act-ii-manchester-20-11-2026/event/1F0064CBA5698F80
830,1AdfZbgGkD_ZDgd,Beetlejuice,2027-01-18,19:30:00,False,False,Arts & Theatre,Theatre,Musical,False,KovZ9177xp7,Prince Edward Theatre,Old Compton Street,W1D 4HS,London,-0.13096400,51.51376300,All of United Kingdom,201,https://theatre.ticketmaster.co.uk/book/1HM82-beetlejuice/#perf=1HM82-7Q&date=2027-01-18&time=7.30PM
831,1AdfZbgGkD_Chgo,Beetlejuice,2027-01-19,19:30:00,False,False,Arts & Theatre,Theatre,Musical,False,KovZ9177xp7,Prince Edward Theatre,Old Compton Street,W1D 4HS,London,-0.13096400,51.51376300,All of United Kingdom,201,https://theatre.ticketmaster.co.uk/book/1HM82-beetlejuice/#perf=1HM82-7R&date=2027-01-19&time=7.30PM
832,1AdfZbgGkD_EDU7,Beetlejuice,2027-01-21,19:30:00,False,False,Arts & Theatre,Theatre,Musical,False,KovZ9177xp7,Prince Edward Theatre,Old Compton Street,W1D 4HS,London,-0.13096400,51.51376300,All of United Kingdom,201,https://theatre.ticketmaster.co.uk/book/1HM82-beetlejuice/#perf=1HM82-7T&date=2027-01-21&time=7.30PM
833,1AdfZbgGkDQe5UN,Beetlejuice,2027-01-22,19:30:00,False,False,Arts & Theatre,Theatre,Musical,False,KovZ9177xp7,Prince Edward Theatre,Old Compton Street,W1D 4HS,London,-0.13096400,51.51376300,All of United Kingdom,201,https://theatre.ticketmaster.co.uk/book/1HM82-beetlejuice/#perf=1HM82-7V&date=2027-01-22&time=7.30PM
834,1AdfZbgGkD_VDU3,Beetlejuice,2027-01-22,14:30:00,False,False,Arts & Theatre,Theatre,Musical,False,KovZ9177xp7,Prince Edward Theatre,Old Compton Street,W1D 4HS,London,-0.13096400,51.51376300,All of United Kingdom,201,https://theatre.ticketmaster.co.uk/book/1HM82-beetlejuice/#perf=1HM82-7U&date=2027-01-22&time=3.00PM
835,1AdfZbgGkDQ25UX,Beetlejuice,2027-01-23,14:30:00,False,False,Arts & Theatre,Theatre,Musical,False,KovZ9177xp7,Prince Edward Theatre,Old Compton Street,W1D 4HS,London,-0.13096400,51.51376300,All of United Kingdom,201,https://theatre.ticketmaster.co.uk/book/1HM82-beetlejuice/#perf=1HM82-7W&date=2027-01-23&time=3.00PM
836,1AdfZbgGkDQj5MG,Beetlejuice,2027-01-23,19:30:00,False,False,Arts & Theatre,Theatre,Musical,False,KovZ9177xp7,Prince Edward Theatre,Old Compton Street,W1D 4HS,London,-0.13096400,51.51376300,All of United Kingdom,201,https://theatre.ticketmaster.co.uk/book/1HM82-beetlejuice/#perf=1HM82-7X&date=2027-01-23&time=7.30PM
837,1AdjZ_aGkw0nK2m,Lucki - Venue Premium Tickets,2026-07-10,18:00:00,False,False,Music,Hip-Hop/Rap,Trap,False,KovZ9177yOV,OVO Arena Wembley,Arena Square,HA90AA,London,-0.28352700,51.55791800,All of United Kingdom,201,https://www.ticketmaster.co.uk/lucki-venue-premium-tickets-london-10-07-2026/event/3700649CA4A933EE
838,1AdfZbgGkDQthMj,Beetlejuice,2027-01-25,19:30:00,False,False,Arts & Theatre,Theatre,Musical,False,KovZ9177xp7,Prince Edward Theatre,Old Compton Street,W1D 4HS,London,-0.13096400,51.51376300,All of United Kingdom,201,https://theatre.ticketmaster.co.uk/book/1HM82-beetlejuice/#perf=1HM82-7Y&date=2027-01-25&time=7.30PM
839,1AdfZbgGkDQUhMn,Beetlejuice,2027-01-26,19:30:00,False,False,Arts & Theatre,Theatre,Musical,False,KovZ9177xp7,Prince Edward Theatre,Old Compton Street,W1D 4HS,London,-0.13096400,51.51376300,All of United Kingdom,201,https://theatre.ticketmaster.co.uk/book/1HM82-beetlejuice/#perf=1HM82-7Z&date=2027-01-26&time=7.30PM
840,1AdfZbgGkDhdlzo,Beetlejuice,2027-01-27,19:30:00,False,False,Arts & Theatre,Theatre,Musical,False,KovZ9177xp7,Prince Edward Theatre,Old Compton Street,W1D 4HS,London,-0.13096400,51.51376300,All of United Kingdom,201,https://theatre.ticketmaster.co.uk/book/1HM82-beetlejuice/#perf=1HM82-80&date=2027-01-27&time=7.30PM
841,1AdfZbgGkDh8DzY,Beetlejuice,2027-01-28,19:30:00,False,False,Arts & Theatre,Theatre,Musical,False,KovZ9177xp7,Prince Edward Theatre,Old Compton Street,W1D 4HS,London,-0.13096400,51.51376300,All of United Kingdom,201,https://theatre.ticketmaster.co.uk/book/1HM82-beetlejuice/#perf=1HM82-81&date=2027-01-28&time=7.30PM
842,1AdfZbgGkDhl5yd,Beetlejuice,2027-01-29,19:30:00,False,False,Arts & Theatre,Theatre,Musical,False,KovZ9177xp7,Prince Edward Theatre,Old Compton Street,W1D 4HS,London,-0.13096400,51.51376300,All of United Kingdom,201,https://theatre.ticketmaster.co.uk/book/1HM82-beetlejuice/#perf=1HM82-83&date=2027-01-29&time=7.30PM
843,1AdfZbgGkDhqDzy,Beetlejuice,2027-01-29,14:30:00,False,False,Arts & Theatre,Theatre,Musical,False,KovZ9177xp7,Prince Edward Theatre,Old Compton Street,W1D 4HS,London,-0.13096400,51.51376300,All of United Kingdom,201,https://theatre.ticketmaster.co.uk/book/1HM82-beetlejuice/#perf=1HM82-82&date=2027-01-29&time=3.00PM
844,1AdfZbgGkDhz5yK,Beetlejuice,2027-01-30,14:30:00,False,False,Arts & Theatre,Theatre,Musical,False,KovZ9177xp7,Prince Edward Theatre,Old Compton Street,W1D 4HS,London,-0.13096400,51.51376300,All of United Kingdom,201,https://theatre.ticketmaster.co.uk/book/1HM82-beetlejuice/#perf=1HM82-84&date=2027-01-30&time=3.00PM
845,1AdfZbgGkDjAhyi,Beetlejuice,2027-01-30,19:30:00,False,False,Arts & Theatre,Theatre,Musical,False,KovZ9177xp7,Prince Edward Theatre,Old Compton Street,W1D 4HS,London,-0.13096400,51.51376300,All of United Kingdom,201,https://theatre.ticketmaster.co.uk/book/1HM82-beetlejuice/#perf=1HM82-85&date=2027-01-30&time=7.30PM
846,1AdfZbgGkDj3hB7,Beetlejuice,2027-02-01,19:30:00,False,False,Arts & Theatre,Theatre,Musical,False,KovZ9177xp7,Prince Edward Theatre,Old Compton Street,W1D 4HS,London,-0.13096400,51.51376300,All of United Kingdom,201,https://theatre.ticketmaster.co.uk/book/1HM82-beetlejuice/#perf=1HM82-86&date=2027-02-01&time=7.30PM
847,1AdfZbgGkDjLlBf,Beetlejuice,2027-02-02,19:30:00,False,False,Arts & Theatre,Theatre,Musical,False,KovZ9177xp7,Prince Edward Theatre,Old Compton Street,W1D 4HS,London,-0.13096400,51.51376300,All of United Kingdom,201,https://theatre.ticketmaster.co.uk/book/1HM82-beetlejuice/#perf=1HM82-87&date=2027-02-02&time=7.30PM
848,1AdfZbgGkDjiDBT,Beetlejuice,2027-02-03,19:30:00,False,False,Arts & Theatre,Theatre,Musical,False,KovZ9177xp7,Prince Edward Theatre,Old Compton Street,W1D 4HS,London,-0.13096400,51.51376300,All of United Kingdom,201,https://theatre.ticketmaster.co.uk/book/1HM82-beetlejuice/#perf=1HM82-88&date=2027-02-03&time=7.30PM
849,1AdfZbgGkDjB5DK,Beetlejuice,2027-02-04,19:30:00,False,False,Arts & Theatre,Theatre,Musical,False,KovZ9177xp7,Prince Edward Theatre,Old Compton Street,W1D 4HS,London,-0.13096400,51.51376300,All of United Kingdom,201,https://theatre.ticketmaster.co.uk/book/1HM82-beetlejuice/#perf=1HM82-89&date=2027-02-04&time=7.30PM
850,1AdfZbgGkDq65DY,Beetlejuice,2027-02-05,14:30:00,False,False,Arts & Theatre,Theatre,Musical,False,KovZ9177xp7,Prince Edward Theatre,Old Compton Street,W1D 4HS,London,-0.13096400,51.51376300,All of United Kingdom,201,https://theatre.ticketmaster.co.uk/book/1HM82-beetlejuice/#perf=1HM82-8A&date=2027-02-05&time=3.00PM
851,1AdfZbgGkDqfhWk,Beetlejuice,2027-02-05,19:30:00,False,False,Arts & Theatre,Theatre,Musical,False,KovZ9177xp7,Prince Edward Theatre,Old Compton Street,W1D 4HS,London,-0.13096400,51.51376300,All of United Kingdom,201,https://theatre.ticketmaster.co.uk/book/1HM82-beetlejuice/#perf=1HM82-8B&date=2027-02-05&time=7.30PM
852,1AdfZbgGkDq-lX4,Beetlejuice,2027-02-06,14:30:00,False,False,Arts & Theatre,Theatre,Musical,False,KovZ9177xp7,Prince Edward Theatre,Old Compton Street,W1D 4HS,London,-0.13096400,51.51376300,All of United Kingdom,201,https://theatre.ticketmaster.co.uk/book/1HM82-beetlejuice/#perf=1HM82-8C&date=2027-02-06&time=3.00PM
853,1AdfZbgGkDqmDTj,Beetlejuice,2027-02-06,19:30:00,False,False,Arts & Theatre,Theatre,Musical,False,KovZ9177xp7,Prince Edward Theatre,Old Compton Street,W1D 4HS,London,-0.13096400,51.51376300,All of United Kingdom,201,https://theatre.ticketmaster.co.uk/book/1HM82-beetlejuice/#perf=1HM82-8D&date=2027-02-06&time=7.30PM
854,1AdfZbgGkDqDHZK,Beetlejuice,2027-02-08,19:30:00,False,False,Arts & Theatre,Theatre,Musical,False,KovZ9177xp7,Prince Edward Theatre,Old Compton Street,W1D 4HS,London,-0.13096400,51.51376300,All of United Kingdom,201,https://theatre.ticketmaster.co.uk/book/1HM82-beetlejuice/#perf=1HM82-8E&date=2027-02-08&time=7.30PM
855,1AdfZbgGkDraGZO,Beetlejuice,2027-02-09,19:30:00,False,False,Arts & Theatre,Theatre,Musical,False,KovZ9177xp7,Prince Edward Theatre,Old Compton Street,W1D 4HS,London,-0.13096400,51.51376300,All of United Kingdom,201,https://theatre.ticketmaster.co.uk/book/1HM82-beetlejuice/#perf=1HM82-8F&date=2027-02-09&time=7.30PM
856,1AdfZbgGkDrpGZz,Beetlejuice,2027-02-10,19:30:00,False,False,Arts & Theatre,Theatre,Musical,False,KovZ9177xp7,Prince Edward Theatre,Old Compton Street,W1D 4HS,London,-0.13096400,51.51376300,All of United Kingdom,201,https://theatre.ticketmaster.co.uk/book/1HM82-beetlejuice/#perf=1HM82-8G&date=2027-02-10&time=7.30PM
857,1AdfZbgGkDrNjvk,Beetlejuice,2027-02-11,19:30:00,False,False,Arts & Theatre,Theatre,Musical,False,KovZ9177xp7,Prince Edward Theatre,Old Compton Street,W1D 4HS,London,-0.13096400,51.51376300,All of United Kingdom,201,https://theatre.ticketmaster.co.uk/book/1HM82-beetlejuice/#perf=1HM82-8H&date=2027-02-11&time=7.30PM
858,1AdfZbgGkDrWHvt,Beetlejuice,2027-02-12,19:30:00,False,False,Arts & Theatre,Theatre,Musical,False,KovZ9177xp7,Prince Edward Theatre,Old Compton Street,W1D 4HS,London,-0.13096400,51.51376300,All of United Kingdom,201,https://theatre.ticketmaster.co.uk/book/1HM82-beetlejuice/#perf=1HM82-8J&date=2027-02-12&time=7.30PM
859,1AdfZbgGkDrYHvr,Beetlejuice,2027-02-12,14:30:00,False,False,Arts & Theatre,Theatre,Musical,False,KovZ9177xp7,Prince Edward Theatre,Old Compton Street,W1D 4HS,London,-0.13096400,51.51376300,All of United Kingdom,201,https://theatre.ticketmaster.co.uk/book/1HM82-beetlejuice/#perf=1HM82-8I&date=2027-02-12&time=3.00PM
860,1AdfZbgGkDL5Gvz,Beetlejuice,2027-02-13,14:30:00,False,False,Arts & Theatre,Theatre,Musical,False,KovZ9177xp7,Prince Edward Theatre,Old Compton Street,W1D 4HS,London,-0.13096400,51.51376300,All of United Kingdom,201,https://theatre.ticketmaster.co.uk/book/1HM82-beetlejuice/#perf=1HM82-8K&date=2027-02-13&time=3.00PM
861,1AdfZbgGkDLbGeF,Beetlejuice,2027-02-13,19:30:00,False,False,Arts & Theatre,Theatre,Musical,False,KovZ9177xp7,Prince Edward Theatre,Old Compton Street,W1D 4HS,London,-0.13096400,51.51376300,All of United Kingdom,201,https://theatre.ticketmaster.co.uk/book/1HM82-beetlejuice/#perf=1HM82-8L&date=2027-02-13&time=7.30PM
862,1AdfZbgGkDLPieq,Beetlejuice,2027-02-15,19:30:00,False,False,Arts & Theatre,Theatre,Musical,False,KovZ9177xp7,Prince Edward Theatre,Old Compton Street,W1D 4HS,London,-0.13096400,51.51376300,All of United Kingdom,201,https://theatre.ticketmaster.co.uk/book/1HM82-beetlejuice/#perf=1HM82-8M&date=2027-02-15&time=7.30PM
863,1AdfZbgGkDLwHet,Beetlejuice,2027-02-16,19:30:00,False,False,Arts & Theatre,Theatre,Musical,False,KovZ9177xp7,Prince Edward Theatre,Old Compton Street,W1D 4HS,London,-0.13096400,51.51376300,All of United Kingdom,201,https://theatre.ticketmaster.co.uk/book/1HM82-beetlejuice/#perf=1HM82-8N&date=2027-02-16&time=7.30PM
864,1AdfZbgGkDLTHdk,Beetlejuice,2027-02-17,14:30:00,False,False,Arts & Theatre,Theatre,Musical,False,KovZ9177xp7,Prince Edward Theatre,Old Compton Street,W1D 4HS,London,-0.13096400,51.51376300,All of United Kingdom,201,https://theatre.ticketmaster.co.uk/book/1HM82-beetlejuice/#perf=1HM82-8O&date=2027-02-17&time=3.00PM
865,1AdfZbgGkDOGHdL,Beetlejuice,2027-02-17,19:30:00,False,False,Arts & Theatre,Theatre,Musical,False,KovZ9177xp7,Prince Edward Theatre,Old Compton Street,W1D 4HS,London,-0.13096400,51.51376300,All of United Kingdom,201,https://theatre.ticketmaster.co.uk/book/1HM82-beetlejuice/#perf=1HM82-8P&date=2027-02-17&time=7.30PM
866,1AdfZbgGkDO_Hds,Beetlejuice,2027-02-18,19:30:00,False,False,Arts & Theatre,Theatre,Musical,False,KovZ9177xp7,Prince Edward Theatre,Old Compton Street,W1D 4HS,London,-0.13096400,51.51376300,All of United Kingdom,201,https://theatre.ticketmaster.co.uk/book/1HM82-beetlejuice/#perf=1HM82-8Q&date=2027-02-18&time=7.30PM
867,1AdfZbgGkDOEG7a,Beetlejuice,2027-02-19,14:30:00,False,False,Arts & Theatre,Theatre,Musical,False,KovZ9177xp7,Prince Edward Theatre,Old Compton Street,W1D 4HS,London,-0.13096400,51.51376300,All of United Kingdom,201,https://theatre.ticketmaster.co.uk/book/1HM82-beetlejuice/#perf=1HM82-8R&date=2027-02-19&time=3.00PM
868,1AdfZbgGkDOVj7Q,Beetlejuice,2027-02-19,19:30:00,False,False,Arts & Theatre,Theatre,Musical,False,KovZ9177xp7,Prince Edward Theatre,Old Compton Street,W1D 4HS,London,-0.13096400,51.51376300,All of United Kingdom,201,https://theatre.ticketmaster.co.uk/book/1HM82-beetlejuice/#perf=1HM82-8S&date=2027-02-19&time=7.30PM
869,1AdfZbgGkD-Ci7D,Beetlejuice,2027-02-20,19:30:00,False,False,Arts & Theatre,Theatre,Musical,False,KovZ9177xp7,Prince Edward Theatre,Old Compton Street,W1D 4HS,London,-0.13096400,51.51376300,All of United Kingdom,201,https://theatre.ticketmaster.co.uk/book/1HM82-beetlejuice/#perf=1HM82-8U&date=2027-02-20&time=7.30PM
870,1AdfZbgGkD-vj7c,Beetlejuice,2027-02-20,14:30:00,False,False,Arts & Theatre,Theatre,Musical,False,KovZ9177xp7,Prince Edward Theatre,Old Compton Street,W1D 4HS,London,-0.13096400,51.51376300,All of United Kingdom,201,https://theatre.ticketmaster.co.uk/book/1HM82-beetlejuice/#perf=1HM82-8T&date=2027-02-20&time=3.00PM
871,1AdfZbgGkD-jGA1,Beetlejuice,2027-02-22,19:30:00,False,False,Arts & Theatre,Theatre,Musical,False,KovZ9177xp7,Prince Edward Theatre,Old Compton Street,W1D 4HS,London,-0.13096400,51.51376300,All of United Kingdom,201,https://theatre.ticketmaster.co.uk/book/1HM82-beetlejuice/#perf=1HM82-8V&date=2027-02-22&time=7.30PM
872,1AdfZbgGkD-tjAt,Beetlejuice,2027-02-23,19:30:00,False,False,Arts & Theatre,Theatre,Musical,False,KovZ9177xp7,Prince Edward Theatre,Old Compton Street,W1D 4HS,London,-0.13096400,51.51376300,All of United Kingdom,201,https://theatre.ticketmaster.co.uk/book/1HM82-beetlejuice/#perf=1HM82-8W&date=2027-02-23&time=7.30PM
873,1AdfZbgGkD-Uik7,Beetlejuice,2027-02-24,19:30:00,False,False,Arts & Theatre,Theatre,Musical,False,KovZ9177xp7,Prince Edward Theatre,Old Compton Street,W1D 4HS,London,-0.13096400,51.51376300,All of United Kingdom,201,https://theatre.ticketmaster.co.uk/book/1HM82-beetlejuice/#perf=1HM82-8X&date=2027-02-24&time=7.30PM
874,1AdfZbgGkDxdikO,Beetlejuice,2027-02-25,19:30:00,False,False,Arts & Theatre,Theatre,Musical,False,KovZ9177xp7,Prince Edward Theatre,Old Compton Street,W1D 4HS,London,-0.13096400,51.51376300,All of United Kingdom,201,https://theatre.ticketmaster.co.uk/book/1HM82-beetlejuice/#perf=1HM82-8Y&date=2027-02-25&time=7.30PM
875,1AdfZbgGkDx8H6d,Beetlejuice,2027-02-26,14:30:00,False,False,Arts & Theatre,Theatre,Musical,False,KovZ9177xp7,Prince Edward Theatre,Old Compton Street,W1D 4HS,London,-0.13096400,51.51376300,All of United Kingdom,201,https://theatre.ticketmaster.co.uk/book/1HM82-beetlejuice/#perf=1HM82-8Z&date=2027-02-26&time=3.00PM
876,1AdfZbgGkDxqH6s,Beetlejuice,2027-02-26,19:30:00,False,False,Arts & Theatre,Theatre,Musical,False,KovZ9177xp7,Prince Edward Theatre,Old Compton Street,W1D 4HS,London,-0.13096400,51.51376300,All of United Kingdom,201,https://theatre.ticketmaster.co.uk/book/1HM82-beetlejuice/#perf=1HM82-90&date=2027-02-26&time=7.30PM
877,1AdfZbgGkDxlGF2,Beetlejuice,2027-02-27,14:30:00,False,False,Arts & Theatre,Theatre,Musical,False,KovZ9177xp7,Prince Edward Theatre,Old Compton Street,W1D 4HS,London,-0.13096400,51.51376300,All of United Kingdom,201,https://theatre.ticketmaster.co.uk/book/1HM82-beetlejuice/#perf=1HM82-91&date=2027-02-27&time=3.00PM
878,1AdfZbgGkDxzGFW,Beetlejuice,2027-02-27,19:30:00,False,False,Arts & Theatre,Theatre,Musical,False,KovZ9177xp7,Prince Edward Theatre,Old Compton Street,W1D 4HS,London,-0.13096400,51.51376300,All of United Kingdom,201,https://theatre.ticketmaster.co.uk/book/1HM82-beetlejuice/#perf=1HM82-92&date=2027-02-27&time=7.30PM
879,1AdfZbgGkDNAjaR,Beetlejuice,2027-03-01,19:30:00,False,False,Arts & Theatre,Theatre,Musical,False,KovZ9177xp7,Prince Edward Theatre,Old Compton Street,W1D 4HS,London,-0.13096400,51.51376300,All of United Kingdom,201,https://theatre.ticketmaster.co.uk/book/1HM82-beetlejuice/#perf=1HM82-93&date=2027-03-01&time=7.30PM
880,1AdfZbgGkDN3i19,Beetlejuice,2027-03-02,19:30:00,False,False,Arts & Theatre,Theatre,Musical,False,KovZ9177xp7,Prince Edward Theatre,Old Compton Street,W1D 4HS,London,-0.13096400,51.51376300,All of United Kingdom,201,https://theatre.ticketmaster.co.uk/book/1HM82-beetlejuice/#perf=1HM82-94&date=2027-03-02&time=7.30PM
881,1AdfZbgGkDNLH1Y,Beetlejuice,2027-03-03,19:30:00,False,False,Arts & Theatre,Theatre,Musical,False,KovZ9177xp7,Prince Edward Theatre,Old Compton Street,W1D 4HS,London,-0.13096400,51.51376300,All of United Kingdom,201,https://theatre.ticketmaster.co.uk/book/1HM82-beetlejuice/#perf=1HM82-95&date=2027-03-03&time=7.30PM
882,1AdfZbgGkDNcG51,Beetlejuice,2027-03-04,19:30:00,False,False,Arts & Theatre,Theatre,Musical,False,KovZ9177xp7,Prince Edward Theatre,Old Compton Street,W1D 4HS,London,-0.13096400,51.51376300,All of United Kingdom,201,https://theatre.ticketmaster.co.uk/book/1HM82-beetlejuice/#perf=1HM82-96&date=2027-03-04&time=7.30PM
883,1AdfZbgGkD06i5Y,Beetlejuice,2027-03-05,19:30:00,False,False,Arts & Theatre,Theatre,Musical,False,KovZ9177xp7,Prince Edward Theatre,Old Compton Street,W1D 4HS,London,-0.13096400,51.51376300,All of United Kingdom,201,https://theatre.ticketmaster.co.uk/book/1HM82-beetlejuice/#perf=1HM82-98&date=2027-03-05&time=7.30PM
884,1AdfZbgGkDNBG5_,Beetlejuice,2027-03-05,14:30:00,False,False,Arts & Theatre,Theatre,Musical,False,KovZ9177xp7,Prince Edward Theatre,Old Compton Street,W1D 4HS,London,-0.13096400,51.51376300,All of United Kingdom,201,https://theatre.ticketmaster.co.uk/book/1HM82-beetlejuice/#perf=1HM82-97&date=2027-03-05&time=3.00PM
885,1AdfZbgGkD0-HG_,Beetlejuice,2027-03-06,19:30:00,False,False,Arts & Theatre,Theatre,Musical,False,KovZ9177xp7,Prince Edward Theatre,Old Compton Street,W1D 4HS,London,-0.13096400,51.51376300,All of United Kingdom,201,https://theatre.ticketmaster.co.uk/book/1HM82-beetlejuice/#perf=1HM82-9A&date=2027-03-06&time=7.30PM
886,1AdfZbgGkD0fiGZ,Beetlejuice,2027-03-06,14:30:00,False,False,Arts & Theatre,Theatre,Musical,False,KovZ9177xp7,Prince Edward Theatre,Old Compton Street,W1D 4HS,London,-0.13096400,51.51376300,All of United Kingdom,201,https://theatre.ticketmaster.co.uk/book/1HM82-beetlejuice/#perf=1HM82-99&date=2027-03-06&time=3.00PM
887,1AdfZbgGkD0RGue,Beetlejuice,2027-03-08,19:30:00,False,False,Arts & Theatre,Theatre,Musical,False,KovZ9177xp7,Prince Edward Theatre,Old Compton Street,W1D 4HS,London,-0.13096400,51.51376300,All of United Kingdom,201,https://theatre.ticketmaster.co.uk/book/1HM82-beetlejuice/#perf=1HM82-9B&date=2027-03-08&time=7.30PM
888,1AdfZbgGkD0Hju-,Beetlejuice,2027-03-09,19:30:00,False,False,Arts & Theatre,Theatre,Musical,False,KovZ9177xp7,Prince Edward Theatre,Old Compton Street,W1D 4HS,London,-0.13096400,51.51376300,All of United Kingdom,201,https://theatre.ticketmaster.co.uk/book/1HM82-beetlejuice/#perf=1HM82-9C&date=2027-03-09&time=7.30PM
889,1AdfZbgGkDPaHuw,Beetlejuice,2027-03-10,19:30:00,False,False,Arts & Theatre,Theatre,Musical,False,KovZ9177xp7,Prince Edward Theatre,Old Compton Street,W1D 4HS,London,-0.13096400,51.51376300,All of United Kingdom,201,https://theatre.ticketmaster.co.uk/book/1HM82-beetlejuice/#perf=1HM82-9D&date=2027-03-10&time=7.30PM
890,1AdfZbgGkDPpHCZ,Beetlejuice,2027-03-11,19:30:00,False,False,Arts & Theatre,Theatre,Musical,False,KovZ9177xp7,Prince Edward Theatre,Old Compton Street,W1D 4HS,London,-0.13096400,51.51376300,All of United Kingdom,201,https://theatre.ticketmaster.co.uk/book/1HM82-beetlejuice/#perf=1HM82-9E&date=2027-03-11&time=7.30PM
891,1AdfZbgGkDP0GC6,Beetlejuice,2027-03-12,14:30:00,False,False,Arts & Theatre,Theatre,Musical,False,KovZ9177xp7,Prince Edward Theatre,Old Compton Street,W1D 4HS,London,-0.13096400,51.51376300,All of United Kingdom,201,https://theatre.ticketmaster.co.uk/book/1HM82-beetlejuice/#perf=1HM82-9F&date=2027-03-12&time=3.00PM
892,1AdfZbgGkDPsGCn,Beetlejuice,2027-03-12,19:30:00,False,False,Arts & Theatre,Theatre,Musical,False,KovZ9177xp7,Prince Edward Theatre,Old Compton Street,W1D 4HS,London,-0.13096400,51.51376300,All of United Kingdom,201,https://theatre.ticketmaster.co.uk/book/1HM82-beetlejuice/#perf=1HM82-9G&date=2027-03-12&time=7.30PM
893,1AdfZbgGkDJ5j2o,Beetlejuice,2027-03-13,19:30:00,False,False,Arts & Theatre,Theatre,Musical,False,KovZ9177xp7,Prince Edward Theatre,Old Compton Street,W1D 4HS,London,-0.13096400,51.51376300,All of United Kingdom,201,https://theatre.ticketmaster.co.uk/book/1HM82-beetlejuice/#perf=1HM82-9I&date=2027-03-13&time=7.30PM
894,1AdfZbgGkDPXjCy,Beetlejuice,2027-03-13,14:30:00,False,False,Arts & Theatre,Theatre,Musical,False,KovZ9177xp7,Prince Edward Theatre,Old Compton Street,W1D 4HS,London,-0.13096400,51.51376300,All of United Kingdom,201,https://theatre.ticketmaster.co.uk/book/1HM82-beetlejuice/#perf=1HM82-9H&date=2027-03-13&time=3.00PM
895,1AdfZbgGkDJbi2x,Beetlejuice,2027-03-15,19:30:00,False,False,Arts & Theatre,Theatre,Musical,False,KovZ9177xp7,Prince Edward Theatre,Old Compton Street,W1D 4HS,London,-0.13096400,51.51376300,All of United Kingdom,201,https://theatre.ticketmaster.co.uk/book/1HM82-beetlejuice/#perf=1HM82-9J&date=2027-03-15&time=7.30PM
896,1AdfZbgGkDJPH2Y,Beetlejuice,2027-03-16,19:30:00,False,False,Arts & Theatre,Theatre,Musical,False,KovZ9177xp7,Prince Edward Theatre,Old Compton Street,W1D 4HS,London,-0.13096400,51.51376300,All of United Kingdom,201,https://theatre.ticketmaster.co.uk/book/1HM82-beetlejuice/#perf=1HM82-9K&date=2027-03-16&time=7.30PM
897,1AdfZbgGkDJSG8G,Beetlejuice,2027-03-17,19:30:00,False,False,Arts & Theatre,Theatre,Musical,False,KovZ9177xp7,Prince Edward Theatre,Old Compton Street,W1D 4HS,London,-0.13096400,51.51376300,All of United Kingdom,201,https://theatre.ticketmaster.co.uk/book/1HM82-beetlejuice/#perf=1HM82-9L&date=2027-03-17&time=7.30PM
898,1AdfZbgGkDEZG8I,Beetlejuice,2027-03-18,19:30:00,False,False,Arts & Theatre,Theatre,Musical,False,KovZ9177xp7,Prince Edward Theatre,Old Compton Street,W1D 4HS,London,-0.13096400,51.51376300,All of United Kingdom,201,https://theatre.ticketmaster.co.uk/book/1HM82-beetlejuice/#perf=1HM82-9M&date=2027-03-18&time=7.30PM
899,1AdfZbgGkDEQHoD,Beetlejuice,2027-03-19,19:30:00,False,False,Arts & Theatre,Theatre,Musical,False,KovZ9177xp7,Prince Edward Theatre,Old Compton Street,W1D 4HS,London,-0.13096400,51.51376300,All of United Kingdom,201,https://theatre.ticketmaster.co.uk/book/1HM82-beetlejuice/#perf=1HM82-9O&date=2027-03-19&time=7.30PM
900,1AdfZbgGkDEuioq,Beetlejuice,2027-03-19,14:30:00,False,False,Arts & Theatre,Theatre,Musical,False,KovZ9177xp7,Prince Edward Theatre,Old Compton Street,W1D 4HS,London,-0.13096400,51.51376300,All of United Kingdom,201,https://theatre.ticketmaster.co.uk/book/1HM82-beetlejuice/#perf=1HM82-9N&date=2027-03-19&time=3.00PM
901,1AdfZbgGkDEEH3Q,Beetlejuice,2027-03-20,14:30:00,False,False,Arts & Theatre,Theatre,Musical,False,KovZ9177xp7,Prince Edward Theatre,Old Compton Street,W1D 4HS,London,-0.13096400,51.51376300,All of United Kingdom,201,https://theatre.ticketmaster.co.uk/book/1HM82-beetlejuice/#perf=1HM82-9P&date=2027-03-20&time=3.00PM
902,1AdfZbgGkDEgG3m,Beetlejuice,2027-03-20,19:30:00,False,False,Arts & Theatre,Theatre,Musical,False,KovZ9177xp7,Prince Edward Theatre,Old Compton Street,W1D 4HS,London,-0.13096400,51.51376300,All of United Kingdom,201,https://theatre.ticketmaster.co.uk/book/1HM82-beetlejuice/#perf=1HM82-9Q&date=2027-03-20&time=7.30PM
903,1AdfZbgGkDIeGKF,Beetlejuice,2027-03-22,19:30:00,False,False,Arts & Theatre,Theatre,Musical,False,KovZ9177xp7,Prince Edward Theatre,Old Compton Street,W1D 4HS,London,-0.13096400,51.51376300,All of United Kingdom,201,https://theatre.ticketmaster.co.uk/book/1HM82-beetlejuice/#perf=1HM82-9R&date=2027-03-22&time=7.30PM
904,1AdfZbgGkDI2jK0,Beetlejuice,2027-03-23,19:30:00,False,False,Arts & Theatre,Theatre,Musical,False,KovZ9177xp7,Prince Edward Theatre,Old Compton Street,W1D 4HS,London,-0.13096400,51.51376300,All of United Kingdom,201,https://theatre.ticketmaster.co.uk/book/1HM82-beetlejuice/#perf=1HM82-9S&date=2027-03-23&time=7.30PM
905,1AdfZbgGkDIjHKB,Beetlejuice,2027-03-24,19:30:00,False,False,Arts & Theatre,Theatre,Musical,False,KovZ9177xp7,Prince Edward Theatre,Old Compton Street,W1D 4HS,London,-0.13096400,51.51376300,All of United Kingdom,201,https://theatre.ticketmaster.co.uk/book/1HM82-beetlejuice/#perf=1HM82-9T&date=2027-03-24&time=7.30PM
906,1AdfZbgGkDInGf4,Beetlejuice,2027-03-25,19:30:00,False,False,Arts & Theatre,Theatre,Musical,False,KovZ9177xp7,Prince Edward Theatre,Old Compton Street,W1D 4HS,London,-0.13096400,51.51376300,All of United Kingdom,201,https://theatre.ticketmaster.co.uk/book/1HM82-beetlejuice/#perf=1HM82-9U&date=2027-03-25&time=7.30PM
907,1AdfZbgGkDIMjft,Beetlejuice,2027-03-26,14:30:00,False,False,Arts & Theatre,Theatre,Musical,False,KovZ9177xp7,Prince Edward Theatre,Old Compton Street,W1D 4HS,London,-0.13096400,51.51376300,All of United Kingdom,201,https://theatre.ticketmaster.co.uk/book/1HM82-beetlejuice/#perf=1HM82-9V&date=2027-03-26&time=3.00PM
908,1AdfZbgGkDt7i45,Beetlejuice,2027-03-26,19:30:00,False,False,Arts & Theatre,Theatre,Musical,False,KovZ9177xp7,Prince Edward Theatre,Old Compton Street,W1D 4HS,London,-0.13096400,51.51376300,All of United Kingdom,201,https://theatre.ticketmaster.co.uk/book/1HM82-beetlejuice/#perf=1HM82-9W&date=2027-03-26&time=7.30PM
909,1AdfZbgGkDtrG4M,Beetlejuice,2027-03-27,19:30:00,False,False,Arts & Theatre,Theatre,Musical,False,KovZ9177xp7,Prince Edward Theatre,Old Compton Street,W1D 4HS,London,-0.13096400,51.51376300,All of United Kingdom,201,https://theatre.ticketmaster.co.uk/book/1HM82-beetlejuice/#perf=1HM82-9Y&date=2027-03-27&time=7.30PM
910,1AdfZbgGkDtlGp4,Beetlejuice,2027-03-29,19:30:00,False,False,Arts & Theatre,Theatre,Musical,False,KovZ9177xp7,Prince Edward Theatre,Old Compton Street,W1D 4HS,London,-0.13096400,51.51376300,All of United Kingdom,201,https://theatre.ticketmaster.co.uk/book/1HM82-beetlejuice/#perf=1HM82-9Z&date=2027-03-29&time=7.30PM
911,1AdfZbgGkDtzjpE,Beetlejuice,2027-03-30,19:30:00,False,False,Arts & Theatre,Theatre,Musical,False,KovZ9177xp7,Prince Edward Theatre,Old Compton Street,W1D 4HS,London,-0.13096400,51.51376300,All of United Kingdom,201,https://theatre.ticketmaster.co.uk/book/1HM82-beetlejuice/#perf=1HM82-100&date=2027-03-30&time=7.30PM
912,1AdfZbgGkDnAjpH,Beetlejuice,2027-03-31,19:30:00,False,False,Arts & Theatre,Theatre,Musical,False,KovZ9177xp7,Prince Edward Theatre,Old Compton Street,W1D 4HS,London,-0.13096400,51.51376300,All of United Kingdom,201,https://theatre.ticketmaster.co.uk/book/1HM82-beetlejuice/#perf=1HM82-101&date=2027-03-31&time=7.30PM
913,1AdfZbgGkDn3i91,Beetlejuice,2027-04-01,19:30:00,False,False,Arts & Theatre,Theatre,Musical,False,KovZ9177xp7,Prince Edward Theatre,Old Compton Street,W1D 4HS,London,-0.13096400,51.51376300,All of United Kingdom,201,https://theatre.ticketmaster.co.uk/book/1HM82-beetlejuice/#perf=1HM82-102&date=2027-04-01&time=7.30PM
914,1AdfZbgGkDnLi9c,Beetlejuice,2027-04-02,14:30:00,False,False,Arts & Theatre,Theatre,Musical,False,KovZ9177xp7,Prince Edward Theatre,Old Compton Street,W1D 4HS,London,-0.13096400,51.51376300,All of United Kingdom,201,https://theatre.ticketmaster.co.uk/book/1HM82-beetlejuice/#perf=1HM82-103&date=2027-04-02&time=3.00PM
915,1AdfZbgGkDniHbP,Beetlejuice,2027-04-02,19:30:00,False,False,Arts & Theatre,Theatre,Musical,False,KovZ9177xp7,Prince Edward Theatre,Old Compton Street,W1D 4HS,London,-0.13096400,51.51376300,All of United Kingdom,201,https://theatre.ticketmaster.co.uk/book/1HM82-beetlejuice/#perf=1HM82-104&date=2027-04-02&time=7.30PM
916,1AdfZbgGkDl6H_r,Beetlejuice,2027-04-03,19:30:00,False,False,Arts & Theatre,Theatre,Musical,False,KovZ9177xp7,Prince Edward Theatre,Old Compton Street,W1D 4HS,London,-0.13096400,51.51376300,All of United Kingdom,201,https://theatre.ticketmaster.co.uk/book/1HM82-beetlejuice/#perf=1HM82-106&date=2027-04-03&time=7.30PM
917,1AdfZbgGkDnBj_C,Beetlejuice,2027-04-03,14:30:00,False,False,Arts & Theatre,Theatre,Musical,False,KovZ9177xp7,Prince Edward Theatre,Old Compton Street,W1D 4HS,London,-0.13096400,51.51376300,All of United Kingdom,201,https://theatre.ticketmaster.co.uk/book/1HM82-beetlejuice/#perf=1HM82-105&date=2027-04-03&time=3.00PM
918,1AdfZbgGkDl4G_T,Beetlejuice,2027-04-05,19:30:00,False,False,Arts & Theatre,Theatre,Musical,False,KovZ9177xp7,Prince Edward Theatre,Old Compton Street,W1D 4HS,London,-0.13096400,51.51376300,All of United Kingdom,201,https://theatre.ticketmaster.co.uk/book/1HM82-beetlejuice/#perf=1HM82-107&date=2027-04-05&time=7.30PM
919,1AdfZbgGkDlxiQ9,Beetlejuice,2027-04-06,19:30:00,False,False,Arts & Theatre,Theatre,Musical,False,KovZ9177xp7,Prince Edward Theatre,Old Compton Street,W1D 4HS,London,-0.13096400,51.51376300,All of United Kingdom,201,https://theatre.ticketmaster.co.uk/book/1HM82-beetlejuice/#perf=1HM82-108&date=2027-04-06&time=7.30PM
920,1AdfZbgGkDlRHQD,Beetlejuice,2027-04-07,19:30:00,False,False,Arts & Theatre,Theatre,Musical,False,KovZ9177xp7,Prince Edward Theatre,Old Compton Street,W1D 4HS,London,-0.13096400,51.51376300,All of United Kingdom,201,https://theatre.ticketmaster.co.uk/book/1HM82-beetlejuice/#perf=1HM82-109&date=2027-04-07&time=7.30PM
921,1AdfZbgGkDlWjh8,Beetlejuice,2027-04-08,19:30:00,False,False,Arts & Theatre,Theatre,Musical,False,KovZ9177xp7,Prince Edward Theatre,Old Compton Street,W1D 4HS,London,-0.13096400,51.51376300,All of United Kingdom,201,https://theatre.ticketmaster.co.uk/book/1HM82-beetlejuice/#perf=1HM82-10A&date=2027-04-08&time=7.30PM
922,1AdfZbgGkDi5iht,Beetlejuice,2027-04-09,14:30:00,False,False,Arts & Theatre,Theatre,Musical,False,KovZ9177xp7,Prince Edward Theatre,Old Compton Street,W1D 4HS,London,-0.13096400,51.51376300,All of United Kingdom,201,https://theatre.ticketmaster.co.uk/book/1HM82-beetlejuice/#perf=1HM82-10B&date=2027-04-09&time=3.00PM
923,1AdfZbgGkDi_jj5,Beetlejuice,2027-04-09,19:30:00,False,False,Arts & Theatre,Theatre,Musical,False,KovZ9177xp7,Prince Edward Theatre,Old Compton Street,W1D 4HS,London,-0.13096400,51.51376300,All of United Kingdom,201,https://theatre.ticketmaster.co.uk/book/1HM82-beetlejuice/#perf=1HM82-10C&date=2027-04-09&time=7.30PM
924,1AdfZbgGkDiJHjO,Beetlejuice,2027-04-10,14:30:00,False,False,Arts & Theatre,Theatre,Musical,False,KovZ9177xp7,Prince Edward Theatre,Old Compton Street,W1D 4HS,London,-0.13096400,51.51376300,All of United Kingdom,201,https://theatre.ticketmaster.co.uk/book/1HM82-beetlejuice/#perf=1HM82-10D&date=2027-04-10&time=3.00PM
925,1AdfZbgGkDiVijg,Beetlejuice,2027-04-10,19:30:00,False,False,Arts & Theatre,Theatre,Musical,False,KovZ9177xp7,Prince Edward Theatre,Old Compton Street,W1D 4HS,London,-0.13096400,51.51376300,All of United Kingdom,201,https://theatre.ticketmaster.co.uk/book/1HM82-beetlejuice/#perf=1HM82-10E&date=2027-04-10&time=7.30PM
926,1AdfZbgGkDcejjT,Beetlejuice,2027-04-12,19:30:00,False,False,Arts & Theatre,Theatre,Musical,False,KovZ9177xp7,Prince Edward Theatre,Old Compton Street,W1D 4HS,London,-0.13096400,51.51376300,All of United Kingdom,201,https://theatre.ticketmaster.co.uk/book/1HM82-beetlejuice/#perf=1HM82-10F&date=2027-04-12&time=7.30PM
927,1AdfZbgGkDc2Hq9,Beetlejuice,2027-04-13,19:30:00,False,False,Arts & Theatre,Theatre,Musical,False,KovZ9177xp7,Prince Edward Theatre,Old Compton Street,W1D 4HS,London,-0.13096400,51.51376300,All of United Kingdom,201,https://theatre.ticketmaster.co.uk/book/1HM82-beetlejuice/#perf=1HM82-10G&date=2027-04-13&time=7.30PM
928,1AdfZbgGkDcqiqc,Beetlejuice,2027-04-14,19:30:00,False,False,Arts & Theatre,Theatre,Musical,False,KovZ9177xp7,Prince Edward Theatre,Old Compton Street,W1D 4HS,London,-0.13096400,51.51376300,All of United Kingdom,201,https://theatre.ticketmaster.co.uk/book/1HM82-beetlejuice/#perf=1HM82-10H&date=2027-04-14&time=7.30PM
929,1AdfZbgGkDcnHqB,Beetlejuice,2027-04-15,19:30:00,False,False,Arts & Theatre,Theatre,Musical,False,KovZ9177xp7,Prince Edward Theatre,Old Compton Street,W1D 4HS,London,-0.13096400,51.51376300,All of United Kingdom,201,https://theatre.ticketmaster.co.uk/book/1HM82-beetlejuice/#perf=1HM82-10I&date=2027-04-15&time=7.30PM
930,1AdfZbgGkDczjra,Beetlejuice,2027-04-16,14:30:00,False,False,Arts & Theatre,Theatre,Musical,False,KovZ9177xp7,Prince Edward Theatre,Old Compton Street,W1D 4HS,London,-0.13096400,51.51376300,All of United Kingdom,201,https://theatre.ticketmaster.co.uk/book/1HM82-beetlejuice/#perf=1HM82-10J&date=2027-04-16&time=3.00PM
931,1AdfZbgGkDmAir_,Beetlejuice,2027-04-16,19:30:00,False,False,Arts & Theatre,Theatre,Musical,False,KovZ9177xp7,Prince Edward Theatre,Old Compton Street,W1D 4HS,London,-0.13096400,51.51376300,All of United Kingdom,201,https://theatre.ticketmaster.co.uk/book/1HM82-beetlejuice/#perf=1HM82-10K&date=2027-04-16&time=7.30PM
932,1AdfZbgGkDmKGrx,Beetlejuice,2027-04-17,14:30:00,False,False,Arts & Theatre,Theatre,Musical,False,KovZ9177xp7,Prince Edward Theatre,Old Compton Street,W1D 4HS,London,-0.13096400,51.51376300,All of United Kingdom,201,https://theatre.ticketmaster.co.uk/book/1HM82-beetlejuice/#perf=1HM82-10L&date=2027-04-17&time=3.00PM
933,1AdfZbgGkDmOirg,Beetlejuice,2027-04-17,19:30:00,False,False,Arts & Theatre,Theatre,Musical,False,KovZ9177xp7,Prince Edward Theatre,Old Compton Street,W1D 4HS,London,-0.13096400,51.51376300,All of United Kingdom,201,https://theatre.ticketmaster.co.uk/book/1HM82-beetlejuice/#perf=1HM82-10M&date=2027-04-17&time=7.30PM
934,G5dzZ_F1Bufj1,Primus,2026-08-17,19:00:00,False,False,Music,Rock,Alternative Rock,False,KovZ9177A50,O2 Victoria Warehouse Manchester,Trafford Wharf Road,M17 1AB,Manchester,-2.28530540,53.46437070,All of United Kingdom,201,https://www.ticketmaster.co.uk/primus-manchester-17-08-2026/event/3E006482BA35470A
935,G5dzZ_k3iBVOd,PRIMUS,2026-08-19,19:00:00,False,False,Music,Rock,Alternative Rock,False,KovZ91777af,O2 Academy Brixton,211 Stockwell Road,SW9 9SL,London,-0.11517600,51.46535500,All of United Kingdom,201,https://www.ticketmaster.co.uk/primus-london-19-08-2026/event/3E006464ACEB4803
936,17u8vxG6udEZ6V6,System Of A Down,2026-07-13,17:00:00,False,False,Music,Metal,Nu-Metal,False,KovZ9177OxV,Tottenham Hotspur Stadium,782 High Rd,N17 0BX,London,-0.06787000,51.60081900,All of United Kingdom,201,https://www.ticketmaster.co.uk/system-of-a-down-london-13-07-2026/event/350062D0E7007D07
937,1AdfZbwGkTiPesV,System Of A Down,2026-07-15,17:00:00,False,False,Music,Metal,Nu-Metal,False,KovZ9177OxV,Tottenham Hotspur Stadium,782 High Rd,N17 0BX,London,-0.06787000,51.60081900,All of United Kingdom,201,https://www.ticketmaster.co.uk/system-of-a-down-london-15-07-2026/event/3500632FEC942C74
938,1kuOv0o9GAuQxki,The Black Keys,2026-08-31,19:00:00,False,False,Music,Rock,Alternative Rock,False,KovZpZAtadaA,Eventim Apollo,45 Queen Caroline Street,W6 9QH,London,-0.22442300,51.49069300,All of United Kingdom,201,https://www.ticketmaster.co.uk/the-black-keys-london-31-08-2026/event/360064457D6A21AC
939,G5dzZ_73D8VT9,The Black Keys,2026-09-01,19:00:00,False,False,Music,Rock,Alternative Rock,False,KovZ91777af,O2 Academy Brixton,211 Stockwell Road,SW9 9SL,London,-0.11517600,51.46535500,All of United Kingdom,201,https://www.ticketmaster.co.uk/the-black-keys-london-01-09-2026/event/3E006444BB434FD7
940,17uYv0G61k0xpwJ,The Black Keys,2026-09-02,19:00:00,False,False,Music,Rock,Alternative Rock,False,KovZ9177HFf,British Airways ARC,British Airways ARC,W148FJ,London,-0.21060857,51.49641301,All of United Kingdom,201,https://www.ticketmaster.co.uk/the-black-keys-london-02-09-2026/event/370064A1A4896CA6
941,1kuYvNOtGA2dQFP,"Palace Bowl Presents Lenny Kravitz with Leon Thomas, Joss Stone + more",2026-08-15,14:00:00,False,False,Music,Rock,Pop,False,KovZ9177tzf,Crystal Palace Bowl,Terrace Straight,SE19 2GA,London,-0.06738600,51.42091700,All of United Kingdom,201,https://www.ticketmaster.co.uk/palace-bowl-presents-lenny-kravitz-with-london-15-08-2026/event/370063829F0DA225
942,G5vHZ_uDTWlmU,Sam Smith,2026-09-03,19:00:00,False,False,Music,Pop,Electro Pop,False,KovZ91775qf,Albert Hall,Peter Street,M2 5QR,Manchester,-2.24889100,53.47840200,All of United Kingdom,201,https://www.ticketmaster.co.uk/sam-smith-manchester-03-09-2026/event/1F0064DEFFF6BBB6
943,G5vHZ_uDTWDR7,Sam Smith,2026-09-04,19:00:00,False,False,Music,Pop,Electro Pop,False,KovZ91775qf,Albert Hall,Peter Street,M2 5QR,Manchester,-2.24889100,53.47840200,All of United Kingdom,201,https://www.ticketmaster.co.uk/sam-smith-manchester-04-09-2026/event/1F0064DEFFF7BBC4
944,17uYv0G6Ck2wp6d,Sam Smith,2026-09-08,19:00:00,False,False,Music,Pop,Electro Pop,False,KovZ9177gIV,London Coliseum,ST Martins Lane,WC2N 4ES,London,-0.12630800,51.50992100,All of United Kingdom,201,https://www.ticketmaster.co.uk/sam-smith-london-08-09-2026/event/370064E18FC961C3
945,17uYv0G6Ck0nyeC,Sam Smith,2026-09-09,19:00:00,False,False,Music,Pop,Electro Pop,False,KovZ9177gIV,London Coliseum,ST Martins Lane,WC2N 4ES,London,-0.12630800,51.50992100,All of United Kingdom,201,https://www.ticketmaster.co.uk/sam-smith-london-09-09-2026/event/370064E1A4AB908E
946,17uYv0G6C6dHHYk,Sam Smith,2026-09-11,19:00:00,False,False,Music,Pop,Electro Pop,False,KovZ9177gIV,London Coliseum,ST Martins Lane,WC2N 4ES,London,-0.12630800,51.50992100,All of United Kingdom,201,https://www.ticketmaster.co.uk/sam-smith-london-11-09-2026/event/370064E1C3F3CC06
947,17uYv0G6C6dWGYF,Sam Smith,2026-09-12,19:00:00,False,False,Music,Pop,Electro Pop,False,KovZ9177gIV,London Coliseum,ST Martins Lane,WC2N 4ES,London,-0.12630800,51.50992100,All of United Kingdom,201,https://www.ticketmaster.co.uk/sam-smith-london-12-09-2026/event/370064E1C3F4CC08
948,17uYv0G6C6P0XTT,Sam Smith,2026-09-15,19:00:00,False,False,Music,Pop,Electro Pop,False,KovZ9177gIV,London Coliseum,ST Martins Lane,WC2N 4ES,London,-0.12630800,51.50992100,All of United Kingdom,201,https://www.ticketmaster.co.uk/sam-smith-london-15-09-2026/event/370064E1E593EFFF
949,17uYv0G6C6PPLZd,Sam Smith,2026-09-16,19:00:00,False,False,Music,Pop,Electro Pop,False,KovZ9177gIV,London Coliseum,ST Martins Lane,WC2N 4ES,London,-0.12630800,51.50992100,All of United Kingdom,201,https://www.ticketmaster.co.uk/sam-smith-london-16-09-2026/event/370064E1E595F003
950,17uYv0G6uz_ogib,Sam Smith,2026-09-18,19:00:00,False,False,Music,Pop,Electro Pop,False,KovZ9177gIV,London Coliseum,ST Martins Lane,WC2N 4ES,London,-0.12630800,51.50992100,All of United Kingdom,201,https://www.ticketmaster.co.uk/sam-smith-london-18-09-2026/event/370064DE19475B18
951,17uYv0G6uzDgncU,Sam Smith,2026-09-19,19:00:00,False,False,Music,Pop,Electro Pop,False,KovZ9177gIV,London Coliseum,ST Martins Lane,WC2N 4ES,London,-0.12630800,51.50992100,All of United Kingdom,201,https://www.ticketmaster.co.uk/sam-smith-london-19-09-2026/event/370064DE3BD6AB76
952,G5vHZ_6ExiaOW,TOMORA,2026-10-28,19:00:00,False,False,Music,Dance/Electronic,Amapiano,False,KovZpZAn6k6A,Roundhouse,"Chalk Farm Road, Camden",NW1 8EH,London,-0.15132400,51.54305100,All of United Kingdom,201,https://www.ticketmaster.co.uk/tomora-london-28-10-2026/event/1F006479E2B0983D
953,1AUZkuNGkdziq7H,Brad Williams,2026-12-16,18:45:00,False,False,Arts & Theatre,Comedy,Comedy,False,KovZ9177C97,The Glee Club,11 Renfrew St,G2 3AB,Glasgow,-4.25426100,55.86495000,All of United Kingdom,201,https://www.ticketmaster.co.uk/brad-williams-glasgow-16-12-2026/event/36006363F8B1D13C
954,G5dzZbM60yzFs,Brad Williams,2026-12-19,19:00:00,False,False,Arts & Theatre,Comedy,Comedy,False,KovZ9177AAV,O2 Forum Kentish Town,"9 - 17 Highgate RD, Kentish Town",NW5 1JY,London,-0.14193000,51.55203900,All of United Kingdom,201,https://www.ticketmaster.co.uk/brad-williams-london-19-12-2026/event/3E006371E4E78231
955,1AMZku0GkdCQMnq,Brad Williams,2026-12-20,19:30:00,False,False,Arts & Theatre,Comedy,Comedy,False,KovZ9177ge0,Manchester New Century Hall,34 Hanover St,M44AH,Manchester,-2.23956300,53.48672500,All of United Kingdom,201,https://www.ticketmaster.co.uk/brad-williams-manchester-20-12-2026/event/37006364CE6B7A9D
956,1adfZ_d39fsZd2d7,J. Cole: The Fall-Off Tour,2026-10-19,18:30:00,False,False,Music,Hip-Hop/Rap,Trap,False,KovZ9177PFf,The O2,Peninsula Square,SE10 0DX,London,0.00551900,51.50158100,All of United Kingdom,201,https://www.ticketmaster.co.uk/j-cole-the-falloff-tour-london-19-10-2026/event/3500643497531E23
957,1AgZk8VGkeRaeRG,J. Cole: The Fall-Off Tour,2026-10-20,18:30:00,False,False,Music,Hip-Hop/Rap,Trap,False,KovZ9177PFf,The O2,Peninsula Square,SE10 0DX,London,0.00551900,51.50158100,All of United Kingdom,201,https://www.ticketmaster.co.uk/j-cole-the-falloff-tour-london-20-10-2026/event/35006434AF242BCC
958,15eGZ_dGA1v4Z,J. Cole: The Fall-Off Tour,2026-10-25,18:30:00,False,False,Music,Hip-Hop/Rap,Trap,False,KovZ9177W00,Utilita Arena Birmingham,King Edwards Road,B1 2AA,Birmingham,-1.91492400,52.47993200,All of United Kingdom,201,https://www.ticketmaster.co.uk/j-cole-the-falloff-tour-birmingham-25-10-2026/event/2300643305281540
959,1AdbZ_dGknQ1xXZ,J. Cole: The Fall-Off Tour,2026-10-26,18:30:00,False,False,Music,Hip-Hop/Rap,Trap,False,KovZ9177Sq0,OVO Hydro,Exhibition Way,G3 8YW,Glasgow,-4.28815400,55.86087000,All of United Kingdom,201,https://www.ticketmaster.co.uk/j-cole-the-falloff-tour-glasgow-26-10-2026/event/3600643A9A2A2F80
960,1AdbZ_dGknTjk8I,Venue Premium - J. Cole: The Fall-Off Tour,2026-10-26,18:30:00,False,False,Miscellaneous,Community/Civic,Community/Civic,False,KovZ9177Sq0,OVO Hydro,Exhibition Way,G3 8YW,Glasgow,-4.28815400,55.86087000,All of United Kingdom,201,https://www.ticketmaster.co.uk/venue-premium-j-cole-the-falloff-glasgow-26-10-2026/event/3600643ABF706428
961,16djZ_dQ3G7DomI,J. Cole: The Fall-Off Tour,2026-10-28,18:30:00,False,False,Music,Hip-Hop/Rap,Trap,False,KovZ9177z1f,Co-op Live,1 Sports City Way,M11 3DU,Manchester,-2.19957970,53.48661136,All of United Kingdom,201,https://www.ticketmaster.co.uk/j-cole-the-falloff-tour-manchester-28-10-2026/event/3700643692ED1BA8
962,1AMZko8GkdnUydH,J. Cole: The Fall-Off Tour,2026-10-29,18:30:00,False,False,Music,Hip-Hop/Rap,Trap,False,KovZ9177z1f,Co-op Live,1 Sports City Way,M11 3DU,Manchester,-2.19957970,53.48661136,All of United Kingdom,201,https://www.ticketmaster.co.uk/j-cole-the-falloff-tour-manchester-29-10-2026/event/37006450EADB90FC
963,1AgZk8VGkeOrxGb,J. Cole: The Fall-Off Tour,2026-10-31,18:30:00,False,False,Music,Hip-Hop/Rap,Trap,False,KovZ9177tQ7,Motorpoint Arena Nottingham,"At the National Ice Centre, Bolero Square",NG1 1LA,Nottingham,-1.13929100,52.95264900,All of United Kingdom,201,https://www.ticketmaster.co.uk/j-cole-the-falloff-tour-nottingham-31-10-2026/event/35006434A07A2318
964,1AgZk8VGkeScwBj,J. Cole: The Fall-Off Tour,2026-11-02,18:30:00,False,False,Music,Hip-Hop/Rap,Trap,False,KovZ9177PFf,The O2,Peninsula Square,SE10 0DX,London,0.00551900,51.50158100,All of United Kingdom,201,https://www.ticketmaster.co.uk/j-cole-the-falloff-tour-london-02-11-2026/event/35006434B3B72E9C
965,1AdjZ_6GkXwgeId,Young Miko,2026-07-10,19:00:00,False,False,Music,Latin,Latin,False,KovZ917AIjH,Outernet Live,Charing Cross Rd,WC2H8LH,London,-0.12915900,51.51574100,All of United Kingdom,201,https://www.ticketmaster.co.uk/young-miko-london-10-07-2026/event/3700647FB2D42A03
966,1AMZkGKGke0HoAi,Creamfields 2026 - Sunday - Gold Payment Plan,2026-08-30,12:00:00,False,False,Music,Undefined,Undefined,False,KovZ9177gjf,Daresbury,Halton,WA4 5LP,Cheshire,-2.62464200,53.34052500,All of United Kingdom,201,https://www.ticketmaster.co.uk/creamfields-2026-sunday-gold-payment-plan-cheshire-30-08-2026/event/37006313A4F1116C
967,1AMZkGKGke0zs7r,Creamfields 2026 - Sunday - Standard Payment Plan,2026-08-30,12:00:00,False,False,Music,Undefined,Undefined,False,KovZ9177gjf,Daresbury,Halton,WA4 5LP,Cheshire,-2.62464200,53.34052500,All of United Kingdom,201,https://www.ticketmaster.co.uk/creamfields-2026-sunday-standard-payment-plan-cheshire-30-08-2026/event/37006313A4E3111E
968,1AdjZbYGkD2_JE4,Creamfields 2026 - Sunday - Standard,2026-08-30,12:00:00,False,False,Music,Undefined,Undefined,False,KovZ9177gjf,Daresbury,Halton,WA4 5LP,Cheshire,-2.62464200,53.34052500,All of United Kingdom,201,https://www.ticketmaster.co.uk/creamfields-2026-sunday-standard-cheshire-30-08-2026/event/3700630ECF6669D5
969,1AdjZbYGkDsyUzU,Creamfields 2026 - Sunday - Gold,2026-08-30,12:00:00,False,False,Music,Undefined,Undefined,False,KovZ9177gjf,Daresbury,Halton,WA4 5LP,Cheshire,-2.62464200,53.34052500,All of United Kingdom,201,https://www.ticketmaster.co.uk/creamfields-2026-sunday-gold-cheshire-30-08-2026/event/3700630EF1E76E36
970,17uOv0G6uhP-Duy,Be Like Blippi,2026-07-25,13:00:00,False,False,Arts & Theatre,Children's Theatre,Children's Theatre,False,KovZ9177lz7,Connexin Live,Myton Street,HU1 2PS,Hull,-0.34321700,53.74161600,All of United Kingdom,201,https://www.ticketmaster.co.uk/be-like-blippi-hull-25-07-2026/event/360064D6E587B379
971,17uOv0G6uhPxhCZ,Be Like Blippi,2026-07-25,16:00:00,False,False,Arts & Theatre,Children's Theatre,Children's Theatre,False,KovZ9177lz7,Connexin Live,Myton Street,HU1 2PS,Hull,-0.34321700,53.74161600,All of United Kingdom,201,https://www.ticketmaster.co.uk/be-like-blippi-hull-25-07-2026/event/360064D6E589B380
972,1kuOv0jbGA2C3oH,Be Like Blippi Tour - Venue Premium Tickets,2026-07-25,14:30:00,False,False,Arts & Theatre,Children's Theatre,Children's Theatre,False,KovZ9177lz7,Connexin Live,Myton Street,HU1 2PS,Hull,-0.34321700,53.74161600,All of United Kingdom,201,https://www.ticketmaster.co.uk/be-like-blippi-tour-venue-premium-hull-25-07-2026/event/360064718F39247C
973,1kuOv0jbGA2CeoB,Be Like Blippi Tour - Venue Premium Tickets,2026-07-25,11:30:00,False,False,Arts & Theatre,Children's Theatre,Children's Theatre,False,KovZ9177lz7,Connexin Live,Myton Street,HU1 2PS,Hull,-0.34321700,53.74161600,All of United Kingdom,201,https://www.ticketmaster.co.uk/be-like-blippi-tour-venue-premium-hull-25-07-2026/event/360064718F38247A
974,17u8v0G6ub8MtUo,Be Like Blippi,2026-07-26,16:00:00,False,False,Arts & Theatre,Children's Theatre,Children's Theatre,False,KovZ9177Jz7,Bradford Live,1 Godwin St,BD12SU,Bradford,-1.75669000,53.79240000,All of United Kingdom,201,https://www.ticketmaster.co.uk/be-like-blippi-bradford-26-07-2026/event/350064D610DE9D91
975,17u8v0G6ub8U_gB,Be Like Blippi,2026-07-26,13:00:00,False,False,Arts & Theatre,Children's Theatre,Children's Theatre,False,KovZ9177Jz7,Bradford Live,1 Godwin St,BD12SU,Bradford,-1.75669000,53.79240000,All of United Kingdom,201,https://www.ticketmaster.co.uk/be-like-blippi-bradford-26-07-2026/event/350064D610D99D7A
976,1AgZkGKGkdWcwjc,Camp Bestival 2026 - Backstage Camping,2026-07-30,,False,False,Music,Undefined,Undefined,False,KovZ9177tcV,Lulworth Castle,East Lulworth,BH20 5QS,Dorset,-2.20642200,50.63832800,All of United Kingdom,201,https://www.ticketmaster.co.uk/camp-bestival-2026-backstage-camping-dorset-30-07-2026/event/35006313FDB7272D
977,1AgZkGKGkeYWob3,Camp Bestival 2026 - Hospitality Camping,2026-07-30,,False,False,Music,Undefined,Undefined,False,KovZ9177tcV,Lulworth Castle,East Lulworth,BH20 5QS,Dorset,-2.20642200,50.63832800,All of United Kingdom,201,https://www.ticketmaster.co.uk/camp-bestival-2026-hospitality-camping-dorset-30-07-2026/event/35006313B0F51612
978,1AdjZ_aGkwLMxDg,Be Like Blippi Tour!,2026-08-05,14:00:00,False,False,Arts & Theatre,Children's Theatre,Children's Theatre,False,KovZ9177H8V,The Arts at Marble Arch,Marble Arch,W1H7DX,London,-0.15985500,51.51329000,All of United Kingdom,201,https://theatre.ticketmaster.co.uk/book/1J2B0-blippi/#perf=1J2B0-3&date=2026-08-05&time=2.00PM
979,1AdjZ_aGkwLtwDv,Be Like Blippi Tour!,2026-08-05,10:00:00,False,False,Arts & Theatre,Children's Theatre,Children's Theatre,False,KovZ9177H8V,The Arts at Marble Arch,Marble Arch,W1H7DX,London,-0.15985500,51.51329000,All of United Kingdom,201,https://theatre.ticketmaster.co.uk/book/1J2B0-blippi/#perf=1J2B0-2&date=2026-08-05&time=10.00AM
980,1AdjZ_aGkwOAxW1,Be Like Blippi Tour!,2026-08-06,10:00:00,False,False,Arts & Theatre,Children's Theatre,Children's Theatre,False,KovZ9177H8V,The Arts at Marble Arch,Marble Arch,W1H7DX,London,-0.15985500,51.51329000,All of United Kingdom,201,https://theatre.ticketmaster.co.uk/book/1J2B0-blippi/#perf=1J2B0-4&date=2026-08-06&time=10.00AM
981,1AdjZ_aGkwOK3X1,Be Like Blippi Tour!,2026-08-06,14:00:00,False,False,Arts & Theatre,Children's Theatre,Children's Theatre,False,KovZ9177H8V,The Arts at Marble Arch,Marble Arch,W1H7DX,London,-0.15985500,51.51329000,All of United Kingdom,201,https://theatre.ticketmaster.co.uk/book/1J2B0-blippi/#perf=1J2B0-5&date=2026-08-06&time=2.00PM
982,1AdjZ_aGkwO-3XR,Be Like Blippi Tour!,2026-08-07,10:00:00,False,False,Arts & Theatre,Children's Theatre,Children's Theatre,False,KovZ9177H8V,The Arts at Marble Arch,Marble Arch,W1H7DX,London,-0.15985500,51.51329000,All of United Kingdom,201,https://theatre.ticketmaster.co.uk/book/1J2B0-blippi/#perf=1J2B0-6&date=2026-08-07&time=10.00AM
983,1AdjZ_aGkwORxT0,Be Like Blippi Tour!,2026-08-07,13:00:00,False,False,Arts & Theatre,Children's Theatre,Children's Theatre,False,KovZ9177H8V,The Arts at Marble Arch,Marble Arch,W1H7DX,London,-0.15985500,51.51329000,All of United Kingdom,201,https://theatre.ticketmaster.co.uk/book/1J2B0-blippi/#perf=1J2B0-7&date=2026-08-07&time=1.00PM
984,1AdjZ_aGkwOWNZp,Be Like Blippi Tour!,2026-08-07,16:00:00,False,False,Arts & Theatre,Children's Theatre,Children's Theatre,False,KovZ9177H8V,The Arts at Marble Arch,Marble Arch,W1H7DX,London,-0.15985500,51.51329000,All of United Kingdom,201,https://theatre.ticketmaster.co.uk/book/1J2B0-blippi/#perf=1J2B0-8&date=2026-08-07&time=4.00PM
985,1AdjZ_aGkw-5KZz,Be Like Blippi Tour!,2026-08-08,10:00:00,False,False,Arts & Theatre,Children's Theatre,Children's Theatre,False,KovZ9177H8V,The Arts at Marble Arch,Marble Arch,W1H7DX,London,-0.15985500,51.51329000,All of United Kingdom,201,https://theatre.ticketmaster.co.uk/book/1J2B0-blippi/#perf=1J2B0-9&date=2026-08-08&time=10.00AM
986,1AdjZ_aGkw-_KvD,Be Like Blippi Tour!,2026-08-08,13:00:00,False,False,Arts & Theatre,Children's Theatre,Children's Theatre,False,KovZ9177H8V,The Arts at Marble Arch,Marble Arch,W1H7DX,London,-0.15985500,51.51329000,All of United Kingdom,201,https://theatre.ticketmaster.co.uk/book/1J2B0-blippi/#perf=1J2B0-A&date=2026-08-08&time=1.00PM
987,1AdjZ_aGkw-EK75,Be Like Blippi Tour!,2026-08-09,10:00:00,False,False,Arts & Theatre,Children's Theatre,Children's Theatre,False,KovZ9177H8V,The Arts at Marble Arch,Marble Arch,W1H7DX,London,-0.15985500,51.51329000,All of United Kingdom,201,https://theatre.ticketmaster.co.uk/book/1J2B0-blippi/#perf=1J2B0-C&date=2026-08-09&time=10.00AM
988,1AdjZ_aGkw-gK7y,Be Like Blippi Tour!,2026-08-09,14:00:00,False,False,Arts & Theatre,Children's Theatre,Children's Theatre,False,KovZ9177H8V,The Arts at Marble Arch,Marble Arch,W1H7DX,London,-0.15985500,51.51329000,All of United Kingdom,201,https://theatre.ticketmaster.co.uk/book/1J2B0-blippi/#perf=1J2B0-D&date=2026-08-09&time=2.00PM
989,1AdjZ_aGkwxddAR,Be Like Blippi Tour!,2026-08-12,10:00:00,False,False,Arts & Theatre,Children's Theatre,Children's Theatre,False,KovZ9177H8V,The Arts at Marble Arch,Marble Arch,W1H7DX,London,-0.15985500,51.51329000,All of United Kingdom,201,https://theatre.ticketmaster.co.uk/book/1J2B0-blippi/#perf=1J2B0-E&date=2026-08-12&time=10.00AM
990,1AdjZ_aGkwxodkP,Be Like Blippi Tour!,2026-08-12,14:00:00,False,False,Arts & Theatre,Children's Theatre,Children's Theatre,False,KovZ9177H8V,The Arts at Marble Arch,Marble Arch,W1H7DX,London,-0.15985500,51.51329000,All of United Kingdom,201,https://theatre.ticketmaster.co.uk/book/1J2B0-blippi/#perf=1J2B0-F&date=2026-08-12&time=2.00PM
991,1AdjZ_aGkwxLd67,Be Like Blippi Tour!,2026-08-13,10:00:00,False,False,Arts & Theatre,Children's Theatre,Children's Theatre,False,KovZ9177H8V,The Arts at Marble Arch,Marble Arch,W1H7DX,London,-0.15985500,51.51329000,All of United Kingdom,201,https://theatre.ticketmaster.co.uk/book/1J2B0-blippi/#perf=1J2B0-G&date=2026-08-13&time=10.00AM
992,1AdjZ_aGkwxiS6m,Be Like Blippi Tour!,2026-08-13,14:00:00,False,False,Arts & Theatre,Children's Theatre,Children's Theatre,False,KovZ9177H8V,The Arts at Marble Arch,Marble Arch,W1H7DX,London,-0.15985500,51.51329000,All of United Kingdom,201,https://theatre.ticketmaster.co.uk/book/1J2B0-blippi/#perf=1J2B0-H&date=2026-08-13&time=2.00PM
993,1AdjZ_aGkwNFKa5,Be Like Blippi Tour!,2026-08-14,13:00:00,False,False,Arts & Theatre,Children's Theatre,Children's Theatre,False,KovZ9177H8V,The Arts at Marble Arch,Marble Arch,W1H7DX,London,-0.15985500,51.51329000,All of United Kingdom,201,https://theatre.ticketmaster.co.uk/book/1J2B0-blippi/#perf=1J2B0-J&date=2026-08-14&time=1.00PM
994,1AdjZ_aGkwNpNaM,Be Like Blippi Tour!,2026-08-14,16:00:00,False,False,Arts & Theatre,Children's Theatre,Children's Theatre,False,KovZ9177H8V,The Arts at Marble Arch,Marble Arch,W1H7DX,London,-0.15985500,51.51329000,All of United Kingdom,201,https://theatre.ticketmaster.co.uk/book/1J2B0-blippi/#perf=1J2B0-K&date=2026-08-14&time=4.00PM
995,1AdjZ_aGkwxBNFO,Be Like Blippi Tour!,2026-08-14,10:00:00,False,False,Arts & Theatre,Children's Theatre,Children's Theatre,False,KovZ9177H8V,The Arts at Marble Arch,Marble Arch,W1H7DX,London,-0.15985500,51.51329000,All of United Kingdom,201,https://theatre.ticketmaster.co.uk/book/1J2B0-blippi/#perf=1J2B0-I&date=2026-08-14&time=10.00AM
996,1AdjZ_aGkw0ZKuC,Be Like Blippi Tour!,2026-08-15,16:00:00,False,False,Arts & Theatre,Children's Theatre,Children's Theatre,False,KovZ9177H8V,The Arts at Marble Arch,Marble Arch,W1H7DX,London,-0.15985500,51.51329000,All of United Kingdom,201,https://theatre.ticketmaster.co.uk/book/1J2B0-blippi/#perf=1J2B0-N&date=2026-08-15&time=4.00PM
997,1AdjZ_aGkwN0N12,Be Like Blippi Tour!,2026-08-15,10:00:00,False,False,Arts & Theatre,Children's Theatre,Children's Theatre,False,KovZ9177H8V,The Arts at Marble Arch,Marble Arch,W1H7DX,London,-0.15985500,51.51329000,All of United Kingdom,201,https://theatre.ticketmaster.co.uk/book/1J2B0-blippi/#perf=1J2B0-L&date=2026-08-15&time=10.00AM
998,1AdjZ_aGkwNwK5G,Be Like Blippi Tour!,2026-08-15,13:00:00,False,False,Arts & Theatre,Children's Theatre,Children's Theatre,False,KovZ9177H8V,The Arts at Marble Arch,Marble Arch,W1H7DX,London,-0.15985500,51.51329000,All of United Kingdom,201,https://theatre.ticketmaster.co.uk/book/1J2B0-blippi/#perf=1J2B0-M&date=2026-08-15&time=1.00PM
999,1AdjZ_aGkw0Cduy,Be Like Blippi Tour!,2026-08-16,10:00:00,False,False,Arts & Theatre,Children's Theatre,Children's Theatre,False,KovZ9177H8V,The Arts at Marble Arch,Marble Arch,W1H7DX,London,-0.15985500,51.51329000,All of United Kingdom,201,https://theatre.ticketmaster.co.uk/book/1J2B0-blippi/#perf=1J2B0-O&date=2026-08-16&time=10.00AM
1000,1AdjZ_aGkw0hSCV,Be Like Blippi Tour!,2026-08-16,14:00:00,False,False,Arts & Theatre,Children's Theatre,Children's Theatre,False,KovZ9177H8V,The Arts at Marble Arch,Marble Arch,W1H7DX,London,-0.15985500,51.51329000,All of United Kingdom,201,https://theatre.ticketmaster.co.uk/book/1J2B0-blippi/#perf=1J2B0-P&date=2026-08-16&time=2.00PM
1001,1AdjZ_aGkw0MN8q,Be Like Blippi Tour!,2026-08-19,14:00:00,False,False,Arts & Theatre,Children's Theatre,Children's Theatre,False,KovZ9177H8V,The Arts at Marble Arch,Marble Arch,W1H7DX,London,-0.15985500,51.51329000,All of United Kingdom,201,https://theatre.ticketmaster.co.uk/book/1J2B0-blippi/#perf=1J2B0-R&date=2026-08-19&time=2.00PM
1002,1AdjZ_aGkw0tN2t,Be Like Blippi Tour!,2026-08-19,10:00:00,False,False,Arts & Theatre,Children's Theatre,Children's Theatre,False,KovZ9177H8V,The Arts at Marble Arch,Marble Arch,W1H7DX,London,-0.15985500,51.51329000,All of United Kingdom,201,https://theatre.ticketmaster.co.uk/book/1J2B0-blippi/#perf=1J2B0-Q&date=2026-08-19&time=10.00AM
1003,1AdjZ_aGkwPANod,Be Like Blippi Tour!,2026-08-20,10:00:00,False,False,Arts & Theatre,Children's Theatre,Children's Theatre,False,KovZ9177H8V,The Arts at Marble Arch,Marble Arch,W1H7DX,London,-0.15985500,51.51329000,All of United Kingdom,201,https://theatre.ticketmaster.co.uk/book/1J2B0-blippi/#perf=1J2B0-S&date=2026-08-20&time=10.00AM
1004,1AdjZ_aGkwPKKoy,Be Like Blippi Tour!,2026-08-20,14:00:00,False,False,Arts & Theatre,Children's Theatre,Children's Theatre,False,KovZ9177H8V,The Arts at Marble Arch,Marble Arch,W1H7DX,London,-0.15985500,51.51329000,All of United Kingdom,201,https://theatre.ticketmaster.co.uk/book/1J2B0-blippi/#perf=1J2B0-T&date=2026-08-20&time=2.00PM
1005,1AdjZ_aGkwP-d3p,Be Like Blippi Tour!,2026-08-21,10:00:00,False,False,Arts & Theatre,Children's Theatre,Children's Theatre,False,KovZ9177H8V,The Arts at Marble Arch,Marble Arch,W1H7DX,London,-0.15985500,51.51329000,All of United Kingdom,201,https://theatre.ticketmaster.co.uk/book/1J2B0-blippi/#perf=1J2B0-U&date=2026-08-21&time=10.00AM
1006,1AdjZ_aGkwPRd3m,Be Like Blippi Tour!,2026-08-21,13:00:00,False,False,Arts & Theatre,Children's Theatre,Children's Theatre,False,KovZ9177H8V,The Arts at Marble Arch,Marble Arch,W1H7DX,London,-0.15985500,51.51329000,All of United Kingdom,201,https://theatre.ticketmaster.co.uk/book/1J2B0-blippi/#perf=1J2B0-V&date=2026-08-21&time=1.00PM
1007,1AdjZ_aGkwJ1NfS,Be Like Blippi Tour!,2026-08-22,13:00:00,False,False,Arts & Theatre,Children's Theatre,Children's Theatre,False,KovZ9177H8V,The Arts at Marble Arch,Marble Arch,W1H7DX,London,-0.15985500,51.51329000,All of United Kingdom,201,https://theatre.ticketmaster.co.uk/book/1J2B0-blippi/#perf=1J2B0-Y&date=2026-08-22&time=1.00PM
1008,1AdjZ_aGkwPHSKT,Be Like Blippi Tour!,2026-08-22,10:00:00,False,False,Arts & Theatre,Children's Theatre,Children's Theatre,False,KovZ9177H8V,The Arts at Marble Arch,Marble Arch,W1H7DX,London,-0.15985500,51.51329000,All of United Kingdom,201,https://theatre.ticketmaster.co.uk/book/1J2B0-blippi/#perf=1J2B0-X&date=2026-08-22&time=10.00AM
1009,1AdjZ_aGkwJPNpH,Be Like Blippi Tour!,2026-08-23,14:00:00,False,False,Arts & Theatre,Children's Theatre,Children's Theatre,False,KovZ9177H8V,The Arts at Marble Arch,Marble Arch,W1H7DX,London,-0.15985500,51.51329000,All of United Kingdom,201,https://theatre.ticketmaster.co.uk/book/1J2B0-blippi/#perf=1J2B0-11&date=2026-08-23&time=2.00PM
1010,1AdjZ_aGkwJbK4n,Be Like Blippi Tour!,2026-08-23,10:00:00,False,False,Arts & Theatre,Children's Theatre,Children's Theatre,False,KovZ9177H8V,The Arts at Marble Arch,Marble Arch,W1H7DX,London,-0.15985500,51.51329000,All of United Kingdom,201,https://theatre.ticketmaster.co.uk/book/1J2B0-blippi/#perf=1J2B0-10&date=2026-08-23&time=10.00AM
1011,1AdjZ_aGkwEvK_5,Be Like Blippi Tour!,2026-08-26,14:00:00,False,False,Arts & Theatre,Children's Theatre,Children's Theatre,False,KovZ9177H8V,The Arts at Marble Arch,Marble Arch,W1H7DX,London,-0.15985500,51.51329000,All of United Kingdom,201,https://theatre.ticketmaster.co.uk/book/1J2B0-blippi/#perf=1J2B0-13&date=2026-08-26&time=2.00PM
1012,1AdjZ_aGkwJSKbe,Be Like Blippi Tour!,2026-08-26,10:00:00,False,False,Arts & Theatre,Children's Theatre,Children's Theatre,False,KovZ9177H8V,The Arts at Marble Arch,Marble Arch,W1H7DX,London,-0.15985500,51.51329000,All of United Kingdom,201,https://theatre.ticketmaster.co.uk/book/1J2B0-blippi/#perf=1J2B0-12&date=2026-08-26&time=10.00AM
1013,1AdjZ_aGkwECS_i,Be Like Blippi Tour!,2026-08-27,10:00:00,False,False,Arts & Theatre,Children's Theatre,Children's Theatre,False,KovZ9177H8V,The Arts at Marble Arch,Marble Arch,W1H7DX,London,-0.15985500,51.51329000,All of United Kingdom,201,https://theatre.ticketmaster.co.uk/book/1J2B0-blippi/#perf=1J2B0-14&date=2026-08-27&time=10.00AM
1014,1AdjZ_aGkwEjKQo,Be Like Blippi Tour!,2026-08-27,14:00:00,False,False,Arts & Theatre,Children's Theatre,Children's Theatre,False,KovZ9177H8V,The Arts at Marble Arch,Marble Arch,W1H7DX,London,-0.15985500,51.51329000,All of United Kingdom,201,https://theatre.ticketmaster.co.uk/book/1J2B0-blippi/#perf=1J2B0-15&date=2026-08-27&time=2.00PM
1015,1AdjZ_aGkwEMSj-,Be Like Blippi Tour!,2026-08-28,13:00:00,False,False,Arts & Theatre,Children's Theatre,Children's Theatre,False,KovZ9177H8V,The Arts at Marble Arch,Marble Arch,W1H7DX,London,-0.15985500,51.51329000,All of United Kingdom,201,https://theatre.ticketmaster.co.uk/book/1J2B0-blippi/#perf=1J2B0-17&date=2026-08-28&time=1.00PM
1016,1AdjZ_aGkwEndhe,Be Like Blippi Tour!,2026-08-28,10:00:00,False,False,Arts & Theatre,Children's Theatre,Children's Theatre,False,KovZ9177H8V,The Arts at Marble Arch,Marble Arch,W1H7DX,London,-0.15985500,51.51329000,All of United Kingdom,201,https://theatre.ticketmaster.co.uk/book/1J2B0-blippi/#perf=1J2B0-16&date=2026-08-28&time=10.00AM
1017,1AdjZ_aGkwIASq2,Be Like Blippi Tour!,2026-08-29,13:00:00,False,False,Arts & Theatre,Children's Theatre,Children's Theatre,False,KovZ9177H8V,The Arts at Marble Arch,Marble Arch,W1H7DX,London,-0.15985500,51.51329000,All of United Kingdom,201,https://theatre.ticketmaster.co.uk/book/1J2B0-blippi/#perf=1J2B0-1A&date=2026-08-29&time=1.00PM
1018,1AdjZ_aGkwIKKr1,Be Like Blippi Tour!,2026-08-29,16:00:00,False,False,Arts & Theatre,Children's Theatre,Children's Theatre,False,KovZ9177H8V,The Arts at Marble Arch,Marble Arch,W1H7DX,London,-0.15985500,51.51329000,All of United Kingdom,201,https://theatre.ticketmaster.co.uk/book/1J2B0-blippi/#perf=1J2B0-1B&date=2026-08-29&time=4.00PM
1019,1AdjZ_aGkwI-drM,Be Like Blippi Tour!,2026-08-30,10:00:00,False,False,Arts & Theatre,Children's Theatre,Children's Theatre,False,KovZ9177H8V,The Arts at Marble Arch,Marble Arch,W1H7DX,London,-0.15985500,51.51329000,All of United Kingdom,201,https://theatre.ticketmaster.co.uk/book/1J2B0-blippi/#perf=1J2B0-1C&date=2026-08-30&time=10.00AM
1020,1AUZkotGkddDPnr,Be Like Blippi Tour - Venue Premium Tickets,2026-09-05,11:30:00,False,False,Arts & Theatre,Children's Theatre,Children's Theatre,False,KovZ9177nnV,York Barbican,Paragon Street,YO10 4NT,York,-1.07362900,53.95386000,All of United Kingdom,201,https://www.ticketmaster.co.uk/be-like-blippi-tour-venue-premium-york-05-09-2026/event/36006469C3EE5A9E
1021,1AUZkotGkddDgnx,Be Like Blippi Tour - Venue Premium Tickets,2026-09-05,14:30:00,False,False,Arts & Theatre,Children's Theatre,Children's Theatre,False,KovZ9177nnV,York Barbican,Paragon Street,YO10 4NT,York,-1.07362900,53.95386000,All of United Kingdom,201,https://www.ticketmaster.co.uk/be-like-blippi-tour-venue-premium-york-05-09-2026/event/36006469C3EF5AA2
1022,G5vHZ_uhD1ESx,Be Like Blippi,2026-09-06,12:30:00,False,False,Arts & Theatre,Children's Theatre,Children's Theatre,False,KovZpZAnFFAA,Town Hall Birmingham,Victoria Square,B3 3DQ,Birmingham,-1.90358700,52.47944700,All of United Kingdom,201,https://www.ticketmaster.co.uk/be-like-blippi-birmingham-06-09-2026/event/1F0064D6FB2A7CE2
1023,G5vHZ_uhD59SU,Be Like Blippi,2026-09-06,16:00:00,False,False,Arts & Theatre,Children's Theatre,Children's Theatre,False,KovZpZAnFFAA,Town Hall Birmingham,Victoria Square,B3 3DQ,Birmingham,-1.90358700,52.47944700,All of United Kingdom,201,https://www.ticketmaster.co.uk/be-like-blippi-birmingham-06-09-2026/event/1F0064D6FB2D7CF6
1024,1ANZkowGkeOqOiu,Be Like Blippi Tour,2026-09-12,12:00:00,False,False,Arts & Theatre,Children's Theatre,Children's Theatre,False,KovZ917AY7-,"Vaillant Live, Derby",2 Colyear Street,DE11LA,Derby,-1.48013894,52.92137591,All of United Kingdom,201,https://www.ticketmaster.co.uk/be-like-blippi-tour-derby-12-09-2026/event/23006472A0760B0D
1025,1ANZkowGkeOqYi_,Be Like Blippi Tour,2026-09-12,15:00:00,False,False,Arts & Theatre,Children's Theatre,Children's Theatre,False,KovZ917AY7-,"Vaillant Live, Derby",2 Colyear Street,DE11LA,Derby,-1.48013894,52.92137591,All of United Kingdom,201,https://www.ticketmaster.co.uk/be-like-blippi-tour-derby-12-09-2026/event/23006472A0770B19
1026,1ANZkowGkeOLZiW,Be Like Blippi Tour,2026-09-13,15:00:00,False,False,Arts & Theatre,Children's Theatre,Children's Theatre,False,KovZ917AY7-,"Vaillant Live, Derby",2 Colyear Street,DE11LA,Derby,-1.48013894,52.92137591,All of United Kingdom,201,https://www.ticketmaster.co.uk/be-like-blippi-tour-derby-13-09-2026/event/23006472A07C0B3D
1027,1ANZkowGkeOrOiz,Be Like Blippi Tour,2026-09-13,12:00:00,False,False,Arts & Theatre,Children's Theatre,Children's Theatre,False,KovZ917AY7-,"Vaillant Live, Derby",2 Colyear Street,DE11LA,Derby,-1.48013894,52.92137591,All of United Kingdom,201,https://www.ticketmaster.co.uk/be-like-blippi-tour-derby-13-09-2026/event/23006472A07A0B38
1028,1ANZkowGkeOrZis,Be Like Blippi Tour,2026-09-13,09:00:00,False,False,Arts & Theatre,Children's Theatre,Children's Theatre,False,KovZ917AY7-,"Vaillant Live, Derby",2 Colyear Street,DE11LA,Derby,-1.48013894,52.92137591,All of United Kingdom,201,https://www.ticketmaster.co.uk/be-like-blippi-tour-derby-13-09-2026/event/23006472A0780B31
1029,17uYv0G6urdEdmt,Be Like Blippi,2026-09-19,16:00:00,False,False,Arts & Theatre,Children's Theatre,Children's Theatre,False,KovZ9177Bpf,M&S Bank Arena Liverpool,Arena and Convention Centre Liverpool,L3 4FP,Liverpool,-2.99006300,53.39702000,All of United Kingdom,201,https://www.ticketmaster.co.uk/be-like-blippi-liverpool-19-09-2026/event/370064D7839C3BA9
1030,17uYv0G6urdJNm_,Be Like Blippi,2026-09-19,13:00:00,False,False,Arts & Theatre,Children's Theatre,Children's Theatre,False,KovZ9177Bpf,M&S Bank Arena Liverpool,Arena and Convention Centre Liverpool,L3 4FP,Liverpool,-2.99006300,53.39702000,All of United Kingdom,201,https://www.ticketmaster.co.uk/be-like-blippi-liverpool-19-09-2026/event/370064D7839A3B99
1031,G5vHZ_CkUqBn-,Be Like Blippi,2026-09-20,16:00:00,False,False,Arts & Theatre,Children's Theatre,Children's Theatre,False,KovZpZAnanIA,Southend Cliffs Pavilion,Station Road,SS0 7RA,Southend-On-Sea,0.69743500,51.53582000,All of United Kingdom,201,https://www.ticketmaster.co.uk/be-like-blippi-southendonsea-20-09-2026/event/1F0064E1B677AAA1
1032,G5vHZ_CkUqnnL,Be Like Blippi,2026-09-20,13:00:00,False,False,Arts & Theatre,Children's Theatre,Children's Theatre,False,KovZpZAnanIA,Southend Cliffs Pavilion,Station Road,SS0 7RA,Southend-On-Sea,0.69743500,51.53582000,All of United Kingdom,201,https://www.ticketmaster.co.uk/be-like-blippi-southendonsea-20-09-2026/event/1F0064E1B676AA9F
1033,G5vHZ_urrz5QT,Be Like Blippi,2026-09-27,13:00:00,False,False,Arts & Theatre,Children's Theatre,Children's Theatre,False,KovZ91776I0,Royal and Derngate,19-21 Guildhall Road,NN1 1DP,Northampton,-0.89412900,52.23641200,All of United Kingdom,201,https://www.ticketmaster.co.uk/be-like-blippi-northampton-27-09-2026/event/1F0064D79EE0B6BF
1034,G5vHZ_urrzDhe,Be Like Blippi,2026-09-27,16:00:00,False,False,Arts & Theatre,Children's Theatre,Children's Theatre,False,KovZ91776I0,Royal and Derngate,19-21 Guildhall Road,NN1 1DP,Northampton,-0.89412900,52.23641200,All of United Kingdom,201,https://www.ticketmaster.co.uk/be-like-blippi-northampton-27-09-2026/event/1F0064D79EE3B6C2
1035,G5vHZ_uDERgb0,Be Like Blippi,2026-10-03,13:00:00,False,False,Arts & Theatre,Children's Theatre,Children's Theatre,False,KovZ9177a_0,Bridgewater Hall,Lower Mosley Street,M2 3WS,Manchester,-2.24491300,53.47574100,All of United Kingdom,201,https://www.ticketmaster.co.uk/be-like-blippi-manchester-03-10-2026/event/1F0064DEE7BF5624
1036,G5vHZ_uDEY4bw,Be Like Blippi,2026-10-03,16:00:00,False,False,Arts & Theatre,Children's Theatre,Children's Theatre,False,KovZ9177a_0,Bridgewater Hall,Lower Mosley Street,M2 3WS,Manchester,-2.24491300,53.47574100,All of United Kingdom,201,https://www.ticketmaster.co.uk/be-like-blippi-manchester-03-10-2026/event/1F0064DEE7C15632
1037,LvZ18QQDYpaMM9ZZ0IyZG,Faye Webster,2026-08-25,19:00:00,False,,Music,Rock,Alternative Rock,,KovZpZAnaA1A,NX,Westgate Road,NE1 1SW,Newcastle Upon Tyne,-1.63080000,54.97193900,All of United Kingdom,201,https://www.universe.com/events/faye-webster-tickets-CXJFG6?ref=ticketmaster
1038,G5dzZbtrV2ODU,Bluey's Big Play - BSL + AD performance,2026-07-10,13:00:00,False,False,Arts & Theatre,Children's Theatre,Children's Theatre,False,KovZ91777a7,The Brighton Centre,Kings Road,BN1 2GR,Brighton,-0.14633100,50.82153000,All of United Kingdom,201,https://www.ticketmaster.co.uk/blueys-big-play-bsl-ad-performance-brighton-10-07-2026/event/3E006297B43E0EF6
1039,G5dzZbtrYmYD1,Bluey's Big Play,2026-07-10,10:00:00,False,False,Arts & Theatre,Children's Theatre,Children's Theatre,False,KovZ91777a7,The Brighton Centre,Kings Road,BN1 2GR,Brighton,-0.14633100,50.82153000,All of United Kingdom,201,https://www.ticketmaster.co.uk/blueys-big-play-brighton-10-07-2026/event/3E006297B0BB0ECA
1040,G5dzZbn6hGw5v,Bluey's Big Play,2026-07-11,10:00:00,False,False,Arts & Theatre,Children's Theatre,Children's Theatre,False,KovZ91777a7,The Brighton Centre,Kings Road,BN1 2GR,Brighton,-0.14633100,50.82153000,All of United Kingdom,201,https://www.ticketmaster.co.uk/blueys-big-play-brighton-11-07-2026/event/3E0062A1DB3322C1
1041,G5dzZbn6hu35q,Bluey's Big Play,2026-07-11,16:00:00,False,False,Arts & Theatre,Children's Theatre,Children's Theatre,False,KovZ91777a7,The Brighton Centre,Kings Road,BN1 2GR,Brighton,-0.14633100,50.82153000,All of United Kingdom,201,https://www.ticketmaster.co.uk/blueys-big-play-brighton-11-07-2026/event/3E0062A1DB3522DD
1042,G5dzZbn6hue5d,Bluey's Big Play,2026-07-11,13:00:00,False,False,Arts & Theatre,Children's Theatre,Children's Theatre,False,KovZ91777a7,The Brighton Centre,Kings Road,BN1 2GR,Brighton,-0.14633100,50.82153000,All of United Kingdom,201,https://www.ticketmaster.co.uk/blueys-big-play-brighton-11-07-2026/event/3E0062A1DB3422C3
1043,G5dzZbn6hC3Ge,Bluey's Big Play,2026-07-12,16:00:00,False,False,Arts & Theatre,Children's Theatre,Children's Theatre,False,KovZ91777a7,The Brighton Centre,Kings Road,BN1 2GR,Brighton,-0.14633100,50.82153000,All of United Kingdom,201,https://www.ticketmaster.co.uk/blueys-big-play-brighton-12-07-2026/event/3E0062A1DB392302
1044,G5dzZbn6hCe5y,Bluey's Big Play,2026-07-12,13:00:00,False,False,Arts & Theatre,Children's Theatre,Children's Theatre,False,KovZ91777a7,The Brighton Centre,Kings Road,BN1 2GR,Brighton,-0.14633100,50.82153000,All of United Kingdom,201,https://www.ticketmaster.co.uk/blueys-big-play-brighton-12-07-2026/event/3E0062A1DB3822F9
1045,G5dzZbn6hux5g,Bluey's Big Play,2026-07-12,10:00:00,False,False,Arts & Theatre,Children's Theatre,Children's Theatre,False,KovZ91777a7,The Brighton Centre,Kings Road,BN1 2GR,Brighton,-0.14633100,50.82153000,All of United Kingdom,201,https://www.ticketmaster.co.uk/blueys-big-play-brighton-12-07-2026/event/3E0062A1DB3622F5
1046,1AMZk1aGkeWYSDg,Bluey's Big Play,2026-07-23,10:00:00,False,False,Arts & Theatre,Children's Theatre,Children's Theatre,False,KovZ9177MNf,Wolverhampton Grand Theatre,Lichfield Street,WV1 1DE,Wolverhampton,-2.12420500,52.58649300,All of United Kingdom,201,https://www.ticketmaster.co.uk/blueys-big-play-wolverhampton-23-07-2026/event/37006289BDC33EF5
1047,1AMZk1aGkeWsdDB,Bluey's Big Play- Relaxed Performance,2026-07-23,13:00:00,False,False,Arts & Theatre,Children's Theatre,Children's Theatre,False,KovZ9177MNf,Wolverhampton Grand Theatre,Lichfield Street,WV1 1DE,Wolverhampton,-2.12420500,52.58649300,All of United Kingdom,201,https://www.ticketmaster.co.uk/blueys-big-play-relaxed-performance-wolverhampton-23-07-2026/event/37006289BDC43EFA
1048,1AMZk1aGkeWsNHd,Bluey's Big Play,2026-07-24,10:00:00,False,False,Arts & Theatre,Children's Theatre,Children's Theatre,False,KovZ9177MNf,Wolverhampton Grand Theatre,Lichfield Street,WV1 1DE,Wolverhampton,-2.12420500,52.58649300,All of United Kingdom,201,https://www.ticketmaster.co.uk/blueys-big-play-wolverhampton-24-07-2026/event/37006289BDC63F03
1049,1AMZk1aGkeWwdHk,Bluey's Big Play,2026-07-24,13:00:00,False,False,Arts & Theatre,Children's Theatre,Children's Theatre,False,KovZ9177MNf,Wolverhampton Grand Theatre,Lichfield Street,WV1 1DE,Wolverhampton,-2.12420500,52.58649300,All of United Kingdom,201,https://www.ticketmaster.co.uk/blueys-big-play-wolverhampton-24-07-2026/event/37006289BDC83F06
1050,1AMZk1aGkeWSKHo,Bluey's Big Play,2026-07-25,16:00:00,False,False,Arts & Theatre,Children's Theatre,Children's Theatre,False,KovZ9177MNf,Wolverhampton Grand Theatre,Lichfield Street,WV1 1DE,Wolverhampton,-2.12420500,52.58649300,All of United Kingdom,201,https://www.ticketmaster.co.uk/blueys-big-play-wolverhampton-25-07-2026/event/37006289BDCD3F11
1051,1AMZk1aGkeWSdH2,Bluey's Big Play,2026-07-25,13:00:00,False,False,Arts & Theatre,Children's Theatre,Children's Theatre,False,KovZ9177MNf,Wolverhampton Grand Theatre,Lichfield Street,WV1 1DE,Wolverhampton,-2.12420500,52.58649300,All of United Kingdom,201,https://www.ticketmaster.co.uk/blueys-big-play-wolverhampton-25-07-2026/event/37006289BDCC3F0F
1052,1AMZk1aGkeWwNHF,Bluey's Big Play,2026-07-25,10:00:00,False,False,Arts & Theatre,Children's Theatre,Children's Theatre,False,KovZ9177MNf,Wolverhampton Grand Theatre,Lichfield Street,WV1 1DE,Wolverhampton,-2.12420500,52.58649300,All of United Kingdom,201,https://www.ticketmaster.co.uk/blueys-big-play-wolverhampton-25-07-2026/event/37006289BDCA3F08
1053,1AMZk1aGkeWSSHr,Bluey's Big Play,2026-07-26,10:00:00,False,False,Arts & Theatre,Children's Theatre,Children's Theatre,False,KovZ9177MNf,Wolverhampton Grand Theatre,Lichfield Street,WV1 1DE,Wolverhampton,-2.12420500,52.58649300,All of United Kingdom,201,https://www.ticketmaster.co.uk/blueys-big-play-wolverhampton-26-07-2026/event/37006289BDCF3F1E
1054,1AMZk1aGkeWVKHx,Bluey's Big Play,2026-07-26,13:00:00,False,False,Arts & Theatre,Children's Theatre,Children's Theatre,False,KovZ9177MNf,Wolverhampton Grand Theatre,Lichfield Street,WV1 1DE,Wolverhampton,-2.12420500,52.58649300,All of United Kingdom,201,https://www.ticketmaster.co.uk/blueys-big-play-wolverhampton-26-07-2026/event/37006289BDD13F22
1055,1AMZk1aGkeWVSHE,Bluey's Big Play,2026-07-26,16:00:00,False,False,Arts & Theatre,Children's Theatre,Children's Theatre,False,KovZ9177MNf,Wolverhampton Grand Theatre,Lichfield Street,WV1 1DE,Wolverhampton,-2.12420500,52.58649300,All of United Kingdom,201,https://www.ticketmaster.co.uk/blueys-big-play-wolverhampton-26-07-2026/event/37006289BDD33F27
1056,G5vHZbI3YeSkQ,Bluey's Big Play,2026-08-06,10:00:00,False,False,Arts & Theatre,Children's Theatre,Children's Theatre,False,KovZ91776F7,Bournemouth Pavilion,Westover Road,BH1 2BU,Bournemouth,-1.87516600,50.71754400,All of United Kingdom,201,https://www.ticketmaster.co.uk/blueys-big-play-bournemouth-06-08-2026/event/1F006284B00B319A
1057,G5vHZbI3YdKkg,Bluey's Big Play- BSL & Audio Described Performance,2026-08-07,10:00:00,False,False,Arts & Theatre,Children's Theatre,Children's Theatre,False,KovZ91776F7,Bournemouth Pavilion,Westover Road,BH1 2BU,Bournemouth,-1.87516600,50.71754400,All of United Kingdom,201,https://www.ticketmaster.co.uk/blueys-big-play-bsl-audio-described-bournemouth-07-08-2026/event/1F006284B00D31B5
1058,G5vHZbI3Y7K6M,Bluey's Big Play,2026-08-08,16:00:00,False,False,Arts & Theatre,Children's Theatre,Children's Theatre,False,KovZ91776F7,Bournemouth Pavilion,Westover Road,BH1 2BU,Bournemouth,-1.87516600,50.71754400,All of United Kingdom,201,https://www.ticketmaster.co.uk/blueys-big-play-bournemouth-08-08-2026/event/1F006284B01131F7
1059,G5vHZbI3Y7d6J,Bluey's Big Play,2026-08-08,13:00:00,False,False,Arts & Theatre,Children's Theatre,Children's Theatre,False,KovZ91776F7,Bournemouth Pavilion,Westover Road,BH1 2BU,Bournemouth,-1.87516600,50.71754400,All of United Kingdom,201,https://www.ticketmaster.co.uk/blueys-big-play-bournemouth-08-08-2026/event/1F006284B01031E6
1060,G5vHZbI3YdN66,Bluey's Big Play,2026-08-08,10:00:00,False,False,Arts & Theatre,Children's Theatre,Children's Theatre,False,KovZ91776F7,Bournemouth Pavilion,Westover Road,BH1 2BU,Bournemouth,-1.87516600,50.71754400,All of United Kingdom,201,https://www.ticketmaster.co.uk/blueys-big-play-bournemouth-08-08-2026/event/1F006284B00E31C7
1061,G5vHZbI3Y7NF3,Bluey's Big Play,2026-08-09,10:00:00,False,False,Arts & Theatre,Children's Theatre,Children's Theatre,False,KovZ91776F7,Bournemouth Pavilion,Westover Road,BH1 2BU,Bournemouth,-1.87516600,50.71754400,All of United Kingdom,201,https://www.ticketmaster.co.uk/blueys-big-play-bournemouth-09-08-2026/event/1F006284B0123212
1062,G5vHZbI3Y7SFO,Bluey's Big Play,2026-08-09,13:00:00,False,False,Arts & Theatre,Children's Theatre,Children's Theatre,False,KovZ91776F7,Bournemouth Pavilion,Westover Road,BH1 2BU,Bournemouth,-1.87516600,50.71754400,All of United Kingdom,201,https://www.ticketmaster.co.uk/blueys-big-play-bournemouth-09-08-2026/event/1F006284B0133220
1063,G5vHZbI3YAda3,Bluey's Big Play,2026-08-09,16:00:00,False,False,Arts & Theatre,Children's Theatre,Children's Theatre,False,KovZ91776F7,Bournemouth Pavilion,Westover Road,BH1 2BU,Bournemouth,-1.87516600,50.71754400,All of United Kingdom,201,https://www.ticketmaster.co.uk/blueys-big-play-bournemouth-09-08-2026/event/1F006284B0143252
1064,1AMZk1bGkdZO43K,Bluey's Big Play,2026-08-13,10:00:00,False,False,Arts & Theatre,Children's Theatre,Children's Theatre,False,KovZ9177gef,Bristol Beacon,Trenchard Street,BS1 5AR,Bristol,-2.59827030,51.45454646,All of United Kingdom,201,https://www.ticketmaster.co.uk/blueys-big-play-bristol-13-08-2026/event/37006298C0815493
1065,1AMZk1bGkdZOP3W,Bluey's Big Play,2026-08-13,13:00:00,False,False,Arts & Theatre,Children's Theatre,Children's Theatre,False,KovZ9177gef,Bristol Beacon,Trenchard Street,BS1 5AR,Bristol,-2.59827030,51.45454646,All of United Kingdom,201,https://www.ticketmaster.co.uk/blueys-big-play-bristol-13-08-2026/event/37006298C08254BD
1066,1AMZk1bGkdZ-A4v,Bluey's Big Play- BSL + Audio Described Performance,2026-08-14,13:00:00,False,False,Arts & Theatre,Children's Theatre,Children's Theatre,False,KovZ9177gef,Bristol Beacon,Trenchard Street,BS1 5AR,Bristol,-2.59827030,51.45454646,All of United Kingdom,201,https://www.ticketmaster.co.uk/blueys-big-play-bsl-audio-described-bristol-14-08-2026/event/37006298C0845541
1067,1AMZk1bGkdZOgKU,Bluey's Big Play,2026-08-14,10:00:00,False,False,Arts & Theatre,Children's Theatre,Children's Theatre,False,KovZ9177gef,Bristol Beacon,Trenchard Street,BS1 5AR,Bristol,-2.59827030,51.45454646,All of United Kingdom,201,https://www.ticketmaster.co.uk/blueys-big-play-bristol-14-08-2026/event/37006298C08354F6
1068,1AMZk1bGkdZ-4pG,Bluey's Big Play,2026-08-15,10:00:00,False,False,Arts & Theatre,Children's Theatre,Children's Theatre,False,KovZ9177gef,Bristol Beacon,Trenchard Street,BS1 5AR,Bristol,-2.59827030,51.45454646,All of United Kingdom,201,https://www.ticketmaster.co.uk/blueys-big-play-bristol-15-08-2026/event/37006298C085558C
1069,1AMZk1bGkdZ-Ppp,Bluey's Big Play,2026-08-15,13:00:00,False,False,Arts & Theatre,Children's Theatre,Children's Theatre,False,KovZ9177gef,Bristol Beacon,Trenchard Street,BS1 5AR,Bristol,-2.59827030,51.45454646,All of United Kingdom,201,https://www.ticketmaster.co.uk/blueys-big-play-bristol-15-08-2026/event/37006298C0865596
1070,1AMZk1bGkdZ-gbM,Bluey's Big Play,2026-08-15,16:00:00,False,False,Arts & Theatre,Children's Theatre,Children's Theatre,False,KovZ9177gef,Bristol Beacon,Trenchard Street,BS1 5AR,Bristol,-2.59827030,51.45454646,All of United Kingdom,201,https://www.ticketmaster.co.uk/blueys-big-play-bristol-15-08-2026/event/37006298C0875637
1071,1AMZk1bGkdZx4jQ,Bluey's Big Play,2026-08-16,13:00:00,False,False,Arts & Theatre,Children's Theatre,Children's Theatre,False,KovZ9177gef,Bristol Beacon,Trenchard Street,BS1 5AR,Bristol,-2.59827030,51.45454646,All of United Kingdom,201,https://www.ticketmaster.co.uk/blueys-big-play-bristol-16-08-2026/event/37006298C089571A
1072,1AMZk1bGkdZxAQ5,Bluey's Big Play,2026-08-16,10:00:00,False,False,Arts & Theatre,Children's Theatre,Children's Theatre,False,KovZ9177gef,Bristol Beacon,Trenchard Street,BS1 5AR,Bristol,-2.59827030,51.45454646,All of United Kingdom,201,https://www.ticketmaster.co.uk/blueys-big-play-bristol-16-08-2026/event/37006298C088568B
1073,1AMZk1bGkdZxPjO,Bluey's Big Play,2026-08-16,16:00:00,False,False,Arts & Theatre,Children's Theatre,Children's Theatre,False,KovZ9177gef,Bristol Beacon,Trenchard Street,BS1 5AR,Bristol,-2.59827030,51.45454646,All of United Kingdom,201,https://www.ticketmaster.co.uk/blueys-big-play-bristol-16-08-2026/event/37006298C08A5720
1074,G5vHZbM1oDSyB,Venue Premium Tickets - Deep Purple,2026-11-18,17:30:00,False,False,Music,Rock,Pop,False,KovZpZAnFdnA,Utilita Arena Newcastle,Arena Way,NE4 7NA,Newcastle Upon Tyne,-1.62333800,54.96380900,All of United Kingdom,201,https://www.ticketmaster.co.uk/venue-premium-tickets-deep-purple-newcastle-upon-tyne-18-11-2026/event/1F00637291EF3E7A
1075,G5vHZbM2nByJt,Deep Purple,2026-11-18,17:30:00,False,False,Music,Rock,Pop,False,KovZpZAnFdnA,Utilita Arena Newcastle,Arena Way,NE4 7NA,Newcastle Upon Tyne,-1.62333800,54.96380900,All of United Kingdom,201,https://www.ticketmaster.co.uk/deep-purple-newcastle-upon-tyne-18-11-2026/event/1F006373EAEB99A9
1076,1AdbZbUGkwxPJeN,Deep Purple,2026-11-19,18:00:00,False,False,Music,Rock,Pop,False,KovZ9177Sq0,OVO Hydro,Exhibition Way,G3 8YW,Glasgow,-4.28815400,55.86087000,All of United Kingdom,201,https://www.ticketmaster.co.uk/deep-purple-glasgow-19-11-2026/event/3600636CA29660A3
1077,1adbZbM1o_gZd2Ce,Venue Premium - Deep Purple,2026-11-19,18:00:00,False,False,Miscellaneous,Community/Civic,Community/Civic,False,KovZ9177Sq0,OVO Hydro,Exhibition Way,G3 8YW,Glasgow,-4.28815400,55.86087000,All of United Kingdom,201,https://www.ticketmaster.co.uk/venue-premium-deep-purple-glasgow-19-11-2026/event/3600637291675ED1
1078,16eGZbMGFG7c3If,Deep Purple,2026-11-21,17:30:00,False,False,Music,Rock,Pop,False,KovZ9177WP7,bp pulse LIVE,National Exhibition Centre,B401NT,Birmingham,-1.72007300,52.45305700,All of United Kingdom,201,https://www.ticketmaster.co.uk/deep-purple-birmingham-21-11-2026/event/2300637308B52A14
1079,G5vHZ_5UlV9L1,Deep Purple,2026-11-22,17:30:00,False,False,Music,Rock,Pop,False,KovZ9177A4f,AO Arena,"Victoria Station, Hunts Bank",M3 1AR,Manchester,-2.24406600,53.48816400,All of United Kingdom,201,https://www.ticketmaster.co.uk/deep-purple-manchester-22-11-2026/event/1F0064BDABD177CA
1080,G5vHZbM5hUzOY,DEEP PURPLE - Venue Premium Tickets,2026-11-22,17:30:00,False,False,Music,Rock,Pop,False,KovZ9177A4f,AO Arena,"Victoria Station, Hunts Bank",M3 1AR,Manchester,-2.24406600,53.48816400,All of United Kingdom,201,https://www.ticketmaster.co.uk/deep-purple-venue-premium-tickets-manchester-22-11-2026/event/1F006372DBDB8830
1081,1AUZkuSGkeyfbjX,Deep Purple,2026-11-24,19:00:00,False,False,Music,Rock,Pop,False,KovZpZAtadaA,Eventim Apollo,45 Queen Caroline Street,W6 9QH,London,-0.22442300,51.49069300,All of United Kingdom,201,https://www.ticketmaster.co.uk/deep-purple-london-24-11-2026/event/36006373B951873E
1082,G5vHZ_dd067hV,Deep Purple,2026-11-25,18:45:00,False,False,Music,Rock,Pop,False,KovZ9177Arf,Royal Albert Hall,Kensington Gore,SW7 2AP,London,-0.17755200,51.50127700,All of United Kingdom,201,https://www.ticketmaster.co.uk/deep-purple-london-25-11-2026/event/1F006430E41C46F4
1083,1AdbZbzGkRliQxE,The Dead South - Venue Premium Tickets,2026-08-31,19:00:00,False,False,Music,Rock,Pop,False,KovZ9177nnV,York Barbican,Paragon Street,YO10 4NT,York,-1.07362900,53.95386000,All of United Kingdom,201,https://www.ticketmaster.co.uk/the-dead-south-venue-premium-tickets-york-31-08-2026/event/3600638BEBB1A8A7
1084,1adbZbz09PYZd5CA,The Dead South,2026-08-31,19:00:00,False,False,Music,Rock,Pop,False,KovZ9177nnV,York Barbican,Paragon Street,YO10 4NT,York,-1.07362900,53.95386000,All of United Kingdom,201,https://www.ticketmaster.co.uk/the-dead-south-york-31-08-2026/event/3600638917970AD4
1085,1AgZk3oGkdDBUhf,KAROL G - VIAJANDO POR EL MUNDO TROPITOUR,2027-07-06,17:30:00,False,False,Music,Latin,Latin,False,KovZ9177OxV,Tottenham Hotspur Stadium,782 High Rd,N17 0BX,London,-0.06787000,51.60081900,All of United Kingdom,201,https://www.ticketmaster.co.uk/karol-g-viajando-por-el-mundo-london-06-07-2027/event/35006491FBEB66D4
1086,G5dzZ_GJibVci,The Dead South,2027-03-05,19:00:00,False,False,Music,Rock,Pop,False,KovZ91777af,O2 Academy Brixton,211 Stockwell Road,SW9 9SL,London,-0.11517600,51.46535500,All of United Kingdom,201,https://www.ticketmaster.co.uk/the-dead-south-london-05-03-2027/event/3E0064C9AC634B6C
1087,17u8v0G6Gm8I6T0,The Dead South,2027-03-06,19:00:00,False,False,Music,Rock,Pop,False,KovZ9177Li7,Aviva Studios - Warehouse,Water Street,M3 4JQ,Manchester,-2.25446000,53.48008000,All of United Kingdom,201,https://www.ticketmaster.co.uk/the-dead-south-manchester-06-03-2027/event/350064CB90A07FE4
1088,17uOv0G6GpGz4UF,The Dead South,2027-03-12,18:30:00,False,False,Music,Rock,Pop,False,KovZ9177nf7,Utilita Arena Cardiff,Mary Ann Street,CF10 2EQ,Cardiff,-3.17177100,51.47893100,All of United Kingdom,201,https://www.ticketmaster.co.uk/the-dead-south-cardiff-12-03-2027/event/360064C58CE15D88
1089,17uOv0G6urYBa3U,beabadoobee: The Powerlines Tour,2026-11-14,18:30:00,False,False,Music,Rock,Pop,False,KovZ9177Sq0,OVO Hydro,Exhibition Way,G3 8YW,Glasgow,-4.28815400,55.86087000,All of United Kingdom,201,https://www.ticketmaster.co.uk/beabadoobee-the-powerlines-tour-glasgow-14-11-2026/event/360064D7B0E894B6
1090,Z7r9jZ1A7Psj_,beabadoobee w/ Wisp,2026-11-14,18:30:00,False,,Music,Other,Other,False,ZFr9jZ1Avk,OVO Hydro,"SECC, Exhibition Way",G3 8YW,Glasgow,0,0,,,https://www.ticketmaster.com/event/Z7r9jZ1A7Psj_
1091,17uOv0G6uhOd1tG,beabadoobee: The Powerlines Tour,2026-11-16,18:30:00,False,False,Music,Rock,Pop,False,KovZ9177nf7,Utilita Arena Cardiff,Mary Ann Street,CF10 2EQ,Cardiff,-3.17177100,51.47893100,All of United Kingdom,201,https://www.ticketmaster.co.uk/beabadoobee-the-powerlines-tour-cardiff-16-11-2026/event/360064D6E00CAA4C
1092,G5vHZ_u1gUca1,beabadoobee: The Powerlines Tour,2026-11-17,18:30:00,False,False,Music,Rock,Pop,False,KovZ9177A4f,AO Arena,"Victoria Station, Hunts Bank",M3 1AR,Manchester,-2.24406600,53.48816400,All of United Kingdom,201,https://www.ticketmaster.co.uk/beabadoobee-the-powerlines-tour-manchester-17-11-2026/event/1F0064D2B5DAD24A
1093,G5vHZ_uhLFLMC,beabadoobee: Venue Premium Tickets,2026-11-17,18:30:00,False,False,Music,Rock,Pop,False,KovZ9177A4f,AO Arena,"Victoria Station, Hunts Bank",M3 1AR,Manchester,-2.24406600,53.48816400,All of United Kingdom,201,https://www.ticketmaster.co.uk/beabadoobee-venue-premium-tickets-manchester-17-11-2026/event/1F0064D6DF21FDCE
1094,17u8v0G6uhS1NuT,beabadoobee: The Powerlines Tour,2026-11-18,18:30:00,False,False,Music,Rock,Pop,False,KovZ9177PFf,The O2,Peninsula Square,SE10 0DX,London,0.00551900,51.50158100,All of United Kingdom,201,https://www.ticketmaster.co.uk/beabadoobee-the-powerlines-tour-london-18-11-2026/event/350064D6F32A337F
1095,Z7r9jZ1A7Ps_A,beabadoobee w/ Wisp,2026-11-18,19:00:00,False,,Music,Other,Other,False,Z7r9jZakuB,The O2,Peninsula Square,SE10 0DX,Greenwich,0,0,,,https://www.ticketmaster.com/event/Z7r9jZ1A7Ps_A
1096,1AdfZ_kGknDSfO2,David Gray,2026-07-10,17:30:00,False,False,Music,Rock,Alternative Rock,False,KovZ9177Et7,Dreamland,49-51 Marine Terrace,CT9 1XJ,Margate,1.37737690,51.38655860,All of United Kingdom,201,https://www.ticketmaster.co.uk/david-gray-margate-10-07-2026/event/3500646ABBCD480F
1097,G5vHZbsmx6ouD,David Gray + Special Guest The Divine Comedy,2026-07-11,17:00:00,False,False,Music,Rock,Alternative Rock,True,KovZ9177Gu0,Cardiff Castle,Castle Street,CF10 3RB,Cardiff,-3.18216700,51.48166800,All of United Kingdom,201,https://www.ticketmaster.co.uk/david-gray-special-guest-the-divine-cardiff-11-07-2026/event/1F00631BA21D137B
1098,G5vHZbw3SUfAW,David Gray- Official Ticket and Hotel Bundls,2026-07-11,17:00:00,False,False,Music,Rock,Alternative Rock,False,KovZ9177Gu0,Cardiff Castle,Castle Street,CF10 3RB,Cardiff,-3.18216700,51.48166800,All of United Kingdom,201,https://app.bundl.travel/event/depot-live-at-cardiff-castle?utm_source=ticketmaster&utm_medium=affiliate&utm_campaign=davidgray&utm_content=cardiffcastle
1099,G5vHZbUMhfz5x,David Gray,2026-07-24,19:00:00,False,False,Music,Rock,Alternative Rock,False,KovZpZAn1ekA,The Anvil,Churchill Way,RG21 7QR,Basingstoke,-1.08963900,51.26700700,All of United Kingdom,201,https://www.ticketmaster.co.uk/david-gray-basingstoke-24-07-2026/event/1F00636DDB5382E2
1100,G5vHZbUMEzFY7,David Gray,2026-07-25,19:00:00,False,False,Music,Rock,Alternative Rock,False,KovZpZAn1ekA,The Anvil,Churchill Way,RG21 7QR,Basingstoke,-1.08963900,51.26700700,All of United Kingdom,201,https://www.ticketmaster.co.uk/david-gray-basingstoke-25-07-2026/event/1F00636DE7E08C04
1101,1AdjZ_eGkSplwyk,Latitude Festival 2026 - Sunday Day Ticket,2026-07-26,10:00:00,False,False,Music,Undefined,Undefined,False,KovZ9177DH0,Henham Park,Beccles,NR34 8AN,Suffolk,1.59526700,52.34890600,All of United Kingdom,201,https://www.ticketmaster.co.uk/latitude-festival-2026-sunday-day-ticket-suffolk-26-07-2026/event/3700642CD6AF2E46
1102,G5vHZ_6KO3FFo,Jungle,2026-11-21,18:30:00,False,False,Music,R&B,Soul,False,KovZ9177Gd7,Leeds First Direct Bank Arena,Clay Pit Lane,LS28AR,Leeds,-1.54407300,53.80461600,All of United Kingdom,201,https://www.ticketmaster.co.uk/jungle-leeds-21-11-2026/event/1F006474E0488211
1103,G5vHZ_6Nyjyd4,Jungle - Venue Premium Packages,2026-11-21,18:00:00,False,False,Music,R&B,Soul,False,KovZ9177Gd7,Leeds First Direct Bank Arena,Clay Pit Lane,LS28AR,Leeds,-1.54407300,53.80461600,All of United Kingdom,201,https://www.ticketmaster.co.uk/jungle-venue-premium-packages-leeds-21-11-2026/event/1F006478F97390D5
1104,1AUZkosGkeH9PkP,Jungle,2026-11-22,18:30:00,False,False,Music,R&B,Soul,False,KovZ9177nf7,Utilita Arena Cardiff,Mary Ann Street,CF10 2EQ,Cardiff,-3.17177100,51.47893100,All of United Kingdom,201,https://www.ticketmaster.co.uk/jungle-cardiff-22-11-2026/event/36006471BC5E51A5
1105,1AdfZ_6GknIxVxR,Jungle,2026-11-24,18:30:00,False,False,Music,R&B,Soul,False,KovZ9177PFf,The O2,Peninsula Square,SE10 0DX,London,0.00551900,51.50158100,All of United Kingdom,201,https://www.ticketmaster.co.uk/jungle-london-24-11-2026/event/3500647AA88B48AF
1106,1AgZkoVGkdxgFsc,Jungle,2026-11-25,18:30:00,False,False,Music,R&B,Soul,False,KovZ9177PFf,The O2,Peninsula Square,SE10 0DX,London,0.00551900,51.50158100,All of United Kingdom,201,https://www.ticketmaster.co.uk/jungle-london-25-11-2026/event/35006474E2D48C6D
1107,1AMZkowGkd2ugBU,Jungle,2026-11-27,18:30:00,False,False,Music,R&B,Soul,False,KovZ9177z1f,Co-op Live,1 Sports City Way,M11 3DU,Manchester,-2.19957970,53.48661136,All of United Kingdom,201,https://www.ticketmaster.co.uk/jungle-manchester-27-11-2026/event/37006472CF375EB6
1108,16dbZ_6AgG7tvKx,Jungle,2026-11-28,18:30:00,False,False,Music,R&B,Soul,False,KovZ9177Sq0,OVO Hydro,Exhibition Way,G3 8YW,Glasgow,-4.28815400,55.86087000,All of United Kingdom,201,https://www.ticketmaster.co.uk/jungle-glasgow-28-11-2026/event/3600647175A414E2
1109,1AeGZbgGkDhVxZI,Bloc Party & Interpol Co-Headline Tour,2026-11-20,18:00:00,False,False,Music,Rock,Pop,False,KovZ9177W00,Utilita Arena Birmingham,King Edwards Road,B1 2AA,Birmingham,-1.91492400,52.47993200,All of United Kingdom,201,https://www.ticketmaster.co.uk/bloc-party-interpol-coheadline-tour-birmingham-20-11-2026/event/2300635EDBD22028
1110,1AUZkuNGkeIF6Z0,Interpol & Bloc Party Co-Headline Tour,2026-11-21,18:30:00,False,False,Music,Rock,Alternative Rock,False,KovZ9177nf7,Utilita Arena Cardiff,Mary Ann Street,CF10 2EQ,Cardiff,-3.17177100,51.47893100,All of United Kingdom,201,https://www.ticketmaster.co.uk/interpol-bloc-party-coheadline-tour-cardiff-21-11-2026/event/36006363A8207024
1111,1AdfZbgGkDj9lB1,Bloc Party & Interpol Co-Headline Tour,2026-11-23,18:00:00,False,False,Music,Rock,Pop,False,KovZ9177Li7,Aviva Studios - Warehouse,Water Street,M3 4JQ,Manchester,-2.25446000,53.48008000,All of United Kingdom,201,https://www.ticketmaster.co.uk/bloc-party-interpol-coheadline-tour-manchester-23-11-2026/event/3500635EDC5EBE8A
1112,1AdfZbgGkDjTlDr,Interpol & Bloc Party Co-Headline Tour,2026-11-24,18:00:00,False,False,Music,Rock,Alternative Rock,False,KovZ9177Li7,Aviva Studios - Warehouse,Water Street,M3 4JQ,Manchester,-2.25446000,53.48008000,All of United Kingdom,201,https://www.ticketmaster.co.uk/interpol-bloc-party-coheadline-tour-manchester-24-11-2026/event/3500635EDCFEBEDE
1113,G5dzZbgWBTemU,Bloc Party & Interpol Co-Headline Tour,2026-11-26,18:30:00,False,False,Music,Rock,Pop,False,KovZ91777a7,The Brighton Centre,Kings Road,BN1 2GR,Brighton,-0.14633100,50.82153000,All of United Kingdom,201,https://www.ticketmaster.co.uk/bloc-party-interpol-coheadline-tour-brighton-26-11-2026/event/3E00635F7AFC2BB6
1114,G5dzZbgWDgxYl,Interpol & Bloc Party Co-Headline Tour,2026-11-27,18:30:00,False,False,Music,Rock,Alternative Rock,False,KovZ91777a7,The Brighton Centre,Kings Road,BN1 2GR,Brighton,-0.14633100,50.82153000,All of United Kingdom,201,https://www.ticketmaster.co.uk/interpol-bloc-party-coheadline-tour-brighton-27-11-2026/event/3E00635F7BD62C2B
1115,1AdfZbgGkByKy8v,Bloc Party & Interpol Co-Headline Tour,2026-11-28,18:00:00,False,False,Music,Rock,Pop,False,KovZ91770_0,Utilita Arena Sheffield,Broughton Lane,S9 2DF,Sheffield,-1.41882500,53.39978600,All of United Kingdom,201,https://www.ticketmaster.co.uk/bloc-party-interpol-coheadline-tour-sheffield-28-11-2026/event/3500635EB94F9401
1116,1AdfZbgGkD4mlji,Bloc Party & Interpol - Venue Premium,2026-11-28,18:00:00,False,False,Miscellaneous,Community/Civic,Community/Civic,False,KovZ91770_0,Utilita Arena Sheffield,Broughton Lane,S9 2DF,Sheffield,-1.41882500,53.39978600,All of United Kingdom,201,https://www.ticketmaster.co.uk/bloc-party-interpol-venue-premium-sheffield-28-11-2026/event/3500635ED5BAB72C
1117,1AdbZbgGkSrZhO3,Bloc Party & Interpol Co-Headline Tour,2026-12-02,18:00:00,False,False,Music,Rock,Pop,False,KovZ9177Sq0,OVO Hydro,Exhibition Way,G3 8YW,Glasgow,-4.28815400,55.86087000,All of United Kingdom,201,https://www.ticketmaster.co.uk/bloc-party-interpol-coheadline-tour-glasgow-02-12-2026/event/3600635CDE01B812
1118,G5vHZbUpjpAGS,Venue Premium Interpol & Bloc Party Co-Headline Tour,2026-12-04,18:00:00,False,False,Music,Rock,Pop,False,KovZ91776a7,Olympia,Hammersmith Road,W148UX,London,-0.21165000,51.49496800,All of United Kingdom,201,https://www.ticketmaster.co.uk/venue-premium-interpol-bloc-party-coheadline-london-04-12-2026/event/1F0063659C585333
1119,G5vHZbgDri6Wc,Interpol & Bloc Party Co-Headline Tour,2026-12-04,18:00:00,False,False,Music,Rock,Alternative Rock,False,KovZ91776a7,Olympia,Hammersmith Road,W148UX,London,-0.21165000,51.49496800,All of United Kingdom,201,https://www.ticketmaster.co.uk/interpol-bloc-party-coheadline-tour-london-04-12-2026/event/1F00635EDEB07F6D
1120,G5vHZbUpYKp2N,Venue Premium Bloc Party & Interpol Co-Headline Tour,2026-12-05,18:00:00,False,False,Music,Rock,Pop,False,KovZ91776a7,Olympia,Hammersmith Road,W148UX,London,-0.21165000,51.49496800,All of United Kingdom,201,https://www.ticketmaster.co.uk/venue-premium-bloc-party-interpol-coheadline-london-05-12-2026/event/1F006365B04D63E3
1121,G5vHZbgDLQEXU,Bloc Party & Interpol Co-Headline Tour,2026-12-05,18:00:00,False,False,Music,Rock,Pop,False,KovZ91776a7,Olympia,Hammersmith Road,W148UX,London,-0.21165000,51.49496800,All of United Kingdom,201,https://www.ticketmaster.co.uk/bloc-party-interpol-coheadline-tour-london-05-12-2026/event/1F00635EDF6A7FB6
1122,1AdbZbEGkDZy8ym,The World of Hans Zimmer - Premium Ticket and Hotel Experiences,2026-10-06,18:31:00,False,False,Music,Classical,Classical/Vocal,False,KovZ9177Sq0,OVO Hydro,Exhibition Way,G3 8YW,Glasgow,-4.28815400,55.86087000,All of United Kingdom,201,https://www.eventtravel.com/the-world-of-hans-zimmer-tickets-2026?agentCodeWeblink=AF294
1123,1AdjZbEGkDeY4ou,The World of Hans Zimmer - Premium Ticket and Hotel Experiences,2026-10-07,19:31:00,False,False,Music,Classical,Classical/Vocal,False,KovZ9177z1f,Co-op Live,1 Sports City Way,M11 3DU,Manchester,-2.19957970,53.48661136,All of United Kingdom,201,https://www.eventtravel.com/the-world-of-hans-zimmer-tickets-2026?agentCodeWeblink=AF294
1124,G5vHZbED7a31f,The World of Hans Zimmer - Premium Ticket and Hotel Experiences,2026-10-08,18:31:00,False,False,Music,Classical,Classical/Vocal,False,KovZ9177Gd7,Leeds First Direct Bank Arena,Clay Pit Lane,LS28AR,Leeds,-1.54407300,53.80461600,All of United Kingdom,201,https://www.eventtravel.com/the-world-of-hans-zimmer-tickets-2026?agentCodeWeblink=AF294
1125,G5vHZbJBpZsXN,The World of Hans Zimmer - a New Dimension,2026-10-08,18:30:00,False,False,Film,Music,Music,False,KovZ9177Gd7,Leeds First Direct Bank Arena,Clay Pit Lane,LS28AR,Leeds,-1.54407300,53.80461600,All of United Kingdom,201,https://www.ticketmaster.co.uk/the-world-of-hans-zimmer-a-leeds-08-10-2026/event/1F00626E96031FA3
1126,1AeGZbEGkDAyYM-,The World of Hans Zimmer - Premium Ticket and Hotel Experiences,2026-10-10,18:31:00,False,False,Music,Classical,Classical/Vocal,False,KovZ9177W00,Utilita Arena Birmingham,King Edwards Road,B1 2AA,Birmingham,-1.91492400,52.47993200,All of United Kingdom,201,https://www.eventtravel.com/the-world-of-hans-zimmer-tickets-2026?agentCodeWeblink=AF294
1127,1AeGZbJGkB_ZZUA,The World of Hans Zimmer - a New Dimension,2026-10-10,18:30:00,False,False,Film,Music,Music,False,KovZ9177W00,Utilita Arena Birmingham,King Edwards Road,B1 2AA,Birmingham,-1.91492400,52.47993200,All of United Kingdom,201,https://www.ticketmaster.co.uk/the-world-of-hans-zimmer-a-birmingham-10-10-2026/event/2300626E99000D85
1128,1AdfZbEGkD6ddvO,The World of Hans Zimmer - Premium Ticket and Hotel Experiences,2026-10-13,18:31:00,False,False,Music,Classical,Classical/Vocal,False,KovZ9177PFf,The O2,Peninsula Square,SE10 0DX,London,0.00551900,51.50158100,All of United Kingdom,201,https://www.eventtravel.com/the-world-of-hans-zimmer-tickets-2026?agentCodeWeblink=AF294
1129,LvZ18Q4S95voQ0OZyWeTj,Mania: The ABBA Show,2026-07-11,21:00:00,False,,Music,Undefined,Undefined,,KovZpZAnvalA,"Boisdale, Canary Wharf",Cabot Place,E14 4QT,London,-0.02227100,51.50525200,All of United Kingdom,201,https://www.universe.com/events/mania-the-abba-show-tickets-8S9C5Y?ref=ticketmaster
1130,LvZ18Q4SbccdWbOZybd2S,Mania: The ABBA Show,2026-10-15,21:00:00,False,,Music,Undefined,Undefined,,KovZpZAnvalA,"Boisdale, Canary Wharf",Cabot Place,E14 4QT,London,-0.02227100,51.50525200,All of United Kingdom,201,https://www.universe.com/events/mania-the-abba-show-tickets-GVZ4M0?ref=ticketmaster
1131,16gZk8PPFZAueuGA,Tom Jones,2026-07-25,18:00:00,False,False,Music,Rock,Pop,False,KovZ9177LTf,The Piece Hall,Blackledge,HX1 1RE,Halifax,-1.85657000,53.72143200,All of United Kingdom,201,https://www.ticketmaster.co.uk/tom-jones-halifax-25-07-2026/event/35006425948C1CB4
1132,1AdfZ_dGkSWwbfD,Tom Jones- Official Ticket and Hotel Bundls,2026-07-25,18:01:00,False,False,Music,Rock,Pop,False,KovZ9177LTf,The Piece Hall,Blackledge,HX1 1RE,Halifax,-1.85657000,53.72143200,All of United Kingdom,201,https://app.bundl.travel/event/1769427053656x588966929220239400?utm_source=ticketmaster&utm_medium=affiliate&utm_campaign=tomjones&utm_content=thepiecehall
1133,1AdfZ_dGkSDWbC1,Tom Jones- Official Ticket and Hotel Bundls,2026-07-26,18:01:00,False,False,Music,Rock,Pop,False,KovZ9177Ez0,Scarborough Open Air Theatre,Burniston Road,YO12 6PF,Scarborough,-0.41208600,54.29319500,All of United Kingdom,201,https://app.bundl.travel/event/1769427100950x234197630287085570?utm_source=ticketmaster&utm_medium=affiliate&utm_campaign=tomjones&utm_content=scarborough
1134,1AgZkCfGkeS9aoU,Tom Jones,2026-07-26,18:00:00,False,False,Music,Rock,Pop,False,KovZ9177Ez0,Scarborough Open Air Theatre,Burniston Road,YO12 6PF,Scarborough,-0.41208600,54.29319500,All of United Kingdom,201,https://www.ticketmaster.co.uk/tom-jones-scarborough-26-07-2026/event/35006394B35C9476
1135,1AgZk3eGkdPezFg,Tom Jones - CPB Industry Event,2026-08-05,18:30:00,False,False,Music,Rock,Pop,False,KovZ9177tzf,Crystal Palace Bowl,Terrace Straight,SE19 2GA,London,-0.06738600,51.42091700,All of United Kingdom,201,https://www.ticketmaster.co.uk/tom-jones-cpb-industry-event-london-05-08-2026/event/35006482E50B8235
1136,1AgZkoAGkdn6Evg,Palace Bowl Presents - Tom Jones,2026-08-05,17:00:00,False,False,Music,Rock,Pop,False,KovZ9177tzf,Crystal Palace Bowl,Terrace Straight,SE19 2GA,London,-0.06738600,51.42091700,All of United Kingdom,201,https://www.ticketmaster.co.uk/palace-bowl-presents-tom-jones-london-05-08-2026/event/35006445EA1E7075
1137,1adfZ_arbf-Zd8k1,Tom Jones Seating/Chair Upgrade - Ticket NOT Included,2026-08-05,17:00:00,False,False,Music,Rock,Pop,False,KovZ9177tzf,Crystal Palace Bowl,Terrace Straight,SE19 2GA,London,-0.06738600,51.42091700,All of United Kingdom,201,https://www.ticketmaster.co.uk/tom-jones-seatingchair-upgrade-ticket-not-london-05-08-2026/event/3500649798521F59
1138,16dOZ_613G7mOzN,Tom Jones,2026-08-12,18:00:00,False,False,Music,Rock,Pop,False,KovZ917A7e7,Custom House Square Belfast,Belfast,BT1 3ET,Belfast,-5.92320800,54.60185975,All of United Kingdom,201,https://www.ticketmaster.ie/tom-jones-belfast-12-08-2026/event/3800647292BA0E23
1139,1ku8v0uyGA5KxRj,Tom Jones and Nile Rodgers & Chic,2026-08-14,16:00:00,False,False,Music,Rock,Pop,False,KovZ9177P67,CHESTER RACECOURSE,New Crane Street,CH1 2LY,Chester,-2.89760300,53.18888700,All of United Kingdom,201,https://www.ticketmaster.co.uk/tom-jones-and-nile-rodgers-chic-chester-14-08-2026/event/350064379B4E2BDC
1140,17uYv0G61OpvC1y,Van Morrison In Concert,2026-09-23,18:30:00,False,False,Music,Rock,Pop,False,KovZ9177HFf,British Airways ARC,British Airways ARC,W148FJ,London,-0.21060857,51.49641301,All of United Kingdom,201,https://www.ticketmaster.co.uk/van-morrison-in-concert-london-23-09-2026/event/370064A81604E2B9
1141,17uYv0G61OyVL2g,Van Morrison In Concert,2026-09-24,18:30:00,False,False,Music,Rock,Pop,False,KovZ9177HFf,British Airways ARC,British Airways ARC,W148FJ,London,-0.21060857,51.49641301,All of United Kingdom,201,https://www.ticketmaster.co.uk/van-morrison-in-concert-london-24-09-2026/event/370064A839D1F3F5
1142,17uYv0G65SVzBzw,Van Morrison In Concert,2026-09-26,19:30:00,False,False,Music,Rock,Pop,False,KovZ9177UyV,New Wimbledon Theatre,93 The Broadway,SW19 1QG,London,-0.20132620,51.41929020,All of United Kingdom,201,https://www.ticketmaster.co.uk/van-morrison-in-concert-london-26-09-2026/event/370064BCF4E3AE32
1143,17uYv0G61NUPQb_,Van Morrison In Concert,2026-09-27,18:30:00,False,False,Music,Rock,Pop,False,KovZ9177HFf,British Airways ARC,British Airways ARC,W148FJ,London,-0.21060857,51.49641301,All of United Kingdom,201,https://www.ticketmaster.co.uk/van-morrison-in-concert-london-27-09-2026/event/370064A8F695A619
1144,17uYv0G61mVDoYf,Van Morrison In Concert,2026-09-28,18:30:00,False,False,Music,Rock,Pop,False,KovZ9177HFf,British Airways ARC,British Airways ARC,W148FJ,London,-0.21060857,51.49641301,All of United Kingdom,201,https://www.ticketmaster.co.uk/van-morrison-in-concert-london-28-09-2026/event/370064ABB4ED1C14
1145,17uYv0G61OXs2KO,Van Morrison In Concert,2026-09-29,18:30:00,False,False,Music,Rock,Pop,False,KovZ9177HFf,British Airways ARC,British Airways ARC,W148FJ,London,-0.21060857,51.49641301,All of United Kingdom,201,https://www.ticketmaster.co.uk/van-morrison-in-concert-london-29-09-2026/event/370064A83EC4F4E0
1146,17uOv0G6G2Hzx7c,Back to the Future The Musical,2026-10-08,19:30:00,False,False,Arts & Theatre,Theatre,Musical,False,KovZ9177Y7f,Bristol Hippodrome,St. Augustine's Parade,BS1 4UZ,Bristol,-2.59838900,51.45318300,All of United Kingdom,201,https://theatre.ticketmaster.co.uk/book/1J45R-back-to-the-future-the-musical/#perf=1J45R-2&date=2026-10-08&time=7.30PM
1147,17uOv0G6G2WAeF4,Back to the Future The Musical,2026-10-09,19:30:00,False,False,Arts & Theatre,Theatre,Musical,False,KovZ9177Y7f,Bristol Hippodrome,St. Augustine's Parade,BS1 4UZ,Bristol,-2.59838900,51.45318300,All of United Kingdom,201,https://theatre.ticketmaster.co.uk/book/1J45R-back-to-the-future-the-musical/#perf=1J45R-3&date=2026-10-09&time=7.30PM
1148,17uOv0G6G2Wox5l,Back to the Future The Musical,2026-10-10,14:30:00,False,False,Arts & Theatre,Theatre,Musical,False,KovZ9177Y7f,Bristol Hippodrome,St. Augustine's Parade,BS1 4UZ,Bristol,-2.59838900,51.45318300,All of United Kingdom,201,https://theatre.ticketmaster.co.uk/book/1J45R-back-to-the-future-the-musical/#perf=1J45R-4&date=2026-10-10&time=2.30PM
1149,17uOv0G6G2Wqw2N,Back to the Future The Musical,2026-10-10,19:30:00,False,False,Arts & Theatre,Theatre,Musical,False,KovZ9177Y7f,Bristol Hippodrome,St. Augustine's Parade,BS1 4UZ,Bristol,-2.59838900,51.45318300,All of United Kingdom,201,https://theatre.ticketmaster.co.uk/book/1J45R-back-to-the-future-the-musical/#perf=1J45R-5&date=2026-10-10&time=7.30PM
1150,17uOv0G6G2Wn3fQ,Back to the Future The Musical,2026-10-12,19:30:00,False,False,Arts & Theatre,Theatre,Musical,False,KovZ9177Y7f,Bristol Hippodrome,St. Augustine's Parade,BS1 4UZ,Bristol,-2.59838900,51.45318300,All of United Kingdom,201,https://theatre.ticketmaster.co.uk/book/1J45R-back-to-the-future-the-musical/#perf=1J45R-6&date=2026-10-12&time=7.30PM
1151,17uOv0G6G2WUxQ0,Back to the Future The Musical,2026-10-13,19:30:00,False,False,Arts & Theatre,Theatre,Musical,False,KovZ9177Y7f,Bristol Hippodrome,St. Augustine's Parade,BS1 4UZ,Bristol,-2.59838900,51.45318300,All of United Kingdom,201,https://theatre.ticketmaster.co.uk/book/1J45R-back-to-the-future-the-musical/#perf=1J45R-7&date=2026-10-13&time=7.30PM
1152,17uOv0G6G2X23xS,Back to the Future The Musical,2026-10-14,19:30:00,False,False,Arts & Theatre,Theatre,Musical,False,KovZ9177Y7f,Bristol Hippodrome,St. Augustine's Parade,BS1 4UZ,Bristol,-2.59838900,51.45318300,All of United Kingdom,201,https://theatre.ticketmaster.co.uk/book/1J45R-back-to-the-future-the-musical/#perf=1J45R-9&date=2026-10-14&time=7.30PM
1153,17uOv0G6G2XewrV,Back to the Future The Musical,2026-10-14,14:30:00,False,False,Arts & Theatre,Theatre,Musical,False,KovZ9177Y7f,Bristol Hippodrome,St. Augustine's Parade,BS1 4UZ,Bristol,-2.59838900,51.45318300,All of United Kingdom,201,https://theatre.ticketmaster.co.uk/book/1J45R-back-to-the-future-the-musical/#perf=1J45R-8&date=2026-10-14&time=2.30PM
1154,17uOv0G6G2XhxEa,Back to the Future The Musical,2026-10-15,19:30:00,False,False,Arts & Theatre,Theatre,Musical,False,KovZ9177Y7f,Bristol Hippodrome,St. Augustine's Parade,BS1 4UZ,Bristol,-2.59838900,51.45318300,All of United Kingdom,201,https://theatre.ticketmaster.co.uk/book/1J45R-back-to-the-future-the-musical/#perf=1J45R-A&date=2026-10-15&time=7.30PM
1155,17uOv0G6G2XEwlV,Back to the Future The Musical,2026-10-16,19:30:00,False,False,Arts & Theatre,Theatre,Musical,False,KovZ9177Y7f,Bristol Hippodrome,St. Augustine's Parade,BS1 4UZ,Bristol,-2.59838900,51.45318300,All of United Kingdom,201,https://theatre.ticketmaster.co.uk/book/1J45R-back-to-the-future-the-musical/#perf=1J45R-B&date=2026-10-16&time=7.30PM
1156,17uOv0G6G2TZ3w4,Back to the Future The Musical,2026-10-17,19:30:00,False,False,Arts & Theatre,Theatre,Musical,False,KovZ9177Y7f,Bristol Hippodrome,St. Augustine's Parade,BS1 4UZ,Bristol,-2.59838900,51.45318300,All of United Kingdom,201,https://theatre.ticketmaster.co.uk/book/1J45R-back-to-the-future-the-musical/#perf=1J45R-D&date=2026-10-17&time=7.30PM
1157,17uOv0G6G2XVemU,Back to the Future The Musical,2026-10-17,14:30:00,False,False,Arts & Theatre,Theatre,Musical,False,KovZ9177Y7f,Bristol Hippodrome,St. Augustine's Parade,BS1 4UZ,Bristol,-2.59838900,51.45318300,All of United Kingdom,201,https://theatre.ticketmaster.co.uk/book/1J45R-back-to-the-future-the-musical/#perf=1J45R-C&date=2026-10-17&time=2.30PM
1158,17uOv0G6G2TGwUW,Back to the Future The Musical,2026-10-19,19:30:00,False,False,Arts & Theatre,Theatre,Musical,False,KovZ9177Y7f,Bristol Hippodrome,St. Augustine's Parade,BS1 4UZ,Bristol,-2.59838900,51.45318300,All of United Kingdom,201,https://theatre.ticketmaster.co.uk/book/1J45R-back-to-the-future-the-musical/#perf=1J45R-E&date=2026-10-19&time=7.30PM
1159,17uOv0G6G2T_3Wk,Back to the Future The Musical,2026-10-20,19:30:00,False,False,Arts & Theatre,Theatre,Musical,False,KovZ9177Y7f,Bristol Hippodrome,St. Augustine's Parade,BS1 4UZ,Bristol,-2.59838900,51.45318300,All of United Kingdom,201,https://theatre.ticketmaster.co.uk/book/1J45R-back-to-the-future-the-musical/#perf=1J45R-F&date=2026-10-20&time=7.30PM
1160,17uOv0G6G2TPNv4,Back to the Future The Musical,2026-10-21,14:30:00,False,False,Arts & Theatre,Theatre,Musical,False,KovZ9177Y7f,Bristol Hippodrome,St. Augustine's Parade,BS1 4UZ,Bristol,-2.59838900,51.45318300,All of United Kingdom,201,https://theatre.ticketmaster.co.uk/book/1J45R-back-to-the-future-the-musical/#perf=1J45R-G&date=2026-10-21&time=2.30PM
1161,17uOv0G6G2TsSAa,Back to the Future The Musical,2026-10-21,19:30:00,False,False,Arts & Theatre,Theatre,Musical,False,KovZ9177Y7f,Bristol Hippodrome,St. Augustine's Parade,BS1 4UZ,Bristol,-2.59838900,51.45318300,All of United Kingdom,201,https://theatre.ticketmaster.co.uk/book/1J45R-back-to-the-future-the-musical/#perf=1J45R-H&date=2026-10-21&time=7.30PM
1162,17uOv0G6G2TXdaV,Back to the Future The Musical,2026-10-22,19:30:00,False,False,Arts & Theatre,Theatre,Musical,False,KovZ9177Y7f,Bristol Hippodrome,St. Augustine's Parade,BS1 4UZ,Bristol,-2.59838900,51.45318300,All of United Kingdom,201,https://theatre.ticketmaster.co.uk/book/1J45R-back-to-the-future-the-musical/#perf=1J45R-I&date=2026-10-22&time=7.30PM
1163,17uOv0G6GGZ1N86,Back to the Future The Musical,2026-10-23,19:30:00,False,False,Arts & Theatre,Theatre,Musical,False,KovZ9177Y7f,Bristol Hippodrome,St. Augustine's Parade,BS1 4UZ,Bristol,-2.59838900,51.45318300,All of United Kingdom,201,https://theatre.ticketmaster.co.uk/book/1J45R-back-to-the-future-the-musical/#perf=1J45R-J&date=2026-10-23&time=7.30PM
1164,17uOv0G6GGZNd_G,Back to the Future The Musical,2026-10-24,19:30:00,False,False,Arts & Theatre,Theatre,Musical,False,KovZ9177Y7f,Bristol Hippodrome,St. Augustine's Parade,BS1 4UZ,Bristol,-2.59838900,51.45318300,All of United Kingdom,201,https://theatre.ticketmaster.co.uk/book/1J45R-back-to-the-future-the-musical/#perf=1J45R-L&date=2026-10-24&time=7.30PM
1165,17uOv0G6GGZpSKg,Back to the Future The Musical,2026-10-24,14:30:00,False,False,Arts & Theatre,Theatre,Musical,False,KovZ9177Y7f,Bristol Hippodrome,St. Augustine's Parade,BS1 4UZ,Bristol,-2.59838900,51.45318300,All of United Kingdom,201,https://theatre.ticketmaster.co.uk/book/1J45R-back-to-the-future-the-musical/#perf=1J45R-K&date=2026-10-24&time=2.30PM
1166,17uOv0G6GGZRNqK,Back to the Future The Musical,2026-10-26,19:30:00,False,False,Arts & Theatre,Theatre,Musical,False,KovZ9177Y7f,Bristol Hippodrome,St. Augustine's Parade,BS1 4UZ,Bristol,-2.59838900,51.45318300,All of United Kingdom,201,https://theatre.ticketmaster.co.uk/book/1J45R-back-to-the-future-the-musical/#perf=1J45R-M&date=2026-10-26&time=7.30PM
1167,17uOv0G6GGZDSOR,Back to the Future The Musical,2026-10-27,19:30:00,False,False,Arts & Theatre,Theatre,Musical,False,KovZ9177Y7f,Bristol Hippodrome,St. Augustine's Parade,BS1 4UZ,Bristol,-2.59838900,51.45318300,All of United Kingdom,201,https://theatre.ticketmaster.co.uk/book/1J45R-back-to-the-future-the-musical/#perf=1J45R-N&date=2026-10-27&time=7.30PM
1168,17uOv0G6GGvFd0y,Back to the Future The Musical,2026-10-28,14:30:00,False,False,Arts & Theatre,Theatre,Musical,False,KovZ9177Y7f,Bristol Hippodrome,St. Augustine's Parade,BS1 4UZ,Bristol,-2.59838900,51.45318300,All of United Kingdom,201,https://theatre.ticketmaster.co.uk/book/1J45R-back-to-the-future-the-musical/#perf=1J45R-O&date=2026-10-28&time=2.30PM
1169,17uOv0G6GGvfNtC,Back to the Future The Musical,2026-10-28,19:30:00,False,False,Arts & Theatre,Theatre,Musical,False,KovZ9177Y7f,Bristol Hippodrome,St. Augustine's Parade,BS1 4UZ,Bristol,-2.59838900,51.45318300,All of United Kingdom,201,https://theatre.ticketmaster.co.uk/book/1J45R-back-to-the-future-the-musical/#perf=1J45R-P&date=2026-10-28&time=7.30PM
1170,17uOv0G6GGvOSYf,Back to the Future The Musical,2026-10-29,19:30:00,False,False,Arts & Theatre,Theatre,Musical,False,KovZ9177Y7f,Bristol Hippodrome,St. Augustine's Parade,BS1 4UZ,Bristol,-2.59838900,51.45318300,All of United Kingdom,201,https://theatre.ticketmaster.co.uk/book/1J45R-back-to-the-future-the-musical/#perf=1J45R-Q&date=2026-10-29&time=7.30PM
1171,17uOv0G6GGvcKUj,Back to the Future The Musical,2026-10-30,19:30:00,False,False,Arts & Theatre,Theatre,Musical,False,KovZ9177Y7f,Bristol Hippodrome,St. Augustine's Parade,BS1 4UZ,Bristol,-2.59838900,51.45318300,All of United Kingdom,201,https://theatre.ticketmaster.co.uk/book/1J45R-back-to-the-future-the-musical/#perf=1J45R-R&date=2026-10-30&time=7.30PM
1172,17uOv0G6GGekKT0,Back to the Future The Musical,2026-10-31,19:30:00,False,False,Arts & Theatre,Theatre,Musical,False,KovZ9177Y7f,Bristol Hippodrome,St. Augustine's Parade,BS1 4UZ,Bristol,-2.59838900,51.45318300,All of United Kingdom,201,https://theatre.ticketmaster.co.uk/book/1J45R-back-to-the-future-the-musical/#perf=1J45R-T&date=2026-10-31&time=7.30PM
1173,17uOv0G6GGvySDq,Back to the Future The Musical,2026-10-31,14:30:00,False,False,Arts & Theatre,Theatre,Musical,False,KovZ9177Y7f,Bristol Hippodrome,St. Augustine's Parade,BS1 4UZ,Bristol,-2.59838900,51.45318300,All of United Kingdom,201,https://theatre.ticketmaster.co.uk/book/1J45R-back-to-the-future-the-musical/#perf=1J45R-S&date=2026-10-31&time=2.30PM
1174,17uOv0G6GGe3V7H,Back to the Future The Musical,2026-11-02,19:30:00,False,False,Arts & Theatre,Theatre,Musical,False,KovZ9177Y7f,Bristol Hippodrome,St. Augustine's Parade,BS1 4UZ,Bristol,-2.59838900,51.45318300,All of United Kingdom,201,https://theatre.ticketmaster.co.uk/book/1J45R-back-to-the-future-the-musical/#perf=1J45R-U&date=2026-11-02&time=7.30PM
1175,17uOv0G6GGeL7Fn,Back to the Future The Musical,2026-11-03,19:30:00,False,False,Arts & Theatre,Theatre,Musical,False,KovZ9177Y7f,Bristol Hippodrome,St. Augustine's Parade,BS1 4UZ,Bristol,-2.59838900,51.45318300,All of United Kingdom,201,https://theatre.ticketmaster.co.uk/book/1J45R-back-to-the-future-the-musical/#perf=1J45R-V&date=2026-11-03&time=7.30PM
1176,17uOv0G6GGeMVo1,Back to the Future The Musical,2026-11-04,19:30:00,False,False,Arts & Theatre,Theatre,Musical,False,KovZ9177Y7f,Bristol Hippodrome,St. Augustine's Parade,BS1 4UZ,Bristol,-2.59838900,51.45318300,All of United Kingdom,201,https://theatre.ticketmaster.co.uk/book/1J45R-back-to-the-future-the-musical/#perf=1J45R-X&date=2026-11-04&time=7.30PM
1177,17uOv0G6GGelfG9,Back to the Future The Musical,2026-11-04,14:30:00,False,False,Arts & Theatre,Theatre,Musical,False,KovZ9177Y7f,Bristol Hippodrome,St. Augustine's Parade,BS1 4UZ,Bristol,-2.59838900,51.45318300,All of United Kingdom,201,https://theatre.ticketmaster.co.uk/book/1J45R-back-to-the-future-the-musical/#perf=1J45R-W&date=2026-11-04&time=2.30PM
1178,17uOv0G6GGd77fX,Back to the Future The Musical,2026-11-05,19:30:00,False,False,Arts & Theatre,Theatre,Musical,False,KovZ9177Y7f,Bristol Hippodrome,St. Augustine's Parade,BS1 4UZ,Bristol,-2.59838900,51.45318300,All of United Kingdom,201,https://theatre.ticketmaster.co.uk/book/1J45R-back-to-the-future-the-musical/#perf=1J45R-Y&date=2026-11-05&time=7.30PM
1179,17uOv0G6GGd8fbE,Back to the Future The Musical,2026-11-06,19:30:00,False,False,Arts & Theatre,Theatre,Musical,False,KovZ9177Y7f,Bristol Hippodrome,St. Augustine's Parade,BS1 4UZ,Bristol,-2.59838900,51.45318300,All of United Kingdom,201,https://theatre.ticketmaster.co.uk/book/1J45R-back-to-the-future-the-musical/#perf=1J45R-Z&date=2026-11-06&time=7.30PM
1180,17uOv0G6GGdIVLE,Back to the Future The Musical,2026-11-07,19:30:00,False,False,Arts & Theatre,Theatre,Musical,False,KovZ9177Y7f,Bristol Hippodrome,St. Augustine's Parade,BS1 4UZ,Bristol,-2.59838900,51.45318300,All of United Kingdom,201,https://theatre.ticketmaster.co.uk/book/1J45R-back-to-the-future-the-musical/#perf=1J45R-11&date=2026-11-07&time=7.30PM
1181,17uOv0G6GGdj0hS,Back to the Future The Musical,2026-11-07,14:30:00,False,False,Arts & Theatre,Theatre,Musical,False,KovZ9177Y7f,Bristol Hippodrome,St. Augustine's Parade,BS1 4UZ,Bristol,-2.59838900,51.45318300,All of United Kingdom,201,https://theatre.ticketmaster.co.uk/book/1J45R-back-to-the-future-the-musical/#perf=1J45R-10&date=2026-11-07&time=2.30PM
1182,17uOv0G6GGdgf0C,Back to the Future The Musical,2026-11-09,19:30:00,False,False,Arts & Theatre,Theatre,Musical,False,KovZ9177Y7f,Bristol Hippodrome,St. Augustine's Parade,BS1 4UZ,Bristol,-2.59838900,51.45318300,All of United Kingdom,201,https://theatre.ticketmaster.co.uk/book/1J45R-back-to-the-future-the-musical/#perf=1J45R-12&date=2026-11-09&time=7.30PM
1183,17uOv0G6GG7v0JX,Back to the Future The Musical,2026-11-10,19:30:00,False,False,Arts & Theatre,Theatre,Musical,False,KovZ9177Y7f,Bristol Hippodrome,St. Augustine's Parade,BS1 4UZ,Bristol,-2.59838900,51.45318300,All of United Kingdom,201,https://theatre.ticketmaster.co.uk/book/1J45R-back-to-the-future-the-musical/#perf=1J45R-13&date=2026-11-10&time=7.30PM
1184,17uOv0G6GG7Qfmi,Back to the Future The Musical,2026-11-11,19:30:00,False,False,Arts & Theatre,Theatre,Musical,False,KovZ9177Y7f,Bristol Hippodrome,St. Augustine's Parade,BS1 4UZ,Bristol,-2.59838900,51.45318300,All of United Kingdom,201,https://theatre.ticketmaster.co.uk/book/1J45R-back-to-the-future-the-musical/#perf=1J45R-15&date=2026-11-11&time=7.30PM
1185,17uOv0G6GG7uVl7,Back to the Future The Musical,2026-11-11,14:30:00,False,False,Arts & Theatre,Theatre,Musical,False,KovZ9177Y7f,Bristol Hippodrome,St. Augustine's Parade,BS1 4UZ,Bristol,-2.59838900,51.45318300,All of United Kingdom,201,https://theatre.ticketmaster.co.uk/book/1J45R-back-to-the-future-the-musical/#perf=1J45R-14&date=2026-11-11&time=2.30PM
1186,17uOv0G6GG7JVYm,Back to the Future The Musical,2026-11-12,19:30:00,False,False,Arts & Theatre,Theatre,Musical,False,KovZ9177Y7f,Bristol Hippodrome,St. Augustine's Parade,BS1 4UZ,Bristol,-2.59838900,51.45318300,All of United Kingdom,201,https://theatre.ticketmaster.co.uk/book/1J45R-back-to-the-future-the-musical/#perf=1J45R-16&date=2026-11-12&time=7.30PM
1187,17uOv0G6GG7SfVk,Back to the Future The Musical,2026-11-13,19:30:00,False,False,Arts & Theatre,Theatre,Musical,False,KovZ9177Y7f,Bristol Hippodrome,St. Augustine's Parade,BS1 4UZ,Bristol,-2.59838900,51.45318300,All of United Kingdom,201,https://theatre.ticketmaster.co.uk/book/1J45R-back-to-the-future-the-musical/#perf=1J45R-17&date=2026-11-13&time=7.30PM
1188,17uOv0G6GG7T0Mg,Back to the Future The Musical,2026-11-14,14:30:00,False,False,Arts & Theatre,Theatre,Musical,False,KovZ9177Y7f,Bristol Hippodrome,St. Augustine's Parade,BS1 4UZ,Bristol,-2.59838900,51.45318300,All of United Kingdom,201,https://theatre.ticketmaster.co.uk/book/1J45R-back-to-the-future-the-musical/#perf=1J45R-18&date=2026-11-14&time=2.30PM
1189,17uOv0G6GGA5VBE,Back to the Future The Musical,2026-11-14,19:30:00,False,False,Arts & Theatre,Theatre,Musical,False,KovZ9177Y7f,Bristol Hippodrome,St. Augustine's Parade,BS1 4UZ,Bristol,-2.59838900,51.45318300,All of United Kingdom,201,https://theatre.ticketmaster.co.uk/book/1J45R-back-to-the-future-the-musical/#perf=1J45R-19&date=2026-11-14&time=7.30PM
1190,17uOv0G6GGAbfWi,Back to the Future The Musical,2026-11-16,19:30:00,False,False,Arts & Theatre,Theatre,Musical,False,KovZ9177Y7f,Bristol Hippodrome,St. Augustine's Parade,BS1 4UZ,Bristol,-2.59838900,51.45318300,All of United Kingdom,201,https://theatre.ticketmaster.co.uk/book/1J45R-back-to-the-future-the-musical/#perf=1J45R-1A&date=2026-11-16&time=7.30PM
1191,17uOv0G6GGAPAZt,Back to the Future The Musical,2026-11-17,19:30:00,False,False,Arts & Theatre,Theatre,Musical,False,KovZ9177Y7f,Bristol Hippodrome,St. Augustine's Parade,BS1 4UZ,Bristol,-2.59838900,51.45318300,All of United Kingdom,201,https://theatre.ticketmaster.co.uk/book/1J45R-back-to-the-future-the-musical/#perf=1J45R-1B&date=2026-11-17&time=7.30PM
1192,17uOv0G6GGAWgk2,Back to the Future The Musical,2026-11-18,19:30:00,False,False,Arts & Theatre,Theatre,Musical,False,KovZ9177Y7f,Bristol Hippodrome,St. Augustine's Parade,BS1 4UZ,Bristol,-2.59838900,51.45318300,All of United Kingdom,201,https://theatre.ticketmaster.co.uk/book/1J45R-back-to-the-future-the-musical/#perf=1J45R-1D&date=2026-11-18&time=7.30PM
1193,17uOv0G6GGAs4dI,Back to the Future The Musical,2026-11-18,14:30:00,False,False,Arts & Theatre,Theatre,Musical,False,KovZ9177Y7f,Bristol Hippodrome,St. Augustine's Parade,BS1 4UZ,Bristol,-2.59838900,51.45318300,All of United Kingdom,201,https://theatre.ticketmaster.co.uk/book/1J45R-back-to-the-future-the-musical/#perf=1J45R-1C&date=2026-11-18&time=2.30PM
1194,17uOv0G6GGk1AaD,Back to the Future The Musical,2026-11-19,19:30:00,False,False,Arts & Theatre,Theatre,Musical,False,KovZ9177Y7f,Bristol Hippodrome,St. Augustine's Parade,BS1 4UZ,Bristol,-2.59838900,51.45318300,All of United Kingdom,201,https://theatre.ticketmaster.co.uk/book/1J45R-back-to-the-future-the-musical/#perf=1J45R-1E&date=2026-11-19&time=7.30PM
1195,17uOv0G6GGkp4uT,Back to the Future The Musical,2026-11-20,19:30:00,False,False,Arts & Theatre,Theatre,Musical,False,KovZ9177Y7f,Bristol Hippodrome,St. Augustine's Parade,BS1 4UZ,Bristol,-2.59838900,51.45318300,All of United Kingdom,201,https://theatre.ticketmaster.co.uk/book/1J45R-back-to-the-future-the-musical/#perf=1J45R-1F&date=2026-11-20&time=7.30PM
1196,17uOv0G6GGkRApA,Back to the Future The Musical,2026-11-21,19:30:00,False,False,Arts & Theatre,Theatre,Musical,False,KovZ9177Y7f,Bristol Hippodrome,St. Augustine's Parade,BS1 4UZ,Bristol,-2.59838900,51.45318300,All of United Kingdom,201,https://theatre.ticketmaster.co.uk/book/1J45R-back-to-the-future-the-musical/#perf=1J45R-1H&date=2026-11-21&time=7.30PM
1197,17uOv0G6GGkxgoM,Back to the Future The Musical,2026-11-21,14:30:00,False,False,Arts & Theatre,Theatre,Musical,False,KovZ9177Y7f,Bristol Hippodrome,St. Augustine's Parade,BS1 4UZ,Bristol,-2.59838900,51.45318300,All of United Kingdom,201,https://theatre.ticketmaster.co.uk/book/1J45R-back-to-the-future-the-musical/#perf=1J45R-1G&date=2026-11-21&time=2.30PM
1198,17uOv0G6uJYDc4y,Back to the Future The Musical,2026-12-02,19:30:00,False,False,Arts & Theatre,Theatre,Musical,False,KovZ9177mi7,Edinburgh Playhouse,18-22 Greenside Place,EH1 3AA,Edinburgh,-3.18504100,55.95704000,All of United Kingdom,201,https://theatre.ticketmaster.co.uk/book/1J5D0-back-to-the-future-the-musical/#perf=1J5D0-2&date=2026-12-02&time=7.30PM
1199,17uOv0G6uJsaW9N,Back to the Future The Musical,2026-12-03,14:30:00,False,False,Arts & Theatre,Theatre,Musical,False,KovZ9177mi7,Edinburgh Playhouse,18-22 Greenside Place,EH1 3AA,Edinburgh,-3.18504100,55.95704000,All of United Kingdom,201,https://theatre.ticketmaster.co.uk/book/1J5D0-back-to-the-future-the-musical/#perf=1J5D0-3&date=2026-12-03&time=2.30PM
